[     251ms] [ERROR] Failed to load resource: the server responded with a status of 429 (Too Many Requests) @ https://air-quality-api.open-meteo.com/v1/air-quality?latitude=37.3891&longitude=-5.9845&current=pm2_5:0
[     377ms] [ERROR] Failed to load resource: the server responded with a status of 429 (Too Many Requests) @ https://air-quality-api.open-meteo.com/v1/air-quality?latitude=37.3891&longitude=-5.9845&current=pm2_5,pm10,nitrogen_dioxide,ozone:0
[     377ms] [ERROR] Failed to load resource: the server responded with a status of 429 (Too Many Requests) @ https://air-quality-api.open-meteo.com/v1/air-quality?latitude=36.685&longitude=-6.1261&current=pm2_5,pm10,nitrogen_dioxide,ozone:0
[     377ms] [ERROR] Failed to load resource: the server responded with a status of 429 (Too Many Requests) @ https://air-quality-api.open-meteo.com/v1/air-quality?latitude=36.1408&longitude=-5.4562&current=pm2_5,pm10,nitrogen_dioxide,ozone:0
[     377ms] [ERROR] Failed to load resource: the server responded with a status of 429 (Too Many Requests) @ https://air-quality-api.open-meteo.com/v1/air-quality?latitude=37.2829&longitude=-5.9209&current=pm2_5,pm10,nitrogen_dioxide,ozone:0
[     378ms] [ERROR] Failed to load resource: the server responded with a status of 429 (Too Many Requests) @ https://air-quality-api.open-meteo.com/v1/air-quality?latitude=36.7643&longitude=-2.6148&current=pm2_5,pm10,nitrogen_dioxide,ozone:0
[     378ms] [ERROR] Failed to load resource: the server responded with a status of 429 (Too Many Requests) @ https://air-quality-api.open-meteo.com/v1/air-quality?latitude=36.5101&longitude=-4.8824&current=pm2_5,pm10,nitrogen_dioxide,ozone:0
[     378ms] [ERROR] Failed to load resource: the server responded with a status of 429 (Too Many Requests) @ https://air-quality-api.open-meteo.com/v1/air-quality?latitude=36.5939&longitude=-6.233&current=pm2_5,pm10,nitrogen_dioxide,ozone:0
[     378ms] [ERROR] Failed to load resource: the server responded with a status of 429 (Too Many Requests) @ https://air-quality-api.open-meteo.com/v1/air-quality?latitude=36.4665&longitude=-6.1989&current=pm2_5,pm10,nitrogen_dioxide,ozone:0
[     425ms] [ERROR] Failed to load resource: the server responded with a status of 429 (Too Many Requests) @ https://air-quality-api.open-meteo.com/v1/air-quality?latitude=36.4182&longitude=-6.1462&current=pm2_5,pm10,nitrogen_dioxide,ozone:0
[     426ms] [ERROR] Failed to load resource: the server responded with a status of 429 (Too Many Requests) @ https://air-quality-api.open-meteo.com/v1/air-quality?latitude=36.5956&longitude=-4.6367&current=pm2_5,pm10,nitrogen_dioxide,ozone:0
[     426ms] [ERROR] Failed to load resource: the server responded with a status of 429 (Too Many Requests) @ https://air-quality-api.open-meteo.com/v1/air-quality?latitude=36.7828&longitude=-4.1008&current=pm2_5,pm10,nitrogen_dioxide,ozone:0
[     426ms] [ERROR] Failed to load resource: the server responded with a status of 429 (Too Many Requests) @ https://air-quality-api.open-meteo.com/v1/air-quality?latitude=37.3396&longitude=-5.8497&current=pm2_5,pm10,nitrogen_dioxide,ozone:0
[     427ms] [ERROR] Failed to load resource: the server responded with a status of 429 (Too Many Requests) @ https://air-quality-api.open-meteo.com/v1/air-quality?latitude=36.7456&longitude=-3.5173&current=pm2_5,pm10,nitrogen_dioxide,ozone:0
[     427ms] [ERROR] Failed to load resource: the server responded with a status of 429 (Too Many Requests) @ https://air-quality-api.open-meteo.com/v1/air-quality?latitude=36.54&longitude=-4.6247&current=pm2_5,pm10,nitrogen_dioxide,ozone:0
[     485ms] [ERROR] Failed to load resource: the server responded with a status of 429 (Too Many Requests) @ https://air-quality-api.open-meteo.com/v1/air-quality?latitude=40.4819&longitude=-3.3644&current=pm2_5,pm10,nitrogen_dioxide,ozone:0
[     486ms] [ERROR] Failed to load resource: the server responded with a status of 429 (Too Many Requests) @ https://air-quality-api.open-meteo.com/v1/air-quality?latitude=36.4276&longitude=-5.1459&current=pm2_5,pm10,nitrogen_dioxide,ozone:0
[     486ms] [ERROR] Failed to load resource: the server responded with a status of 429 (Too Many Requests) @ https://air-quality-api.open-meteo.com/v1/air-quality?latitude=38.0934&longitude=-3.6358&current=pm2_5,pm10,nitrogen_dioxide,ozone:0
[     486ms] [ERROR] Failed to load resource: the server responded with a status of 429 (Too Many Requests) @ https://air-quality-api.open-meteo.com/v1/air-quality?latitude=40.3275&longitude=-3.7635&current=pm2_5,pm10,nitrogen_dioxide,ozone:0
[     487ms] [ERROR] Failed to load resource: the server responded with a status of 429 (Too Many Requests) @ https://air-quality-api.open-meteo.com/v1/air-quality?latitude=40.3235&longitude=-3.8647&current=pm2_5,pm10,nitrogen_dioxide,ozone:0
[     487ms] [ERROR] Failed to load resource: the server responded with a status of 429 (Too Many Requests) @ https://air-quality-api.open-meteo.com/v1/air-quality?latitude=40.2831&longitude=-3.7946&current=pm2_5,pm10,nitrogen_dioxide,ozone:0
[     628ms] [ERROR] Failed to load resource: the server responded with a status of 429 (Too Many Requests) @ https://air-quality-api.open-meteo.com/v1/air-quality?latitude=40.4578&longitude=-3.4795&current=pm2_5,pm10,nitrogen_dioxide,ozone:0
[     629ms] [ERROR] Failed to load resource: the server responded with a status of 429 (Too Many Requests) @ https://air-quality-api.open-meteo.com/v1/air-quality?latitude=40.3083&longitude=-3.73&current=pm2_5,pm10,nitrogen_dioxide,ozone:0
[     629ms] [ERROR] Failed to load resource: the server responded with a status of 429 (Too Many Requests) @ https://air-quality-api.open-meteo.com/v1/air-quality?latitude=40.3479&longitude=-3.829&current=pm2_5,pm10,nitrogen_dioxide,ozone:0
[     629ms] [ERROR] Failed to load resource: the server responded with a status of 429 (Too Many Requests) @ https://air-quality-api.open-meteo.com/v1/air-quality?latitude=40.5475&longitude=-3.642&current=pm2_5,pm10,nitrogen_dioxide,ozone:0
[     629ms] [ERROR] Failed to load resource: the server responded with a status of 429 (Too Many Requests) @ https://air-quality-api.open-meteo.com/v1/air-quality?latitude=40.2366&longitude=-3.7719&current=pm2_5,pm10,nitrogen_dioxide,ozone:0
[     629ms] [ERROR] Failed to load resource: the server responded with a status of 429 (Too Many Requests) @ https://air-quality-api.open-meteo.com/v1/air-quality?latitude=40.4917&longitude=-3.8741&current=pm2_5,pm10,nitrogen_dioxide,ozone:0
[     699ms] [ERROR] Failed to load resource: the server responded with a status of 429 (Too Many Requests) @ https://air-quality-api.open-meteo.com/v1/air-quality?latitude=40.5534&longitude=-3.6267&current=pm2_5,pm10,nitrogen_dioxide,ozone:0
[     699ms] [ERROR] Failed to load resource: the server responded with a status of 429 (Too Many Requests) @ https://air-quality-api.open-meteo.com/v1/air-quality?latitude=40.4735&longitude=-3.8738&current=pm2_5,pm10,nitrogen_dioxide,ozone:0
[     699ms] [ERROR] Failed to load resource: the server responded with a status of 429 (Too Many Requests) @ https://air-quality-api.open-meteo.com/v1/air-quality?latitude=40.3411&longitude=-3.5255&current=pm2_5,pm10,nitrogen_dioxide,ozone:0
[     700ms] [ERROR] Failed to load resource: the server responded with a status of 429 (Too Many Requests) @ https://air-quality-api.open-meteo.com/v1/air-quality?latitude=41.3596&longitude=2.0997&current=pm2_5,pm10,nitrogen_dioxide,ozone:0
[     700ms] [ERROR] Failed to load resource: the server responded with a status of 429 (Too Many Requests) @ https://air-quality-api.open-meteo.com/v1/air-quality?latitude=40.1894&longitude=-3.6778&current=pm2_5,pm10,nitrogen_dioxide,ozone:0
[     700ms] [ERROR] Failed to load resource: the server responded with a status of 429 (Too Many Requests) @ https://air-quality-api.open-meteo.com/v1/air-quality?latitude=41.5623&longitude=2.0101&current=pm2_5,pm10,nitrogen_dioxide,ozone:0
[     832ms] [ERROR] Failed to load resource: the server responded with a status of 429 (Too Many Requests) @ https://air-quality-api.open-meteo.com/v1/air-quality?latitude=41.6168&longitude=0.6222&current=pm2_5,pm10,nitrogen_dioxide,ozone:0
[     833ms] [ERROR] Failed to load resource: the server responded with a status of 429 (Too Many Requests) @ https://air-quality-api.open-meteo.com/v1/air-quality?latitude=41.45&longitude=2.2474&current=pm2_5,pm10,nitrogen_dioxide,ozone:0
[     833ms] [ERROR] Failed to load resource: the server responded with a status of 429 (Too Many Requests) @ https://air-quality-api.open-meteo.com/v1/air-quality?latitude=41.5381&longitude=2.4445&current=pm2_5,pm10,nitrogen_dioxide,ozone:0
[     833ms] [ERROR] Failed to load resource: the server responded with a status of 429 (Too Many Requests) @ https://air-quality-api.open-meteo.com/v1/air-quality?latitude=41.1189&longitude=1.2445&current=pm2_5,pm10,nitrogen_dioxide,ozone:0
[     833ms] [ERROR] Failed to load resource: the server responded with a status of 429 (Too Many Requests) @ https://air-quality-api.open-meteo.com/v1/air-quality?latitude=41.5433&longitude=2.1094&current=pm2_5,pm10,nitrogen_dioxide,ozone:0
[     834ms] [ERROR] Failed to load resource: the server responded with a status of 429 (Too Many Requests) @ https://air-quality-api.open-meteo.com/v1/air-quality?latitude=41.4515&longitude=2.2081&current=pm2_5,pm10,nitrogen_dioxide,ozone:0
[     935ms] [ERROR] Failed to load resource: the server responded with a status of 429 (Too Many Requests) @ https://air-quality-api.open-meteo.com/v1/air-quality?latitude=41.4721&longitude=2.0864&current=pm2_5,pm10,nitrogen_dioxide,ozone:0
[     936ms] [ERROR] Failed to load resource: the server responded with a status of 429 (Too Many Requests) @ https://air-quality-api.open-meteo.com/v1/air-quality?latitude=41.9794&longitude=2.8214&current=pm2_5,pm10,nitrogen_dioxide,ozone:0
[     936ms] [ERROR] Failed to load resource: the server responded with a status of 429 (Too Many Requests) @ https://air-quality-api.open-meteo.com/v1/air-quality?latitude=41.1559&longitude=1.1065&current=pm2_5,pm10,nitrogen_dioxide,ozone:0
[     936ms] [ERROR] Failed to load resource: the server responded with a status of 429 (Too Many Requests) @ https://air-quality-api.open-meteo.com/v1/air-quality?latitude=41.7247&longitude=1.8267&current=pm2_5,pm10,nitrogen_dioxide,ozone:0
[     936ms] [ERROR] Failed to load resource: the server responded with a status of 429 (Too Many Requests) @ https://air-quality-api.open-meteo.com/v1/air-quality?latitude=41.3574&longitude=2.0706&current=pm2_5,pm10,nitrogen_dioxide,ozone:0
[     936ms] [ERROR] Failed to load resource: the server responded with a status of 429 (Too Many Requests) @ https://air-quality-api.open-meteo.com/v1/air-quality?latitude=41.4933&longitude=2.0326&current=pm2_5,pm10,nitrogen_dioxide,ozone:0
[    1037ms] [ERROR] Failed to load resource: the server responded with a status of 429 (Too Many Requests) @ https://air-quality-api.open-meteo.com/v1/air-quality?latitude=41.2239&longitude=1.7251&current=pm2_5,pm10,nitrogen_dioxide,ozone:0
[    1037ms] [ERROR] Failed to load resource: the server responded with a status of 429 (Too Many Requests) @ https://air-quality-api.open-meteo.com/v1/air-quality?latitude=38.2669&longitude=-0.6984&current=pm2_5,pm10,nitrogen_dioxide,ozone:0
[    1038ms] [ERROR] Failed to load resource: the server responded with a status of 429 (Too Many Requests) @ https://air-quality-api.open-meteo.com/v1/air-quality?latitude=39.4367&longitude=-0.4659&current=pm2_5,pm10,nitrogen_dioxide,ozone:0
[    1038ms] [ERROR] Failed to load resource: the server responded with a status of 429 (Too Many Requests) @ https://air-quality-api.open-meteo.com/v1/air-quality?latitude=38.0847&longitude=-0.9442&current=pm2_5,pm10,nitrogen_dioxide,ozone:0
[    1038ms] [ERROR] Failed to load resource: the server responded with a status of 429 (Too Many Requests) @ https://air-quality-api.open-meteo.com/v1/air-quality?latitude=39.9864&longitude=-0.0513&current=pm2_5,pm10,nitrogen_dioxide,ozone:0
[    1038ms] [ERROR] Failed to load resource: the server responded with a status of 429 (Too Many Requests) @ https://air-quality-api.open-meteo.com/v1/air-quality?latitude=37.9787&longitude=-0.6822&current=pm2_5,pm10,nitrogen_dioxide,ozone:0
[    1141ms] [ERROR] Failed to load resource: the server responded with a status of 429 (Too Many Requests) @ https://air-quality-api.open-meteo.com/v1/air-quality?latitude=38.9667&longitude=-0.1833&current=pm2_5,pm10,nitrogen_dioxide,ozone:0
[    1142ms] [ERROR] Failed to load resource: the server responded with a status of 429 (Too Many Requests) @ https://air-quality-api.open-meteo.com/v1/air-quality?latitude=38.5411&longitude=-0.1225&current=pm2_5,pm10,nitrogen_dioxide,ozone:0
[    1142ms] [ERROR] Failed to load resource: the server responded with a status of 429 (Too Many Requests) @ https://air-quality-api.open-meteo.com/v1/air-quality?latitude=39.6799&longitude=-0.2785&current=pm2_5,pm10,nitrogen_dioxide,ozone:0
[    1142ms] [ERROR] Failed to load resource: the server responded with a status of 429 (Too Many Requests) @ https://air-quality-api.open-meteo.com/v1/air-quality?latitude=38.6983&longitude=-0.4736&current=pm2_5,pm10,nitrogen_dioxide,ozone:0
[    1143ms] [ERROR] Failed to load resource: the server responded with a status of 429 (Too Many Requests) @ https://air-quality-api.open-meteo.com/v1/air-quality?latitude=39.5011&longitude=-0.4418&current=pm2_5,pm10,nitrogen_dioxide,ozone:0
[    1143ms] [ERROR] Failed to load resource: the server responded with a status of 429 (Too Many Requests) @ https://air-quality-api.open-meteo.com/v1/air-quality?latitude=38.48&longitude=-0.7951&current=pm2_5,pm10,nitrogen_dioxide,ozone:0
[    1245ms] [ERROR] Failed to load resource: the server responded with a status of 429 (Too Many Requests) @ https://air-quality-api.open-meteo.com/v1/air-quality?latitude=39.9378&longitude=-0.1017&current=pm2_5,pm10,nitrogen_dioxide,ozone:0
[    1245ms] [ERROR] Failed to load resource: the server responded with a status of 429 (Too Many Requests) @ https://air-quality-api.open-meteo.com/v1/air-quality?latitude=43.0121&longitude=-7.5558&current=pm2_5,pm10,nitrogen_dioxide,ozone:0
[    1245ms] [ERROR] Failed to load resource: the server responded with a status of 429 (Too Many Requests) @ https://air-quality-api.open-meteo.com/v1/air-quality?latitude=42.8782&longitude=-8.5448&current=pm2_5,pm10,nitrogen_dioxide,ozone:0
[    1245ms] [ERROR] Failed to load resource: the server responded with a status of 429 (Too Many Requests) @ https://air-quality-api.open-meteo.com/v1/air-quality?latitude=42.431&longitude=-8.6444&current=pm2_5,pm10,nitrogen_dioxide,ozone:0
[    1245ms] [ERROR] Failed to load resource: the server responded with a status of 429 (Too Many Requests) @ https://air-quality-api.open-meteo.com/v1/air-quality?latitude=42.3367&longitude=-7.8641&current=pm2_5,pm10,nitrogen_dioxide,ozone:0
[    1246ms] [ERROR] Failed to load resource: the server responded with a status of 429 (Too Many Requests) @ https://air-quality-api.open-meteo.com/v1/air-quality?latitude=43.4832&longitude=-8.2369&current=pm2_5,pm10,nitrogen_dioxide,ozone:0
[    1346ms] [ERROR] Failed to load resource: the server responded with a status of 429 (Too Many Requests) @ https://air-quality-api.open-meteo.com/v1/air-quality?latitude=43.3197&longitude=-3.0186&current=pm2_5,pm10,nitrogen_dioxide,ozone:0
[    1346ms] [ERROR] Failed to load resource: the server responded with a status of 429 (Too Many Requests) @ https://air-quality-api.open-meteo.com/v1/air-quality?latitude=43.339&longitude=-1.7894&current=pm2_5,pm10,nitrogen_dioxide,ozone:0
[    1347ms] [ERROR] Failed to load resource: the server responded with a status of 429 (Too Many Requests) @ https://air-quality-api.open-meteo.com/v1/air-quality?latitude=43.2971&longitude=-2.9861&current=pm2_5,pm10,nitrogen_dioxide,ozone:0
[    1347ms] [ERROR] Failed to load resource: the server responded with a status of 429 (Too Many Requests) @ https://air-quality-api.open-meteo.com/v1/air-quality?latitude=43.3444&longitude=-3.0039&current=pm2_5,pm10,nitrogen_dioxide,ozone:0
[    1347ms] [ERROR] Failed to load resource: the server responded with a status of 429 (Too Many Requests) @ https://air-quality-api.open-meteo.com/v1/air-quality?latitude=42.8467&longitude=-2.6716&current=pm2_5,pm10,nitrogen_dioxide,ozone:0
[    1347ms] [ERROR] Failed to load resource: the server responded with a status of 429 (Too Many Requests) @ https://air-quality-api.open-meteo.com/v1/air-quality?latitude=42.5975&longitude=-8.764&current=pm2_5,pm10,nitrogen_dioxide,ozone:0
[    1448ms] [ERROR] Failed to load resource: the server responded with a status of 429 (Too Many Requests) @ https://air-quality-api.open-meteo.com/v1/air-quality?latitude=27.9126&longitude=-15.5411&current=pm2_5,pm10,nitrogen_dioxide,ozone:0
[    1448ms] [ERROR] Failed to load resource: the server responded with a status of 429 (Too Many Requests) @ https://air-quality-api.open-meteo.com/v1/air-quality?latitude=28.9626&longitude=-13.5515&current=pm2_5,pm10,nitrogen_dioxide,ozone:0
[    1448ms] [ERROR] Failed to load resource: the server responded with a status of 429 (Too Many Requests) @ https://air-quality-api.open-meteo.com/v1/air-quality?latitude=28.0997&longitude=-16.6775&current=pm2_5,pm10,nitrogen_dioxide,ozone:0
[    1449ms] [ERROR] Failed to load resource: the server responded with a status of 429 (Too Many Requests) @ https://air-quality-api.open-meteo.com/v1/air-quality?latitude=27.9248&longitude=-15.5732&current=pm2_5,pm10,nitrogen_dioxide,ozone:0
[    1449ms] [ERROR] Failed to load resource: the server responded with a status of 429 (Too Many Requests) @ https://air-quality-api.open-meteo.com/v1/air-quality?latitude=27.9942&longitude=-15.4172&current=pm2_5,pm10,nitrogen_dioxide,ozone:0
[    1449ms] [ERROR] Failed to load resource: the server responded with a status of 429 (Too Many Requests) @ https://air-quality-api.open-meteo.com/v1/air-quality?latitude=28.4872&longitude=-16.3135&current=pm2_5,pm10,nitrogen_dioxide,ozone:0
[    1550ms] [ERROR] Failed to load resource: the server responded with a status of 429 (Too Many Requests) @ https://air-quality-api.open-meteo.com/v1/air-quality?latitude=42.3439&longitude=-3.6969&current=pm2_5,pm10,nitrogen_dioxide,ozone:0
[    1550ms] [ERROR] Failed to load resource: the server responded with a status of 429 (Too Many Requests) @ https://air-quality-api.open-meteo.com/v1/air-quality?latitude=40.9701&longitude=-5.6635&current=pm2_5,pm10,nitrogen_dioxide,ozone:0
[    1550ms] [ERROR] Failed to load resource: the server responded with a status of 429 (Too Many Requests) @ https://air-quality-api.open-meteo.com/v1/air-quality?latitude=42.0095&longitude=-4.5241&current=pm2_5,pm10,nitrogen_dioxide,ozone:0
[    1550ms] [ERROR] Failed to load resource: the server responded with a status of 429 (Too Many Requests) @ https://air-quality-api.open-meteo.com/v1/air-quality?latitude=42.5987&longitude=-5.5671&current=pm2_5,pm10,nitrogen_dioxide,ozone:0
[    1551ms] [ERROR] Failed to load resource: the server responded with a status of 429 (Too Many Requests) @ https://air-quality-api.open-meteo.com/v1/air-quality?latitude=42.5466&longitude=-6.5962&current=pm2_5,pm10,nitrogen_dioxide,ozone:0
[    1551ms] [ERROR] Failed to load resource: the server responded with a status of 429 (Too Many Requests) @ https://air-quality-api.open-meteo.com/v1/air-quality?latitude=41.5034&longitude=-5.7462&current=pm2_5,pm10,nitrogen_dioxide,ozone:0
[    1597ms] [ERROR] Failed to load resource: the server responded with a status of 429 (Too Many Requests) @ https://air-quality-api.open-meteo.com/v1/air-quality?latitude=40.9429&longitude=-4.1088&current=pm2_5,pm10,nitrogen_dioxide,ozone:0
[    1597ms] [ERROR] Failed to load resource: the server responded with a status of 429 (Too Many Requests) @ https://air-quality-api.open-meteo.com/v1/air-quality?latitude=40.6559&longitude=-4.6977&current=pm2_5,pm10,nitrogen_dioxide,ozone:0
[    1597ms] [ERROR] Failed to load resource: the server responded with a status of 429 (Too Many Requests) @ https://air-quality-api.open-meteo.com/v1/air-quality?latitude=41.764&longitude=-2.4688&current=pm2_5,pm10,nitrogen_dioxide,ozone:0
[    1598ms] [ERROR] Failed to load resource: the server responded with a status of 429 (Too Many Requests) @ https://air-quality-api.open-meteo.com/v1/air-quality?latitude=38.9942&longitude=-1.8585&current=pm2_5,pm10,nitrogen_dioxide,ozone:0
[    1598ms] [ERROR] Failed to load resource: the server responded with a status of 429 (Too Many Requests) @ https://air-quality-api.open-meteo.com/v1/air-quality?latitude=40.6333&longitude=-3.1667&current=pm2_5,pm10,nitrogen_dioxide,ozone:0
[    1601ms] [ERROR] Failed to load resource: the server responded with a status of 429 (Too Many Requests) @ https://air-quality-api.open-meteo.com/v1/air-quality?latitude=38.9848&longitude=-3.9274&current=pm2_5,pm10,nitrogen_dioxide,ozone:0
[    1653ms] [ERROR] Failed to load resource: the server responded with a status of 429 (Too Many Requests) @ https://air-quality-api.open-meteo.com/v1/air-quality?latitude=40.0704&longitude=-2.1374&current=pm2_5,pm10,nitrogen_dioxide,ozone:0
[    1654ms] [ERROR] Failed to load resource: the server responded with a status of 429 (Too Many Requests) @ https://air-quality-api.open-meteo.com/v1/air-quality?latitude=39.9602&longitude=-3.834&current=pm2_5,pm10,nitrogen_dioxide,ozone:0
[    1654ms] [ERROR] Failed to load resource: the server responded with a status of 429 (Too Many Requests) @ https://air-quality-api.open-meteo.com/v1/air-quality?latitude=38.055&longitude=-1.2132&current=pm2_5,pm10,nitrogen_dioxide,ozone:0
[    1655ms] [ERROR] Failed to load resource: the server responded with a status of 429 (Too Many Requests) @ https://air-quality-api.open-meteo.com/v1/air-quality?latitude=37.6712&longitude=-1.6983&current=pm2_5,pm10,nitrogen_dioxide,ozone:0
[    1655ms] [ERROR] Failed to load resource: the server responded with a status of 429 (Too Many Requests) @ https://air-quality-api.open-meteo.com/v1/air-quality?latitude=37.6051&longitude=-0.9862&current=pm2_5,pm10,nitrogen_dioxide,ozone:0
[    1655ms] [ERROR] Failed to load resource: the server responded with a status of 429 (Too Many Requests) @ https://air-quality-api.open-meteo.com/v1/air-quality?latitude=37.9719&longitude=-1.2091&current=pm2_5,pm10,nitrogen_dioxide,ozone:0
[    1754ms] [ERROR] Failed to load resource: the server responded with a status of 429 (Too Many Requests) @ https://air-quality-api.open-meteo.com/v1/air-quality?latitude=39.4753&longitude=-6.3724&current=pm2_5,pm10,nitrogen_dioxide,ozone:0
[    1755ms] [ERROR] Failed to load resource: the server responded with a status of 429 (Too Many Requests) @ https://air-quality-api.open-meteo.com/v1/air-quality?latitude=38.9161&longitude=-6.3437&current=pm2_5,pm10,nitrogen_dioxide,ozone:0
[    1755ms] [ERROR] Failed to load resource: the server responded with a status of 429 (Too Many Requests) @ https://air-quality-api.open-meteo.com/v1/air-quality?latitude=43.5566&longitude=-5.9248&current=pm2_5,pm10,nitrogen_dioxide,ozone:0
[    1755ms] [ERROR] Failed to load resource: the server responded with a status of 429 (Too Many Requests) @ https://air-quality-api.open-meteo.com/v1/air-quality?latitude=43.3619&longitude=-5.8494&current=pm2_5,pm10,nitrogen_dioxide,ozone:0
[    1756ms] [ERROR] Failed to load resource: the server responded with a status of 429 (Too Many Requests) @ https://air-quality-api.open-meteo.com/v1/air-quality?latitude=40.0294&longitude=-6.089&current=pm2_5,pm10,nitrogen_dioxide,ozone:0
[    1756ms] [ERROR] Failed to load resource: the server responded with a status of 429 (Too Many Requests) @ https://air-quality-api.open-meteo.com/v1/air-quality?latitude=43.3516&longitude=-4.0487&current=pm2_5,pm10,nitrogen_dioxide,ozone:0
[    1857ms] [ERROR] Failed to load resource: the server responded with a status of 429 (Too Many Requests) @ https://air-quality-api.open-meteo.com/v1/air-quality?latitude=42.1362&longitude=-0.4087&current=pm2_5,pm10,nitrogen_dioxide,ozone:0
[    1858ms] [ERROR] Failed to load resource: the server responded with a status of 429 (Too Many Requests) @ https://air-quality-api.open-meteo.com/v1/air-quality?latitude=40.3456&longitude=-1.1065&current=pm2_5,pm10,nitrogen_dioxide,ozone:0
[    1859ms] [ERROR] Failed to load resource: the server responded with a status of 429 (Too Many Requests) @ https://air-quality-api.open-meteo.com/v1/air-quality?latitude=42.4627&longitude=-2.445&current=pm2_5,pm10,nitrogen_dioxide,ozone:0
[    1860ms] [ERROR] Failed to load resource: the server responded with a status of 429 (Too Many Requests) @ https://air-quality-api.open-meteo.com/v1/air-quality?latitude=40.4168&longitude=-3.7038&current=pm2_5,pm10,nitrogen_dioxide,ozone:0
[    1860ms] [ERROR] Failed to load resource: the server responded with a status of 429 (Too Many Requests) @ https://air-quality-api.open-meteo.com/v1/air-quality?latitude=37.1815&longitude=-5.7801&current=pm2_5,pm10,nitrogen_dioxide,ozone:0
[    1861ms] [ERROR] Failed to load resource: the server responded with a status of 429 (Too Many Requests) @ https://air-quality-api.open-meteo.com/v1/air-quality?latitude=36.7781&longitude=-6.3533&current=pm2_5,pm10,nitrogen_dioxide,ozone:0
[    1956ms] [ERROR] Failed to load resource: the server responded with a status of 429 (Too Many Requests) @ https://air-quality-api.open-meteo.com/v1/air-quality?latitude=37.4079&longitude=-4.4842&current=pm2_5,pm10,nitrogen_dioxide,ozone:0
[    1956ms] [ERROR] Failed to load resource: the server responded with a status of 429 (Too Many Requests) @ https://air-quality-api.open-meteo.com/v1/air-quality?latitude=37.0194&longitude=-4.5612&current=pm2_5,pm10,nitrogen_dioxide,ozone:0
[    1957ms] [ERROR] Failed to load resource: the server responded with a status of 429 (Too Many Requests) @ https://air-quality-api.open-meteo.com/v1/air-quality?latitude=41.3533&longitude=-1.6432&current=pm2_5,pm10,nitrogen_dioxide,ozone:0
[    1957ms] [ERROR] Failed to load resource: the server responded with a status of 429 (Too Many Requests) @ https://air-quality-api.open-meteo.com/v1/air-quality?latitude=41.9111&longitude=0.1942&current=pm2_5,pm10,nitrogen_dioxide,ozone:0
[    1958ms] [ERROR] Failed to load resource: the server responded with a status of 429 (Too Many Requests) @ https://air-quality-api.open-meteo.com/v1/air-quality?latitude=41.7144&longitude=-0.9942&current=pm2_5,pm10,nitrogen_dioxide,ozone:0
[    1958ms] [ERROR] Failed to load resource: the server responded with a status of 429 (Too Many Requests) @ https://air-quality-api.open-meteo.com/v1/air-quality?latitude=42.0356&longitude=0.1269&current=pm2_5,pm10,nitrogen_dioxide,ozone:0
[    2063ms] [ERROR] Failed to load resource: the server responded with a status of 429 (Too Many Requests) @ https://air-quality-api.open-meteo.com/v1/air-quality?latitude=41.0506&longitude=-0.1328&current=pm2_5,pm10,nitrogen_dioxide,ozone:0
[    2063ms] [ERROR] Failed to load resource: the server responded with a status of 429 (Too Many Requests) @ https://air-quality-api.open-meteo.com/v1/air-quality?latitude=42.569&longitude=-0.5499&current=pm2_5,pm10,nitrogen_dioxide,ozone:0
[    2064ms] [ERROR] Failed to load resource: the server responded with a status of 429 (Too Many Requests) @ https://air-quality-api.open-meteo.com/v1/air-quality?latitude=41.9022&longitude=-1.7258&current=pm2_5,pm10,nitrogen_dioxide,ozone:0
[    2064ms] [ERROR] Failed to load resource: the server responded with a status of 429 (Too Many Requests) @ https://air-quality-api.open-meteo.com/v1/air-quality?latitude=41.5218&longitude=0.3475&current=pm2_5,pm10,nitrogen_dioxide,ozone:0
[    2065ms] [ERROR] Failed to load resource: the server responded with a status of 429 (Too Many Requests) @ https://air-quality-api.open-meteo.com/v1/air-quality?latitude=42.1278&longitude=-1.1353&current=pm2_5,pm10,nitrogen_dioxide,ozone:0
[    2065ms] [ERROR] Failed to load resource: the server responded with a status of 429 (Too Many Requests) @ https://air-quality-api.open-meteo.com/v1/air-quality?latitude=42.5186&longitude=-0.3644&current=pm2_5,pm10,nitrogen_dioxide,ozone:0
[    2165ms] [ERROR] Failed to load resource: the server responded with a status of 429 (Too Many Requests) @ https://air-quality-api.open-meteo.com/v1/air-quality?latitude=38.9542&longitude=-5.8611&current=pm2_5,pm10,nitrogen_dioxide,ozone:0
[    2166ms] [ERROR] Failed to load resource: the server responded with a status of 429 (Too Many Requests) @ https://air-quality-api.open-meteo.com/v1/air-quality?latitude=38.9744&longitude=-5.8&current=pm2_5,pm10,nitrogen_dioxide,ozone:0
[    2166ms] [ERROR] Failed to load resource: the server responded with a status of 429 (Too Many Requests) @ https://air-quality-api.open-meteo.com/v1/air-quality?latitude=38.6833&longitude=-6.4083&current=pm2_5,pm10,nitrogen_dioxide,ozone:0
[    2166ms] [ERROR] Failed to load resource: the server responded with a status of 429 (Too Many Requests) @ https://air-quality-api.open-meteo.com/v1/air-quality?latitude=38.4258&longitude=-6.4194&current=pm2_5,pm10,nitrogen_dioxide,ozone:0
[    2166ms] [ERROR] Failed to load resource: the server responded with a status of 429 (Too Many Requests) @ https://air-quality-api.open-meteo.com/v1/air-quality?latitude=39.8917&longitude=-5.5417&current=pm2_5,pm10,nitrogen_dioxide,ozone:0
[    2167ms] [ERROR] Failed to load resource: the server responded with a status of 429 (Too Many Requests) @ https://air-quality-api.open-meteo.com/v1/air-quality?latitude=39.9822&longitude=-6.5369&current=pm2_5,pm10,nitrogen_dioxide,ozone:0
[    2209ms] [ERROR] Failed to load resource: the server responded with a status of 429 (Too Many Requests) @ https://air-quality-api.open-meteo.com/v1/air-quality?latitude=39.1517&longitude=-5.9083&current=pm2_5,pm10,nitrogen_dioxide,ozone:0
[    2210ms] [ERROR] Failed to load resource: the server responded with a status of 429 (Too Many Requests) @ https://air-quality-api.open-meteo.com/v1/air-quality?latitude=38.6853&longitude=-7.1006&current=pm2_5,pm10,nitrogen_dioxide,ozone:0
[    2214ms] [ERROR] Failed to load resource: the server responded with a status of 429 (Too Many Requests) @ https://air-quality-api.open-meteo.com/v1/air-quality?latitude=38.3194&longitude=-6.7725&current=pm2_5,pm10,nitrogen_dioxide,ozone:0
[    2215ms] [ERROR] Failed to load resource: the server responded with a status of 429 (Too Many Requests) @ https://air-quality-api.open-meteo.com/v1/air-quality?latitude=38.0392&longitude=-4.0506&current=pm2_5,pm10,nitrogen_dioxide,ozone:0
[    2215ms] [ERROR] Failed to load resource: the server responded with a status of 429 (Too Many Requests) @ https://air-quality-api.open-meteo.com/v1/air-quality?latitude=39.4589&longitude=-5.8814&current=pm2_5,pm10,nitrogen_dioxide,ozone:0
[    2218ms] [ERROR] Failed to load resource: the server responded with a status of 429 (Too Many Requests) @ https://air-quality-api.open-meteo.com/v1/air-quality?latitude=38.095&longitude=-3.7761&current=pm2_5,pm10,nitrogen_dioxide,ozone:0
[    2251ms] [ERROR] Failed to load resource: the server responded with a status of 429 (Too Many Requests) @ https://air-quality-api.open-meteo.com/v1/air-quality?latitude=38.3789&longitude=-4.8469&current=pm2_5,pm10,nitrogen_dioxide,ozone:0
[    2255ms] [ERROR] Failed to load resource: the server responded with a status of 429 (Too Many Requests) @ https://air-quality-api.open-meteo.com/v1/air-quality?latitude=38.2981&longitude=-5.2717&current=pm2_5,pm10,nitrogen_dioxide,ozone:0
[    2255ms] [ERROR] Failed to load resource: the server responded with a status of 429 (Too Many Requests) @ https://air-quality-api.open-meteo.com/v1/air-quality?latitude=37.5878&longitude=-4.6397&current=pm2_5,pm10,nitrogen_dioxide,ozone:0
[    2256ms] [ERROR] Failed to load resource: the server responded with a status of 429 (Too Many Requests) @ https://air-quality-api.open-meteo.com/v1/air-quality?latitude=37.4389&longitude=-4.1956&current=pm2_5,pm10,nitrogen_dioxide,ozone:0
[    2257ms] [ERROR] Failed to load resource: the server responded with a status of 429 (Too Many Requests) @ https://air-quality-api.open-meteo.com/v1/air-quality?latitude=37.4725&longitude=-5.6386&current=pm2_5,pm10,nitrogen_dioxide,ozone:0
[    2267ms] [ERROR] Failed to load resource: the server responded with a status of 429 (Too Many Requests) @ https://air-quality-api.open-meteo.com/v1/air-quality?latitude=37.6567&longitude=-5.5269&current=pm2_5,pm10,nitrogen_dioxide,ozone:0
[    2369ms] [ERROR] Failed to load resource: the server responded with a status of 429 (Too Many Requests) @ https://air-quality-api.open-meteo.com/v1/air-quality?latitude=37.9308&longitude=-5.7611&current=pm2_5,pm10,nitrogen_dioxide,ozone:0
[    2370ms] [ERROR] Failed to load resource: the server responded with a status of 429 (Too Many Requests) @ https://air-quality-api.open-meteo.com/v1/air-quality?latitude=37.8911&longitude=-6.5606&current=pm2_5,pm10,nitrogen_dioxide,ozone:0
[    2370ms] [ERROR] Failed to load resource: the server responded with a status of 429 (Too Many Requests) @ https://air-quality-api.open-meteo.com/v1/air-quality?latitude=37.9089&longitude=-6.8222&current=pm2_5,pm10,nitrogen_dioxide,ozone:0
[    2370ms] [ERROR] Failed to load resource: the server responded with a status of 429 (Too Many Requests) @ https://air-quality-api.open-meteo.com/v1/air-quality?latitude=37.6158&longitude=-4.3253&current=pm2_5,pm10,nitrogen_dioxide,ozone:0
[    2371ms] [ERROR] Failed to load resource: the server responded with a status of 429 (Too Many Requests) @ https://air-quality-api.open-meteo.com/v1/air-quality?latitude=37.4619&longitude=-3.9231&current=pm2_5,pm10,nitrogen_dioxide,ozone:0
[    2371ms] [ERROR] Failed to load resource: the server responded with a status of 429 (Too Many Requests) @ https://air-quality-api.open-meteo.com/v1/air-quality?latitude=37.7214&longitude=-3.9667&current=pm2_5,pm10,nitrogen_dioxide,ozone:0
[    2472ms] [ERROR] Failed to load resource: the server responded with a status of 429 (Too Many Requests) @ https://air-quality-api.open-meteo.com/v1/air-quality?latitude=37.8744&longitude=-5.62&current=pm2_5,pm10,nitrogen_dioxide,ozone:0
[    2472ms] [ERROR] Failed to load resource: the server responded with a status of 429 (Too Many Requests) @ https://air-quality-api.open-meteo.com/v1/air-quality?latitude=42.0617&longitude=-1.6044&current=pm2_5,pm10,nitrogen_dioxide,ozone:0
[    2473ms] [ERROR] Failed to load resource: the server responded with a status of 429 (Too Many Requests) @ https://air-quality-api.open-meteo.com/v1/air-quality?latitude=42.805&longitude=-1.6781&current=pm2_5,pm10,nitrogen_dioxide,ozone:0
[    2473ms] [ERROR] Failed to load resource: the server responded with a status of 429 (Too Many Requests) @ https://air-quality-api.open-meteo.com/v1/air-quality?latitude=42.8258&longitude=-1.6144&current=pm2_5,pm10,nitrogen_dioxide,ozone:0
[    2473ms] [ERROR] Failed to load resource: the server responded with a status of 429 (Too Many Requests) @ https://air-quality-api.open-meteo.com/v1/air-quality?latitude=42.305&longitude=-1.9647&current=pm2_5,pm10,nitrogen_dioxide,ozone:0
[    2473ms] [ERROR] Failed to load resource: the server responded with a status of 429 (Too Many Requests) @ https://air-quality-api.open-meteo.com/v1/air-quality?latitude=42.2275&longitude=-2.1&current=pm2_5,pm10,nitrogen_dioxide,ozone:0
[    2575ms] [ERROR] Failed to load resource: the server responded with a status of 429 (Too Many Requests) @ https://air-quality-api.open-meteo.com/v1/air-quality?latitude=42.5769&longitude=-2.8461&current=pm2_5,pm10,nitrogen_dioxide,ozone:0
[    2575ms] [ERROR] Failed to load resource: the server responded with a status of 429 (Too Many Requests) @ https://air-quality-api.open-meteo.com/v1/air-quality?latitude=42.455&longitude=-6.0536&current=pm2_5,pm10,nitrogen_dioxide,ozone:0
[    2578ms] [ERROR] Failed to load resource: the server responded with a status of 429 (Too Many Requests) @ https://air-quality-api.open-meteo.com/v1/air-quality?latitude=40.3853&longitude=-5.7631&current=pm2_5,pm10,nitrogen_dioxide,ozone:0
[    2579ms] [ERROR] Failed to load resource: the server responded with a status of 429 (Too Many Requests) @ https://air-quality-api.open-meteo.com/v1/air-quality?latitude=40.5978&longitude=-6.5333&current=pm2_5,pm10,nitrogen_dioxide,ozone:0
[    2580ms] [ERROR] Failed to load resource: the server responded with a status of 429 (Too Many Requests) @ https://air-quality-api.open-meteo.com/v1/air-quality?latitude=41.5008&longitude=-5.0006&current=pm2_5,pm10,nitrogen_dioxide,ozone:0
[    2580ms] [ERROR] Failed to load resource: the server responded with a status of 429 (Too Many Requests) @ https://air-quality-api.open-meteo.com/v1/air-quality?latitude=41.5833&longitude=-4.7214&current=pm2_5,pm10,nitrogen_dioxide,ozone:0
[    2677ms] [ERROR] Failed to load resource: the server responded with a status of 429 (Too Many Requests) @ https://air-quality-api.open-meteo.com/v1/air-quality?latitude=42.6108&longitude=-5.6186&current=pm2_5,pm10,nitrogen_dioxide,ozone:0
[    2678ms] [ERROR] Failed to load resource: the server responded with a status of 429 (Too Many Requests) @ https://air-quality-api.open-meteo.com/v1/air-quality?latitude=42.6167&longitude=-6.4167&current=pm2_5,pm10,nitrogen_dioxide,ozone:0
[    2678ms] [ERROR] Failed to load resource: the server responded with a status of 429 (Too Many Requests) @ https://air-quality-api.open-meteo.com/v1/air-quality?latitude=41.4011&longitude=-4.32&current=pm2_5,pm10,nitrogen_dioxide,ozone:0
[    2679ms] [ERROR] Failed to load resource: the server responded with a status of 429 (Too Many Requests) @ https://air-quality-api.open-meteo.com/v1/air-quality?latitude=40.2081&longitude=-5.0911&current=pm2_5,pm10,nitrogen_dioxide,ozone:0
[    2680ms] [ERROR] Failed to load resource: the server responded with a status of 429 (Too Many Requests) @ https://air-quality-api.open-meteo.com/v1/air-quality?latitude=41.5217&longitude=-5.3942&current=pm2_5,pm10,nitrogen_dioxide,ozone:0
[    2680ms] [ERROR] Failed to load resource: the server responded with a status of 429 (Too Many Requests) @ https://air-quality-api.open-meteo.com/v1/air-quality?latitude=43.6625&longitude=-7.5956&current=pm2_5,pm10,nitrogen_dioxide,ozone:0
[    2781ms] [ERROR] Failed to load resource: the server responded with a status of 429 (Too Many Requests) @ https://air-quality-api.open-meteo.com/v1/air-quality?latitude=43.5358&longitude=-7.0397&current=pm2_5,pm10,nitrogen_dioxide,ozone:0
[    2782ms] [ERROR] Failed to load resource: the server responded with a status of 429 (Too Many Requests) @ https://air-quality-api.open-meteo.com/v1/air-quality?latitude=43.4117&longitude=-3.4144&current=pm2_5,pm10,nitrogen_dioxide,ozone:0
[    2782ms] [ERROR] Failed to load resource: the server responded with a status of 429 (Too Many Requests) @ https://air-quality-api.open-meteo.com/v1/air-quality?latitude=37.5401&longitude=-5.0768&current=pm2_5,pm10,nitrogen_dioxide,ozone:0
[    2782ms] [ERROR] Failed to load resource: the server responded with a status of 429 (Too Many Requests) @ https://air-quality-api.open-meteo.com/v1/air-quality?latitude=43.4439&longitude=-3.4578&current=pm2_5,pm10,nitrogen_dioxide,ozone:0
[    2783ms] [ERROR] Failed to load resource: the server responded with a status of 429 (Too Many Requests) @ https://air-quality-api.open-meteo.com/v1/air-quality?latitude=36.7423&longitude=-5.1611&current=pm2_5,pm10,nitrogen_dioxide,ozone:0
[    2783ms] [ERROR] Failed to load resource: the server responded with a status of 429 (Too Many Requests) @ https://air-quality-api.open-meteo.com/v1/air-quality?latitude=38.0123&longitude=-3.3713&current=pm2_5,pm10,nitrogen_dioxide,ozone:0
[    2882ms] [ERROR] Failed to load resource: the server responded with a status of 429 (Too Many Requests) @ https://air-quality-api.open-meteo.com/v1/air-quality?latitude=40.0306&longitude=-3.6028&current=pm2_5,pm10,nitrogen_dioxide,ozone:0
[    2883ms] [ERROR] Failed to load resource: the server responded with a status of 429 (Too Many Requests) @ https://air-quality-api.open-meteo.com/v1/air-quality?latitude=37.2302&longitude=-3.6575&current=pm2_5,pm10,nitrogen_dioxide,ozone:0
[    2883ms] [ERROR] Failed to load resource: the server responded with a status of 429 (Too Many Requests) @ https://air-quality-api.open-meteo.com/v1/air-quality?latitude=37.3895&longitude=-2.1481&current=pm2_5,pm10,nitrogen_dioxide,ozone:0
[    2884ms] [ERROR] Failed to load resource: the server responded with a status of 429 (Too Many Requests) @ https://air-quality-api.open-meteo.com/v1/air-quality?latitude=37.5181&longitude=-4.6565&current=pm2_5,pm10,nitrogen_dioxide,ozone:0
[    2884ms] [ERROR] Failed to load resource: the server responded with a status of 429 (Too Many Requests) @ https://air-quality-api.open-meteo.com/v1/air-quality?latitude=36.7119&longitude=-4.6301&current=pm2_5,pm10,nitrogen_dioxide,ozone:0
[    2884ms] [ERROR] Failed to load resource: the server responded with a status of 429 (Too Many Requests) @ https://air-quality-api.open-meteo.com/v1/air-quality?latitude=36.6593&longitude=-4.7568&current=pm2_5,pm10,nitrogen_dioxide,ozone:0
[    2985ms] [ERROR] Failed to load resource: the server responded with a status of 429 (Too Many Requests) @ https://air-quality-api.open-meteo.com/v1/air-quality?latitude=40.1265&longitude=-3.8471&current=pm2_5,pm10,nitrogen_dioxide,ozone:0
[    2985ms] [ERROR] Failed to load resource: the server responded with a status of 429 (Too Many Requests) @ https://air-quality-api.open-meteo.com/v1/air-quality?latitude=37.3916&longitude=-1.9442&current=pm2_5,pm10,nitrogen_dioxide,ozone:0
[    2985ms] [ERROR] Failed to load resource: the server responded with a status of 429 (Too Many Requests) @ https://air-quality-api.open-meteo.com/v1/air-quality?latitude=37.4892&longitude=-2.7745&current=pm2_5,pm10,nitrogen_dioxide,ozone:0
[    2985ms] [ERROR] Failed to load resource: the server responded with a status of 429 (Too Many Requests) @ https://air-quality-api.open-meteo.com/v1/air-quality?latitude=40.0076&longitude=-3.0074&current=pm2_5,pm10,nitrogen_dioxide,ozone:0
[    2986ms] [ERROR] Failed to load resource: the server responded with a status of 429 (Too Many Requests) @ https://air-quality-api.open-meteo.com/v1/air-quality?latitude=40.1042&longitude=-3.6963&current=pm2_5,pm10,nitrogen_dioxide,ozone:0
[    2986ms] [ERROR] Failed to load resource: the server responded with a status of 429 (Too Many Requests) @ https://air-quality-api.open-meteo.com/v1/air-quality?latitude=37.3005&longitude=-3.1362&current=pm2_5,pm10,nitrogen_dioxide,ozone:0
[    3086ms] [ERROR] Failed to load resource: the server responded with a status of 429 (Too Many Requests) @ https://air-quality-api.open-meteo.com/v1/air-quality?latitude=36.7423&longitude=-3.5872&current=pm2_5,pm10,nitrogen_dioxide,ozone:0
[    3087ms] [ERROR] Failed to load resource: the server responded with a status of 429 (Too Many Requests) @ https://air-quality-api.open-meteo.com/v1/air-quality?latitude=36.7493&longitude=-3.8768&current=pm2_5,pm10,nitrogen_dioxide,ozone:0
[    3087ms] [ERROR] Failed to load resource: the server responded with a status of 429 (Too Many Requests) @ https://air-quality-api.open-meteo.com/v1/air-quality?latitude=36.7578&longitude=-3.9526&current=pm2_5,pm10,nitrogen_dioxide,ozone:0
[    3087ms] [ERROR] Failed to load resource: the server responded with a status of 429 (Too Many Requests) @ https://air-quality-api.open-meteo.com/v1/air-quality?latitude=37.1661&longitude=-4.1523&current=pm2_5,pm10,nitrogen_dioxide,ozone:0
[    3088ms] [ERROR] Failed to load resource: the server responded with a status of 429 (Too Many Requests) @ https://air-quality-api.open-meteo.com/v1/air-quality?latitude=36.7157&longitude=-4.2796&current=pm2_5,pm10,nitrogen_dioxide,ozone:0
[    3088ms] [ERROR] Failed to load resource: the server responded with a status of 429 (Too Many Requests) @ https://air-quality-api.open-meteo.com/v1/air-quality?latitude=36.7339&longitude=-3.6895&current=pm2_5,pm10,nitrogen_dioxide,ozone:0
[    3188ms] [ERROR] Failed to load resource: the server responded with a status of 429 (Too Many Requests) @ https://air-quality-api.open-meteo.com/v1/air-quality?latitude=36.2771&longitude=-6.0888&current=pm2_5,pm10,nitrogen_dioxide,ozone:0
[    3189ms] [ERROR] Failed to load resource: the server responded with a status of 429 (Too Many Requests) @ https://air-quality-api.open-meteo.com/v1/air-quality?latitude=36.1923&longitude=-5.9224&current=pm2_5,pm10,nitrogen_dioxide,ozone:0
[    3189ms] [ERROR] Failed to load resource: the server responded with a status of 429 (Too Many Requests) @ https://air-quality-api.open-meteo.com/v1/air-quality?latitude=36.6625&longitude=-4.5654&current=pm2_5,pm10,nitrogen_dioxide,ozone:0
[    3189ms] [ERROR] Failed to load resource: the server responded with a status of 429 (Too Many Requests) @ https://air-quality-api.open-meteo.com/v1/air-quality?latitude=36.2102&longitude=-5.3831&current=pm2_5,pm10,nitrogen_dioxide,ozone:0
[    3189ms] [ERROR] Failed to load resource: the server responded with a status of 429 (Too Many Requests) @ https://air-quality-api.open-meteo.com/v1/air-quality?latitude=36.6431&longitude=-4.6892&current=pm2_5,pm10,nitrogen_dioxide,ozone:0
[    3189ms] [ERROR] Failed to load resource: the server responded with a status of 429 (Too Many Requests) @ https://air-quality-api.open-meteo.com/v1/air-quality?latitude=36.0143&longitude=-5.6044&current=pm2_5,pm10,nitrogen_dioxide,ozone:0
[    3291ms] [ERROR] Failed to load resource: the server responded with a status of 429 (Too Many Requests) @ https://air-quality-api.open-meteo.com/v1/air-quality?latitude=36.6231&longitude=-6.3601&current=pm2_5,pm10,nitrogen_dioxide,ozone:0
[    3291ms] [ERROR] Failed to load resource: the server responded with a status of 429 (Too Many Requests) @ https://air-quality-api.open-meteo.com/v1/air-quality?latitude=36.1683&longitude=-5.3482&current=pm2_5,pm10,nitrogen_dioxide,ozone:0
[    3292ms] [ERROR] Failed to load resource: the server responded with a status of 429 (Too Many Requests) @ https://air-quality-api.open-meteo.com/v1/air-quality?latitude=36.7346&longitude=-6.4389&current=pm2_5,pm10,nitrogen_dioxide,ozone:0
[    3292ms] [ERROR] Failed to load resource: the server responded with a status of 429 (Too Many Requests) @ https://air-quality-api.open-meteo.com/v1/air-quality?latitude=36.5295&longitude=-6.1912&current=pm2_5,pm10,nitrogen_dioxide,ozone:0
[    3292ms] [ERROR] Failed to load resource: the server responded with a status of 429 (Too Many Requests) @ https://air-quality-api.open-meteo.com/v1/air-quality?latitude=36.1834&longitude=-5.4921&current=pm2_5,pm10,nitrogen_dioxide,ozone:0
[    3293ms] [ERROR] Failed to load resource: the server responded with a status of 429 (Too Many Requests) @ https://air-quality-api.open-meteo.com/v1/air-quality?latitude=37.1192&longitude=-6.0754&current=pm2_5,pm10,nitrogen_dioxide,ozone:0
[    3392ms] [ERROR] Failed to load resource: the server responded with a status of 429 (Too Many Requests) @ https://air-quality-api.open-meteo.com/v1/air-quality?latitude=37.2001&longitude=-5.9362&current=pm2_5,pm10,nitrogen_dioxide,ozone:0
[    3393ms] [ERROR] Failed to load resource: the server responded with a status of 429 (Too Many Requests) @ https://air-quality-api.open-meteo.com/v1/air-quality?latitude=37.1604&longitude=-5.9255&current=pm2_5,pm10,nitrogen_dioxide,ozone:0
[    3393ms] [ERROR] Failed to load resource: the server responded with a status of 429 (Too Many Requests) @ https://air-quality-api.open-meteo.com/v1/air-quality?latitude=37.3452&longitude=-6.0641&current=pm2_5,pm10,nitrogen_dioxide,ozone:0
[    3393ms] [ERROR] Failed to load resource: the server responded with a status of 429 (Too Many Requests) @ https://air-quality-api.open-meteo.com/v1/air-quality?latitude=37.4012&longitude=-6.0334&current=pm2_5,pm10,nitrogen_dioxide,ozone:0
[    3395ms] [ERROR] Failed to load resource: the server responded with a status of 429 (Too Many Requests) @ https://air-quality-api.open-meteo.com/v1/air-quality?latitude=37.3595&longitude=-6.0273&current=pm2_5,pm10,nitrogen_dioxide,ozone:0
[    3396ms] [ERROR] Failed to load resource: the server responded with a status of 429 (Too Many Requests) @ https://air-quality-api.open-meteo.com/v1/air-quality?latitude=37.3751&longitude=-6.0456&current=pm2_5,pm10,nitrogen_dioxide,ozone:0
[    3444ms] [ERROR] Failed to load resource: the server responded with a status of 429 (Too Many Requests) @ https://air-quality-api.open-meteo.com/v1/air-quality?latitude=37.3872&longitude=-6.0521&current=pm2_5,pm10,nitrogen_dioxide,ozone:0
[    3448ms] [ERROR] Failed to load resource: the server responded with a status of 429 (Too Many Requests) @ https://air-quality-api.open-meteo.com/v1/air-quality?latitude=37.3821&longitude=-6.2023&current=pm2_5,pm10,nitrogen_dioxide,ozone:0
[    3448ms] [ERROR] Failed to load resource: the server responded with a status of 429 (Too Many Requests) @ https://air-quality-api.open-meteo.com/v1/air-quality?latitude=37.3713&longitude=-6.0712&current=pm2_5,pm10,nitrogen_dioxide,ozone:0
[    3449ms] [ERROR] Failed to load resource: the server responded with a status of 429 (Too Many Requests) @ https://air-quality-api.open-meteo.com/v1/air-quality?latitude=37.2864&longitude=-6.0518&current=pm2_5,pm10,nitrogen_dioxide,ozone:0
[    3449ms] [ERROR] Failed to load resource: the server responded with a status of 429 (Too Many Requests) @ https://air-quality-api.open-meteo.com/v1/air-quality?latitude=37.2375&longitude=-5.1034&current=pm2_5,pm10,nitrogen_dioxide,ozone:0
[    3450ms] [ERROR] Failed to load resource: the server responded with a status of 429 (Too Many Requests) @ https://air-quality-api.open-meteo.com/v1/air-quality?latitude=37.3302&longitude=-5.4168&current=pm2_5,pm10,nitrogen_dioxide,ozone:0
[    3597ms] [ERROR] Failed to load resource: the server responded with a status of 429 (Too Many Requests) @ https://air-quality-api.open-meteo.com/v1/air-quality?latitude=37.1235&longitude=-5.4521&current=pm2_5,pm10,nitrogen_dioxide,ozone:0
[    3602ms] [ERROR] Failed to load resource: the server responded with a status of 429 (Too Many Requests) @ https://air-quality-api.open-meteo.com/v1/air-quality?latitude=37.6978&longitude=-5.2811&current=pm2_5,pm10,nitrogen_dioxide,ozone:0
[    3602ms] [ERROR] Failed to load resource: the server responded with a status of 429 (Too Many Requests) @ https://air-quality-api.open-meteo.com/v1/air-quality?latitude=37.4724&longitude=-4.4326&current=pm2_5,pm10,nitrogen_dioxide,ozone:0
[    3602ms] [ERROR] Failed to load resource: the server responded with a status of 429 (Too Many Requests) @ https://air-quality-api.open-meteo.com/v1/air-quality?latitude=37.3871&longitude=-4.7695&current=pm2_5,pm10,nitrogen_dioxide,ozone:0
[    3602ms] [ERROR] Failed to load resource: the server responded with a status of 429 (Too Many Requests) @ https://air-quality-api.open-meteo.com/v1/air-quality?latitude=37.2916&longitude=-4.8772&current=pm2_5,pm10,nitrogen_dioxide,ozone:0
[    3603ms] [ERROR] Failed to load resource: the server responded with a status of 429 (Too Many Requests) @ https://air-quality-api.open-meteo.com/v1/air-quality?latitude=37.2624&longitude=-5.5457&current=pm2_5,pm10,nitrogen_dioxide,ozone:0
[    3700ms] [ERROR] Failed to load resource: the server responded with a status of 429 (Too Many Requests) @ https://air-quality-api.open-meteo.com/v1/air-quality?latitude=37.6715&longitude=-4.7243&current=pm2_5,pm10,nitrogen_dioxide,ozone:0
[    3700ms] [ERROR] Failed to load resource: the server responded with a status of 429 (Too Many Requests) @ https://air-quality-api.open-meteo.com/v1/air-quality?latitude=38.7201&longitude=-5.5446&current=pm2_5,pm10,nitrogen_dioxide,ozone:0
[    3701ms] [ERROR] Failed to load resource: the server responded with a status of 429 (Too Many Requests) @ https://air-quality-api.open-meteo.com/v1/air-quality?latitude=38.2385&longitude=-6.0152&current=pm2_5,pm10,nitrogen_dioxide,ozone:0
[    3701ms] [ERROR] Failed to load resource: the server responded with a status of 429 (Too Many Requests) @ https://air-quality-api.open-meteo.com/v1/air-quality?latitude=38.5614&longitude=-6.3385&current=pm2_5,pm10,nitrogen_dioxide,ozone:0
[    3701ms] [ERROR] Failed to load resource: the server responded with a status of 429 (Too Many Requests) @ https://air-quality-api.open-meteo.com/v1/air-quality?latitude=38.2612&longitude=-5.6774&current=pm2_5,pm10,nitrogen_dioxide,ozone:0
[    3701ms] [ERROR] Failed to load resource: the server responded with a status of 429 (Too Many Requests) @ https://air-quality-api.open-meteo.com/v1/air-quality?latitude=38.0241&longitude=-4.3832&current=pm2_5,pm10,nitrogen_dioxide,ozone:0
[    3801ms] [ERROR] Failed to load resource: the server responded with a status of 429 (Too Many Requests) @ https://air-quality-api.open-meteo.com/v1/air-quality?latitude=39.1678&longitude=-5.0503&current=pm2_5,pm10,nitrogen_dioxide,ozone:0
[    3801ms] [ERROR] Failed to load resource: the server responded with a status of 429 (Too Many Requests) @ https://air-quality-api.open-meteo.com/v1/air-quality?latitude=38.8631&longitude=-5.6174&current=pm2_5,pm10,nitrogen_dioxide,ozone:0
[    3802ms] [ERROR] Failed to load resource: the server responded with a status of 429 (Too Many Requests) @ https://air-quality-api.open-meteo.com/v1/air-quality?latitude=40.2415&longitude=-3.7001&current=pm2_5,pm10,nitrogen_dioxide,ozone:0
[    3802ms] [ERROR] Failed to load resource: the server responded with a status of 429 (Too Many Requests) @ https://air-quality-api.open-meteo.com/v1/air-quality?latitude=38.5989&longitude=-0.0514&current=pm2_5,pm10,nitrogen_dioxide,ozone:0
[    3802ms] [ERROR] Failed to load resource: the server responded with a status of 429 (Too Many Requests) @ https://air-quality-api.open-meteo.com/v1/air-quality?latitude=40.6586&longitude=-3.7667&current=pm2_5,pm10,nitrogen_dioxide,ozone:0
[    3802ms] [ERROR] Failed to load resource: the server responded with a status of 429 (Too Many Requests) @ https://air-quality-api.open-meteo.com/v1/air-quality?latitude=38.6447&longitude=0.0445&current=pm2_5,pm10,nitrogen_dioxide,ozone:0
[    3845ms] [ERROR] Failed to load resource: the server responded with a status of 429 (Too Many Requests) @ https://air-quality-api.open-meteo.com/v1/air-quality?latitude=38.5085&longitude=-0.2333&current=pm2_5,pm10,nitrogen_dioxide,ozone:0
[    3848ms] [ERROR] Failed to load resource: the server responded with a status of 429 (Too Many Requests) @ https://air-quality-api.open-meteo.com/v1/air-quality?latitude=38.4194&longitude=-0.4452&current=pm2_5,pm10,nitrogen_dioxide,ozone:0
[    3848ms] [ERROR] Failed to load resource: the server responded with a status of 429 (Too Many Requests) @ https://air-quality-api.open-meteo.com/v1/air-quality?latitude=38.6253&longitude=-0.5727&current=pm2_5,pm10,nitrogen_dioxide,ozone:0
[    3849ms] [ERROR] Failed to load resource: the server responded with a status of 429 (Too Many Requests) @ https://air-quality-api.open-meteo.com/v1/air-quality?latitude=38.384&longitude=-0.7663&current=pm2_5,pm10,nitrogen_dioxide,ozone:0
[    3849ms] [ERROR] Failed to load resource: the server responded with a status of 429 (Too Many Requests) @ https://air-quality-api.open-meteo.com/v1/air-quality?latitude=38.6341&longitude=-0.8661&current=pm2_5,pm10,nitrogen_dioxide,ozone:0
[    3851ms] [ERROR] Failed to load resource: the server responded with a status of 429 (Too Many Requests) @ https://air-quality-api.open-meteo.com/v1/air-quality?latitude=38.4831&longitude=-0.7719&current=pm2_5,pm10,nitrogen_dioxide,ozone:0
[    3914ms] [ERROR] Failed to load resource: the server responded with a status of 429 (Too Many Requests) @ https://air-quality-api.open-meteo.com/v1/air-quality?latitude=38.1917&longitude=-0.5658&current=pm2_5,pm10,nitrogen_dioxide,ozone:0
[    3914ms] [ERROR] Failed to load resource: the server responded with a status of 429 (Too Many Requests) @ https://air-quality-api.open-meteo.com/v1/air-quality?latitude=38.1102&longitude=-0.7909&current=pm2_5,pm10,nitrogen_dioxide,ozone:0
[    3914ms] [ERROR] Failed to load resource: the server responded with a status of 429 (Too Many Requests) @ https://air-quality-api.open-meteo.com/v1/air-quality?latitude=38.1228&longitude=-0.8797&current=pm2_5,pm10,nitrogen_dioxide,ozone:0
[    3914ms] [ERROR] Failed to load resource: the server responded with a status of 429 (Too Many Requests) @ https://air-quality-api.open-meteo.com/v1/air-quality?latitude=38.0898&longitude=-0.6558&current=pm2_5,pm10,nitrogen_dioxide,ozone:0
[    3915ms] [ERROR] Failed to load resource: the server responded with a status of 429 (Too Many Requests) @ https://air-quality-api.open-meteo.com/v1/air-quality?latitude=38.0863&longitude=-0.7238&current=pm2_5,pm10,nitrogen_dioxide,ozone:0
[    3915ms] [ERROR] Failed to load resource: the server responded with a status of 429 (Too Many Requests) @ https://air-quality-api.open-meteo.com/v1/air-quality?latitude=38.3458&longitude=-0.7674&current=pm2_5,pm10,nitrogen_dioxide,ozone:0
[    3960ms] [ERROR] Failed to load resource: the server responded with a status of 429 (Too Many Requests) @ https://air-quality-api.open-meteo.com/v1/air-quality?latitude=38.9192&longitude=-0.1192&current=pm2_5,pm10,nitrogen_dioxide,ozone:0
[    3960ms] [ERROR] Failed to load resource: the server responded with a status of 429 (Too Many Requests) @ https://air-quality-api.open-meteo.com/v1/air-quality?latitude=39.1633&longitude=-0.2526&current=pm2_5,pm10,nitrogen_dioxide,ozone:0
[    3960ms] [ERROR] Failed to load resource: the server responded with a status of 429 (Too Many Requests) @ https://air-quality-api.open-meteo.com/v1/air-quality?latitude=39.1215&longitude=-0.4497&current=pm2_5,pm10,nitrogen_dioxide,ozone:0
[    3961ms] [ERROR] Failed to load resource: the server responded with a status of 429 (Too Many Requests) @ https://air-quality-api.open-meteo.com/v1/air-quality?latitude=39.2016&longitude=-0.3117&current=pm2_5,pm10,nitrogen_dioxide,ozone:0
[    3963ms] [ERROR] Failed to load resource: the server responded with a status of 429 (Too Many Requests) @ https://air-quality-api.open-meteo.com/v1/air-quality?latitude=39.1517&longitude=-0.4357&current=pm2_5,pm10,nitrogen_dioxide,ozone:0
[    3965ms] [ERROR] Failed to load resource: the server responded with a status of 429 (Too Many Requests) @ https://air-quality-api.open-meteo.com/v1/air-quality?latitude=39.1895&longitude=-0.4377&current=pm2_5,pm10,nitrogen_dioxide,ozone:0
[    4109ms] [ERROR] Failed to load resource: the server responded with a status of 429 (Too Many Requests) @ https://air-quality-api.open-meteo.com/v1/air-quality?latitude=39.4883&longitude=-1.1004&current=pm2_5,pm10,nitrogen_dioxide,ozone:0
[    4110ms] [ERROR] Failed to load resource: the server responded with a status of 429 (Too Many Requests) @ https://air-quality-api.open-meteo.com/v1/air-quality?latitude=39.5673&longitude=-1.2045&current=pm2_5,pm10,nitrogen_dioxide,ozone:0
[    4110ms] [ERROR] Failed to load resource: the server responded with a status of 429 (Too Many Requests) @ https://air-quality-api.open-meteo.com/v1/air-quality?latitude=39.6247&longitude=-0.5954&current=pm2_5,pm10,nitrogen_dioxide,ozone:0
[    4110ms] [ERROR] Failed to load resource: the server responded with a status of 429 (Too Many Requests) @ https://air-quality-api.open-meteo.com/v1/air-quality?latitude=39.5469&longitude=-0.5677&current=pm2_5,pm10,nitrogen_dioxide,ozone:0
[    4111ms] [ERROR] Failed to load resource: the server responded with a status of 429 (Too Many Requests) @ https://air-quality-api.open-meteo.com/v1/air-quality?latitude=39.5878&longitude=-0.4623&current=pm2_5,pm10,nitrogen_dioxide,ozone:0
[    4111ms] [ERROR] Failed to load resource: the server responded with a status of 429 (Too Many Requests) @ https://air-quality-api.open-meteo.com/v1/air-quality?latitude=39.4635&longitude=-0.4616&current=pm2_5,pm10,nitrogen_dioxide,ozone:0
[    4215ms] [ERROR] Failed to load resource: the server responded with a status of 429 (Too Many Requests) @ https://air-quality-api.open-meteo.com/v1/air-quality?latitude=39.4658&longitude=-0.4269&current=pm2_5,pm10,nitrogen_dioxide,ozone:0
[    4216ms] [ERROR] Failed to load resource: the server responded with a status of 429 (Too Many Requests) @ https://air-quality-api.open-meteo.com/v1/air-quality?latitude=39.4925&longitude=-0.4593&current=pm2_5,pm10,nitrogen_dioxide,ozone:0
[    4216ms] [ERROR] Failed to load resource: the server responded with a status of 429 (Too Many Requests) @ https://air-quality-api.open-meteo.com/v1/air-quality?latitude=39.4578&longitude=-0.4577&current=pm2_5,pm10,nitrogen_dioxide,ozone:0
[    4216ms] [ERROR] Failed to load resource: the server responded with a status of 429 (Too Many Requests) @ https://air-quality-api.open-meteo.com/v1/air-quality?latitude=39.5002&longitude=-0.3503&current=pm2_5,pm10,nitrogen_dioxide,ozone:0
[    4217ms] [ERROR] Failed to load resource: the server responded with a status of 429 (Too Many Requests) @ https://air-quality-api.open-meteo.com/v1/air-quality?latitude=39.4754&longitude=-0.4172&current=pm2_5,pm10,nitrogen_dioxide,ozone:0
[    4217ms] [ERROR] Failed to load resource: the server responded with a status of 429 (Too Many Requests) @ https://air-quality-api.open-meteo.com/v1/air-quality?latitude=39.4828&longitude=-0.4439&current=pm2_5,pm10,nitrogen_dioxide,ozone:0
[    4262ms] [ERROR] Failed to load resource: the server responded with a status of 429 (Too Many Requests) @ https://air-quality-api.open-meteo.com/v1/air-quality?latitude=39.5459&longitude=-0.3957&current=pm2_5,pm10,nitrogen_dioxide,ozone:0
[    4263ms] [ERROR] Failed to load resource: the server responded with a status of 429 (Too Many Requests) @ https://air-quality-api.open-meteo.com/v1/air-quality?latitude=39.4217&longitude=-0.3892&current=pm2_5,pm10,nitrogen_dioxide,ozone:0
[    4263ms] [ERROR] Failed to load resource: the server responded with a status of 429 (Too Many Requests) @ https://air-quality-api.open-meteo.com/v1/air-quality?latitude=39.4038&longitude=-0.4037&current=pm2_5,pm10,nitrogen_dioxide,ozone:0
[    4264ms] [ERROR] Failed to load resource: the server responded with a status of 429 (Too Many Requests) @ https://air-quality-api.open-meteo.com/v1/air-quality?latitude=39.3624&longitude=-0.4616&current=pm2_5,pm10,nitrogen_dioxide,ozone:0
[    4264ms] [ERROR] Failed to load resource: the server responded with a status of 429 (Too Many Requests) @ https://air-quality-api.open-meteo.com/v1/air-quality?latitude=39.3639&longitude=-0.4121&current=pm2_5,pm10,nitrogen_dioxide,ozone:0
[    4265ms] [ERROR] Failed to load resource: the server responded with a status of 429 (Too Many Requests) @ https://air-quality-api.open-meteo.com/v1/air-quality?latitude=39.4286&longitude=-0.4184&current=pm2_5,pm10,nitrogen_dioxide,ozone:0
[    4317ms] [ERROR] Failed to load resource: the server responded with a status of 429 (Too Many Requests) @ https://air-quality-api.open-meteo.com/v1/air-quality?latitude=39.9634&longitude=-0.2605&current=pm2_5,pm10,nitrogen_dioxide,ozone:0
[    4317ms] [ERROR] Failed to load resource: the server responded with a status of 429 (Too Many Requests) @ https://air-quality-api.open-meteo.com/v1/air-quality?latitude=40.3592&longitude=0.4048&current=pm2_5,pm10,nitrogen_dioxide,ozone:0
[    4317ms] [ERROR] Failed to load resource: the server responded with a status of 429 (Too Many Requests) @ https://air-quality-api.open-meteo.com/v1/air-quality?latitude=40.4165&longitude=0.4243&current=pm2_5,pm10,nitrogen_dioxide,ozone:0
[    4317ms] [ERROR] Failed to load resource: the server responded with a status of 429 (Too Many Requests) @ https://air-quality-api.open-meteo.com/v1/air-quality?latitude=40.0543&longitude=0.0637&current=pm2_5,pm10,nitrogen_dioxide,ozone:0
[    4318ms] [ERROR] Failed to load resource: the server responded with a status of 429 (Too Many Requests) @ https://air-quality-api.open-meteo.com/v1/air-quality?latitude=40.0911&longitude=0.1332&current=pm2_5,pm10,nitrogen_dioxide,ozone:0
[    4318ms] [ERROR] Failed to load resource: the server responded with a status of 429 (Too Many Requests) @ https://air-quality-api.open-meteo.com/v1/air-quality?latitude=39.8524&longitude=-0.1558&current=pm2_5,pm10,nitrogen_dioxide,ozone:0
[    4381ms] [ERROR] Failed to load resource: the server responded with a status of 429 (Too Many Requests) @ https://air-quality-api.open-meteo.com/v1/air-quality?latitude=39.9439&longitude=-0.0628&current=pm2_5,pm10,nitrogen_dioxide,ozone:0
[    4382ms] [ERROR] Failed to load resource: the server responded with a status of 429 (Too Many Requests) @ https://air-quality-api.open-meteo.com/v1/air-quality?latitude=39.8893&longitude=-0.0838&current=pm2_5,pm10,nitrogen_dioxide,ozone:0
[    4382ms] [ERROR] Failed to load resource: the server responded with a status of 429 (Too Many Requests) @ https://air-quality-api.open-meteo.com/v1/air-quality?latitude=41.4485&longitude=1.9754&current=pm2_5,pm10,nitrogen_dioxide,ozone:0
[    4382ms] [ERROR] Failed to load resource: the server responded with a status of 429 (Too Many Requests) @ https://air-quality-api.open-meteo.com/v1/air-quality?latitude=41.4746&longitude=1.9304&current=pm2_5,pm10,nitrogen_dioxide,ozone:0
[    4382ms] [ERROR] Failed to load resource: the server responded with a status of 429 (Too Many Requests) @ https://air-quality-api.open-meteo.com/v1/air-quality?latitude=41.5392&longitude=1.8679&current=pm2_5,pm10,nitrogen_dioxide,ozone:0
[    4383ms] [ERROR] Failed to load resource: the server responded with a status of 429 (Too Many Requests) @ https://air-quality-api.open-meteo.com/v1/air-quality?latitude=41.5434&longitude=1.8943&current=pm2_5,pm10,nitrogen_dioxide,ozone:0
[    4426ms] [ERROR] Failed to load resource: the server responded with a status of 429 (Too Many Requests) @ https://air-quality-api.open-meteo.com/v1/air-quality?latitude=41.533&longitude=2.0827&current=pm2_5,pm10,nitrogen_dioxide,ozone:0
[    4426ms] [ERROR] Failed to load resource: the server responded with a status of 429 (Too Many Requests) @ https://air-quality-api.open-meteo.com/v1/air-quality?latitude=41.6186&longitude=2.0886&current=pm2_5,pm10,nitrogen_dioxide,ozone:0
[    4427ms] [ERROR] Failed to load resource: the server responded with a status of 429 (Too Many Requests) @ https://air-quality-api.open-meteo.com/v1/air-quality?latitude=41.5165&longitude=2.1264&current=pm2_5,pm10,nitrogen_dioxide,ozone:0
[    4427ms] [ERROR] Failed to load resource: the server responded with a status of 429 (Too Many Requests) @ https://air-quality-api.open-meteo.com/v1/air-quality?latitude=41.5037&longitude=2.1558&current=pm2_5,pm10,nitrogen_dioxide,ozone:0
[    4432ms] [ERROR] Failed to load resource: the server responded with a status of 429 (Too Many Requests) @ https://air-quality-api.open-meteo.com/v1/air-quality?latitude=41.4851&longitude=2.1873&current=pm2_5,pm10,nitrogen_dioxide,ozone:0
[    4519ms] [ERROR] Failed to load resource: the server responded with a status of 429 (Too Many Requests) @ https://air-quality-api.open-meteo.com/v1/air-quality?latitude=41.5348&longitude=2.1818&current=pm2_5,pm10,nitrogen_dioxide,ozone:0
[    4520ms] [ERROR] Failed to load resource: the server responded with a status of 429 (Too Many Requests) @ https://air-quality-api.open-meteo.com/v1/air-quality?latitude=41.4925&longitude=2.3585&current=pm2_5,pm10,nitrogen_dioxide,ozone:0
[    4520ms] [ERROR] Failed to load resource: the server responded with a status of 429 (Too Many Requests) @ https://air-quality-api.open-meteo.com/v1/air-quality?latitude=41.4812&longitude=2.316&current=pm2_5,pm10,nitrogen_dioxide,ozone:0
[    4520ms] [ERROR] Failed to load resource: the server responded with a status of 429 (Too Many Requests) @ https://air-quality-api.open-meteo.com/v1/air-quality?latitude=41.6267&longitude=2.6897&current=pm2_5,pm10,nitrogen_dioxide,ozone:0
[    4521ms] [ERROR] Failed to load resource: the server responded with a status of 429 (Too Many Requests) @ https://air-quality-api.open-meteo.com/v1/air-quality?latitude=41.5042&longitude=2.3929&current=pm2_5,pm10,nitrogen_dioxide,ozone:0
[    4571ms] [ERROR] Failed to load resource: the server responded with a status of 429 (Too Many Requests) @ https://air-quality-api.open-meteo.com/v1/air-quality?latitude=41.6166&longitude=2.6663&current=pm2_5,pm10,nitrogen_dioxide,ozone:0
[    4571ms] [ERROR] Failed to load resource: the server responded with a status of 429 (Too Many Requests) @ https://air-quality-api.open-meteo.com/v1/air-quality?latitude=41.6455&longitude=2.7423&current=pm2_5,pm10,nitrogen_dioxide,ozone:0
[    4571ms] [ERROR] Failed to load resource: the server responded with a status of 429 (Too Many Requests) @ https://air-quality-api.open-meteo.com/v1/air-quality?latitude=41.2618&longitude=1.7744&current=pm2_5,pm10,nitrogen_dioxide,ozone:0
[    4572ms] [ERROR] Failed to load resource: the server responded with a status of 429 (Too Many Requests) @ https://air-quality-api.open-meteo.com/v1/air-quality?latitude=41.5815&longitude=2.5501&current=pm2_5,pm10,nitrogen_dioxide,ozone:0
[    4572ms] [ERROR] Failed to load resource: the server responded with a status of 429 (Too Many Requests) @ https://air-quality-api.open-meteo.com/v1/air-quality?latitude=41.2372&longitude=1.8115&current=pm2_5,pm10,nitrogen_dioxide,ozone:0
[    4723ms] [ERROR] Failed to load resource: the server responded with a status of 429 (Too Many Requests) @ https://air-quality-api.open-meteo.com/v1/air-quality?latitude=41.2064&longitude=1.6749&current=pm2_5,pm10,nitrogen_dioxide,ozone:0
[    4724ms] [ERROR] Failed to load resource: the server responded with a status of 429 (Too Many Requests) @ https://air-quality-api.open-meteo.com/v1/air-quality?latitude=41.1996&longitude=1.5684&current=pm2_5,pm10,nitrogen_dioxide,ozone:0
[    4724ms] [ERROR] Failed to load resource: the server responded with a status of 429 (Too Many Requests) @ https://air-quality-api.open-meteo.com/v1/air-quality?latitude=41.0673&longitude=1.0583&current=pm2_5,pm10,nitrogen_dioxide,ozone:0
[    4724ms] [ERROR] Failed to load resource: the server responded with a status of 429 (Too Many Requests) @ https://air-quality-api.open-meteo.com/v1/air-quality?latitude=41.0772&longitude=1.1396&current=pm2_5,pm10,nitrogen_dioxide,ozone:0
[    4724ms] [ERROR] Failed to load resource: the server responded with a status of 429 (Too Many Requests) @ https://air-quality-api.open-meteo.com/v1/air-quality?latitude=41.2858&longitude=1.2505&current=pm2_5,pm10,nitrogen_dioxide,ozone:0
[    4725ms] [ERROR] Failed to load resource: the server responded with a status of 429 (Too Many Requests) @ https://air-quality-api.open-meteo.com/v1/air-quality?latitude=41.1111&longitude=1.1472&current=pm2_5,pm10,nitrogen_dioxide,ozone:0
[    4827ms] [ERROR] Failed to load resource: the server responded with a status of 429 (Too Many Requests) @ https://air-quality-api.open-meteo.com/v1/air-quality?latitude=40.7107&longitude=0.5794&current=pm2_5,pm10,nitrogen_dioxide,ozone:0
[    4827ms] [ERROR] Failed to load resource: the server responded with a status of 429 (Too Many Requests) @ https://air-quality-api.open-meteo.com/v1/air-quality?latitude=41.8499&longitude=3.1292&current=pm2_5,pm10,nitrogen_dioxide,ozone:0
[    4828ms] [ERROR] Failed to load resource: the server responded with a status of 429 (Too Many Requests) @ https://air-quality-api.open-meteo.com/v1/air-quality?latitude=42.1186&longitude=2.7661&current=pm2_5,pm10,nitrogen_dioxide,ozone:0
[    4828ms] [ERROR] Failed to load resource: the server responded with a status of 429 (Too Many Requests) @ https://air-quality-api.open-meteo.com/v1/air-quality?latitude=40.6181&longitude=0.5925&current=pm2_5,pm10,nitrogen_dioxide,ozone:0
[    4828ms] [ERROR] Failed to load resource: the server responded with a status of 429 (Too Many Requests) @ https://air-quality-api.open-meteo.com/v1/air-quality?latitude=42.2592&longitude=3.0763&current=pm2_5,pm10,nitrogen_dioxide,ozone:0
[    4829ms] [ERROR] Failed to load resource: the server responded with a status of 429 (Too Many Requests) @ https://air-quality-api.open-meteo.com/v1/air-quality?latitude=41.7828&longitude=3.0272&current=pm2_5,pm10,nitrogen_dioxide,ozone:0
[    4930ms] [ERROR] Failed to load resource: the server responded with a status of 429 (Too Many Requests) @ https://air-quality-api.open-meteo.com/v1/air-quality?latitude=41.6999&longitude=2.8475&current=pm2_5,pm10,nitrogen_dioxide,ozone:0
[    4930ms] [ERROR] Failed to load resource: the server responded with a status of 429 (Too Many Requests) @ https://air-quality-api.open-meteo.com/v1/air-quality?latitude=41.9754&longitude=2.7937&current=pm2_5,pm10,nitrogen_dioxide,ozone:0
[    4931ms] [ERROR] Failed to load resource: the server responded with a status of 429 (Too Many Requests) @ https://air-quality-api.open-meteo.com/v1/air-quality?latitude=41.3462&longitude=2.0401&current=pm2_5,pm10,nitrogen_dioxide,ozone:0
[    4931ms] [ERROR] Failed to load resource: the server responded with a status of 429 (Too Many Requests) @ https://air-quality-api.open-meteo.com/v1/air-quality?latitude=41.3168&longitude=2.0148&current=pm2_5,pm10,nitrogen_dioxide,ozone:0
[    4931ms] [ERROR] Failed to load resource: the server responded with a status of 429 (Too Many Requests) @ https://air-quality-api.open-meteo.com/v1/air-quality?latitude=41.6746&longitude=2.7904&current=pm2_5,pm10,nitrogen_dioxide,ozone:0
[    4932ms] [ERROR] Failed to load resource: the server responded with a status of 429 (Too Many Requests) @ https://air-quality-api.open-meteo.com/v1/air-quality?latitude=41.3075&longitude=2.0028&current=pm2_5,pm10,nitrogen_dioxide,ozone:0
[    5013ms] [ERROR] Failed to load resource: the server responded with a status of 429 (Too Many Requests) @ https://air-quality-api.open-meteo.com/v1/air-quality?latitude=41.3323&longitude=2.0911&current=pm2_5,pm10,nitrogen_dioxide,ozone:0
[    5014ms] [ERROR] Failed to load resource: the server responded with a status of 429 (Too Many Requests) @ https://air-quality-api.open-meteo.com/v1/air-quality?latitude=41.3831&longitude=2.0457&current=pm2_5,pm10,nitrogen_dioxide,ozone:0
[    5014ms] [ERROR] Failed to load resource: the server responded with a status of 429 (Too Many Requests) @ https://air-quality-api.open-meteo.com/v1/air-quality?latitude=40.1601&longitude=-3.619&current=pm2_5,pm10,nitrogen_dioxide,ozone:0
[    5014ms] [ERROR] Failed to load resource: the server responded with a status of 429 (Too Many Requests) @ https://air-quality-api.open-meteo.com/v1/air-quality?latitude=41.3686&longitude=2.056&current=pm2_5,pm10,nitrogen_dioxide,ozone:0
[    5014ms] [ERROR] Failed to load resource: the server responded with a status of 429 (Too Many Requests) @ https://air-quality-api.open-meteo.com/v1/air-quality?latitude=41.3768&longitude=2.0863&current=pm2_5,pm10,nitrogen_dioxide,ozone:0
[    5015ms] [ERROR] Failed to load resource: the server responded with a status of 429 (Too Many Requests) @ https://air-quality-api.open-meteo.com/v1/air-quality?latitude=41.3813&longitude=2.0766&current=pm2_5,pm10,nitrogen_dioxide,ozone:0
[    5135ms] [ERROR] Failed to load resource: the server responded with a status of 429 (Too Many Requests) @ https://air-quality-api.open-meteo.com/v1/air-quality?latitude=40.2878&longitude=-4.0142&current=pm2_5,pm10,nitrogen_dioxide,ozone:0
[    5135ms] [ERROR] Failed to load resource: the server responded with a status of 429 (Too Many Requests) @ https://air-quality-api.open-meteo.com/v1/air-quality?latitude=40.5921&longitude=-4.1481&current=pm2_5,pm10,nitrogen_dioxide,ozone:0
[    5135ms] [ERROR] Failed to load resource: the server responded with a status of 429 (Too Many Requests) @ https://air-quality-api.open-meteo.com/v1/air-quality?latitude=40.5828&longitude=-4.1278&current=pm2_5,pm10,nitrogen_dioxide,ozone:0
[    5135ms] [ERROR] Failed to load resource: the server responded with a status of 429 (Too Many Requests) @ https://air-quality-api.open-meteo.com/v1/air-quality?latitude=40.4468&longitude=-4.0028&current=pm2_5,pm10,nitrogen_dioxide,ozone:0
[    5135ms] [ERROR] Failed to load resource: the server responded with a status of 429 (Too Many Requests) @ https://air-quality-api.open-meteo.com/v1/air-quality?latitude=40.4316&longitude=-3.9622&current=pm2_5,pm10,nitrogen_dioxide,ozone:0
[    5136ms] [ERROR] Failed to load resource: the server responded with a status of 429 (Too Many Requests) @ https://air-quality-api.open-meteo.com/v1/air-quality?latitude=40.5786&longitude=-4.0041&current=pm2_5,pm10,nitrogen_dioxide,ozone:0
[    5235ms] [ERROR] Failed to load resource: the server responded with a status of 429 (Too Many Requests) @ https://air-quality-api.open-meteo.com/v1/air-quality?latitude=40.3957&longitude=-3.4862&current=pm2_5,pm10,nitrogen_dioxide,ozone:0
[    5235ms] [ERROR] Failed to load resource: the server responded with a status of 429 (Too Many Requests) @ https://air-quality-api.open-meteo.com/v1/air-quality?latitude=40.4262&longitude=-3.535&current=pm2_5,pm10,nitrogen_dioxide,ozone:0
[    5235ms] [ERROR] Failed to load resource: the server responded with a status of 429 (Too Many Requests) @ https://air-quality-api.open-meteo.com/v1/air-quality?latitude=40.5968&longitude=-3.4988&current=pm2_5,pm10,nitrogen_dioxide,ozone:0
[    5236ms] [ERROR] Failed to load resource: the server responded with a status of 429 (Too Many Requests) @ https://air-quality-api.open-meteo.com/v1/air-quality?latitude=40.5057&longitude=-3.5329&current=pm2_5,pm10,nitrogen_dioxide,ozone:0
[    5236ms] [ERROR] Failed to load resource: the server responded with a status of 429 (Too Many Requests) @ https://air-quality-api.open-meteo.com/v1/air-quality?latitude=40.2078&longitude=-3.5701&current=pm2_5,pm10,nitrogen_dioxide,ozone:0
[    5236ms] [ERROR] Failed to load resource: the server responded with a status of 429 (Too Many Requests) @ https://air-quality-api.open-meteo.com/v1/air-quality?latitude=40.6724&longitude=-4.0886&current=pm2_5,pm10,nitrogen_dioxide,ozone:0
[    5338ms] [ERROR] Failed to load resource: the server responded with a status of 429 (Too Many Requests) @ https://air-quality-api.open-meteo.com/v1/air-quality?latitude=40.2505&longitude=-3.8291&current=pm2_5,pm10,nitrogen_dioxide,ozone:0
[    5338ms] [ERROR] Failed to load resource: the server responded with a status of 429 (Too Many Requests) @ https://air-quality-api.open-meteo.com/v1/air-quality?latitude=40.3601&longitude=-4.3986&current=pm2_5,pm10,nitrogen_dioxide,ozone:0
[    5339ms] [ERROR] Failed to load resource: the server responded with a status of 429 (Too Many Requests) @ https://air-quality-api.open-meteo.com/v1/air-quality?latitude=37.8041&longitude=-0.8384&current=pm2_5,pm10,nitrogen_dioxide,ozone:0
[    5339ms] [ERROR] Failed to load resource: the server responded with a status of 429 (Too Many Requests) @ https://air-quality-api.open-meteo.com/v1/air-quality?latitude=40.4347&longitude=-3.8139&current=pm2_5,pm10,nitrogen_dioxide,ozone:0
[    5339ms] [ERROR] Failed to load resource: the server responded with a status of 429 (Too Many Requests) @ https://air-quality-api.open-meteo.com/v1/air-quality?latitude=37.5973&longitude=-1.3146&current=pm2_5,pm10,nitrogen_dioxide,ozone:0
[    5339ms] [ERROR] Failed to load resource: the server responded with a status of 429 (Too Many Requests) @ https://air-quality-api.open-meteo.com/v1/air-quality?latitude=37.836&longitude=-0.7915&current=pm2_5,pm10,nitrogen_dioxide,ozone:0
[    5442ms] [ERROR] Failed to load resource: the server responded with a status of 429 (Too Many Requests) @ https://air-quality-api.open-meteo.com/v1/air-quality?latitude=40.3001&longitude=-3.4385&current=pm2_5,pm10,nitrogen_dioxide,ozone:0
[    5442ms] [ERROR] Failed to load resource: the server responded with a status of 429 (Too Many Requests) @ https://air-quality-api.open-meteo.com/v1/air-quality?latitude=38.4754&longitude=-1.3255&current=pm2_5,pm10,nitrogen_dioxide,ozone:0
[    5442ms] [ERROR] Failed to load resource: the server responded with a status of 429 (Too Many Requests) @ https://air-quality-api.open-meteo.com/v1/air-quality?latitude=40.4072&longitude=-3.8757&current=pm2_5,pm10,nitrogen_dioxide,ozone:0
[    5443ms] [ERROR] Failed to load resource: the server responded with a status of 429 (Too Many Requests) @ https://air-quality-api.open-meteo.com/v1/air-quality?latitude=40.6007&longitude=-3.7079&current=pm2_5,pm10,nitrogen_dioxide,ozone:0
[    5443ms] [ERROR] Failed to load resource: the server responded with a status of 429 (Too Many Requests) @ https://air-quality-api.open-meteo.com/v1/air-quality?latitude=37.8504&longitude=-1.4246&current=pm2_5,pm10,nitrogen_dioxide,ozone:0
[    5443ms] [ERROR] Failed to load resource: the server responded with a status of 429 (Too Many Requests) @ https://air-quality-api.open-meteo.com/v1/air-quality?latitude=37.7663&longitude=-1.5002&current=pm2_5,pm10,nitrogen_dioxide,ozone:0
[    5543ms] [ERROR] Failed to load resource: the server responded with a status of 429 (Too Many Requests) @ https://air-quality-api.open-meteo.com/v1/air-quality?latitude=42.2665&longitude=2.9616&current=pm2_5,pm10,nitrogen_dioxide,ozone:0
[    5544ms] [ERROR] Failed to load resource: the server responded with a status of 429 (Too Many Requests) @ https://air-quality-api.open-meteo.com/v1/air-quality?latitude=41.6079&longitude=2.2872&current=pm2_5,pm10,nitrogen_dioxide,ozone:0
[    5544ms] [ERROR] Failed to load resource: the server responded with a status of 429 (Too Many Requests) @ https://air-quality-api.open-meteo.com/v1/air-quality?latitude=41.5392&longitude=2.2132&current=pm2_5,pm10,nitrogen_dioxide,ozone:0
[    5544ms] [ERROR] Failed to load resource: the server responded with a status of 429 (Too Many Requests) @ https://air-quality-api.open-meteo.com/v1/air-quality?latitude=41.9301&longitude=2.2548&current=pm2_5,pm10,nitrogen_dioxide,ozone:0
[    5545ms] [ERROR] Failed to load resource: the server responded with a status of 429 (Too Many Requests) @ https://air-quality-api.open-meteo.com/v1/air-quality?latitude=40.643&longitude=-4.0076&current=pm2_5,pm10,nitrogen_dioxide,ozone:0
[    5545ms] [ERROR] Failed to load resource: the server responded with a status of 429 (Too Many Requests) @ https://air-quality-api.open-meteo.com/v1/air-quality?latitude=41.4924&longitude=2.1404&current=pm2_5,pm10,nitrogen_dioxide,ozone:0
[    5645ms] [ERROR] Failed to load resource: the server responded with a status of 429 (Too Many Requests) @ https://air-quality-api.open-meteo.com/v1/air-quality?latitude=41.5787&longitude=1.6172&current=pm2_5,pm10,nitrogen_dioxide,ozone:0
[    5646ms] [ERROR] Failed to load resource: the server responded with a status of 429 (Too Many Requests) @ https://air-quality-api.open-meteo.com/v1/air-quality?latitude=41.2212&longitude=1.535&current=pm2_5,pm10,nitrogen_dioxide,ozone:0
[    5646ms] [ERROR] Failed to load resource: the server responded with a status of 429 (Too Many Requests) @ https://air-quality-api.open-meteo.com/v1/air-quality?latitude=40.8125&longitude=0.5216&current=pm2_5,pm10,nitrogen_dioxide,ozone:0
[    5647ms] [ERROR] Failed to load resource: the server responded with a status of 429 (Too Many Requests) @ https://air-quality-api.open-meteo.com/v1/air-quality?latitude=41.3465&longitude=1.7002&current=pm2_5,pm10,nitrogen_dioxide,ozone:0
[    5647ms] [ERROR] Failed to load resource: the server responded with a status of 429 (Too Many Requests) @ https://air-quality-api.open-meteo.com/v1/air-quality?latitude=42.181&longitude=2.4901&current=pm2_5,pm10,nitrogen_dioxide,ozone:0
[    5647ms] [ERROR] Failed to load resource: the server responded with a status of 429 (Too Many Requests) @ https://air-quality-api.open-meteo.com/v1/air-quality?latitude=40.4704&longitude=0.4751&current=pm2_5,pm10,nitrogen_dioxide,ozone:0
[    5749ms] [ERROR] Failed to load resource: the server responded with a status of 429 (Too Many Requests) @ https://air-quality-api.open-meteo.com/v1/air-quality?latitude=39.8211&longitude=-0.237&current=pm2_5,pm10,nitrogen_dioxide,ozone:0
[    5749ms] [ERROR] Failed to load resource: the server responded with a status of 429 (Too Many Requests) @ https://air-quality-api.open-meteo.com/v1/air-quality?latitude=39.5086&longitude=-0.4131&current=pm2_5,pm10,nitrogen_dioxide,ozone:0
[    5749ms] [ERROR] Failed to load resource: the server responded with a status of 429 (Too Many Requests) @ https://air-quality-api.open-meteo.com/v1/air-quality?latitude=38.8225&longitude=-0.6059&current=pm2_5,pm10,nitrogen_dioxide,ozone:0
[    5750ms] [ERROR] Failed to load resource: the server responded with a status of 429 (Too Many Requests) @ https://air-quality-api.open-meteo.com/v1/air-quality?latitude=38.9882&longitude=-0.5186&current=pm2_5,pm10,nitrogen_dioxide,ozone:0
[    5750ms] [ERROR] Failed to load resource: the server responded with a status of 429 (Too Many Requests) @ https://air-quality-api.open-meteo.com/v1/air-quality?latitude=38.7891&longitude=0.1661&current=pm2_5,pm10,nitrogen_dioxide,ozone:0
[    5751ms] [ERROR] Failed to load resource: the server responded with a status of 429 (Too Many Requests) @ https://air-quality-api.open-meteo.com/v1/air-quality?latitude=38.8408&longitude=0.1061&current=pm2_5,pm10,nitrogen_dioxide,ozone:0
[    5852ms] [ERROR] Failed to load resource: the server responded with a status of 429 (Too Many Requests) @ https://air-quality-api.open-meteo.com/v1/air-quality?latitude=38.4283&longitude=-0.3956&current=pm2_5,pm10,nitrogen_dioxide,ozone:0
[    5852ms] [ERROR] Failed to load resource: the server responded with a status of 429 (Too Many Requests) @ https://air-quality-api.open-meteo.com/v1/air-quality?latitude=38.2494&longitude=-0.8115&current=pm2_5,pm10,nitrogen_dioxide,ozone:0
[    5852ms] [ERROR] Failed to load resource: the server responded with a status of 429 (Too Many Requests) @ https://air-quality-api.open-meteo.com/v1/air-quality?latitude=38.3976&longitude=-0.5255&current=pm2_5,pm10,nitrogen_dioxide,ozone:0
[    5853ms] [ERROR] Failed to load resource: the server responded with a status of 429 (Too Many Requests) @ https://air-quality-api.open-meteo.com/v1/air-quality?latitude=43.2135&longitude=-8.6914&current=pm2_5,pm10,nitrogen_dioxide,ozone:0
[    5853ms] [ERROR] Failed to load resource: the server responded with a status of 429 (Too Many Requests) @ https://air-quality-api.open-meteo.com/v1/air-quality?latitude=43.3328&longitude=-8.3168&current=pm2_5,pm10,nitrogen_dioxide,ozone:0
[    5853ms] [ERROR] Failed to load resource: the server responded with a status of 429 (Too Many Requests) @ https://air-quality-api.open-meteo.com/v1/air-quality?latitude=43.5015&longitude=-8.1925&current=pm2_5,pm10,nitrogen_dioxide,ozone:0
[    5918ms] [ERROR] Failed to load resource: the server responded with a status of 429 (Too Many Requests) @ https://air-quality-api.open-meteo.com/v1/air-quality?latitude=42.2831&longitude=-8.6083&current=pm2_5,pm10,nitrogen_dioxide,ozone:0
[    5919ms] [ERROR] Failed to load resource: the server responded with a status of 429 (Too Many Requests) @ https://air-quality-api.open-meteo.com/v1/air-quality?latitude=42.2635&longitude=-8.7844&current=pm2_5,pm10,nitrogen_dioxide,ozone:0
[    5919ms] [ERROR] Failed to load resource: the server responded with a status of 429 (Too Many Requests) @ https://air-quality-api.open-meteo.com/v1/air-quality?latitude=42.3921&longitude=-8.7042&current=pm2_5,pm10,nitrogen_dioxide,ozone:0
[    5919ms] [ERROR] Failed to load resource: the server responded with a status of 429 (Too Many Requests) @ https://air-quality-api.open-meteo.com/v1/air-quality?latitude=43.1843&longitude=-2.4729&current=pm2_5,pm10,nitrogen_dioxide,ozone:0
[    5919ms] [ERROR] Failed to load resource: the server responded with a status of 429 (Too Many Requests) @ https://air-quality-api.open-meteo.com/v1/air-quality?latitude=43.2846&longitude=-2.1741&current=pm2_5,pm10,nitrogen_dioxide,ozone:0
[    5920ms] [ERROR] Failed to load resource: the server responded with a status of 429 (Too Many Requests) @ https://air-quality-api.open-meteo.com/v1/air-quality?latitude=42.5562&longitude=-8.9912&current=pm2_5,pm10,nitrogen_dioxide,ozone:0
[    6010ms] [ERROR] Failed to load resource: the server responded with a status of 429 (Too Many Requests) @ https://air-quality-api.open-meteo.com/v1/air-quality?latitude=43.1362&longitude=-2.0722&current=pm2_5,pm10,nitrogen_dioxide,ozone:0
[    6010ms] [ERROR] Failed to load resource: the server responded with a status of 429 (Too Many Requests) @ https://air-quality-api.open-meteo.com/v1/air-quality?latitude=43.064&longitude=-2.4897&current=pm2_5,pm10,nitrogen_dioxide,ozone:0
[    6010ms] [ERROR] Failed to load resource: the server responded with a status of 429 (Too Many Requests) @ https://air-quality-api.open-meteo.com/v1/air-quality?latitude=43.2366&longitude=-2.8906&current=pm2_5,pm10,nitrogen_dioxide,ozone:0
[    6011ms] [ERROR] Failed to load resource: the server responded with a status of 429 (Too Many Requests) @ https://air-quality-api.open-meteo.com/v1/air-quality?latitude=43.3283&longitude=-2.9904&current=pm2_5,pm10,nitrogen_dioxide,ozone:0
[    6011ms] [ERROR] Failed to load resource: the server responded with a status of 429 (Too Many Requests) @ https://air-quality-api.open-meteo.com/v1/air-quality?latitude=28.4165&longitude=-16.5492&current=pm2_5,pm10,nitrogen_dioxide,ozone:0
[    6011ms] [ERROR] Failed to load resource: the server responded with a status of 429 (Too Many Requests) @ https://air-quality-api.open-meteo.com/v1/air-quality?latitude=43.2307&longitude=-2.8465&current=pm2_5,pm10,nitrogen_dioxide,ozone:0
[    6059ms] [ERROR] Failed to load resource: the server responded with a status of 429 (Too Many Requests) @ https://air-quality-api.open-meteo.com/v1/air-quality?latitude=28.3831&longitude=-16.5833&current=pm2_5,pm10,nitrogen_dioxide,ozone:0
[    6060ms] [ERROR] Failed to load resource: the server responded with a status of 429 (Too Many Requests) @ https://air-quality-api.open-meteo.com/v1/air-quality?latitude=28.1186&longitude=-15.5218&current=pm2_5,pm10,nitrogen_dioxide,ozone:0
[    6060ms] [ERROR] Failed to load resource: the server responded with a status of 429 (Too Many Requests) @ https://air-quality-api.open-meteo.com/v1/air-quality?latitude=27.9048&longitude=-15.4462&current=pm2_5,pm10,nitrogen_dioxide,ozone:0
[    6061ms] [ERROR] Failed to load resource: the server responded with a status of 429 (Too Many Requests) @ https://air-quality-api.open-meteo.com/v1/air-quality?latitude=39.5696&longitude=3.2096&current=pm2_5,pm10,nitrogen_dioxide,ozone:0
[    6061ms] [ERROR] Failed to load resource: the server responded with a status of 429 (Too Many Requests) @ https://air-quality-api.open-meteo.com/v1/air-quality?latitude=39.9997&longitude=3.8348&current=pm2_5,pm10,nitrogen_dioxide,ozone:0
[    6061ms] [ERROR] Failed to load resource: the server responded with a status of 429 (Too Many Requests) @ https://air-quality-api.open-meteo.com/v1/air-quality?latitude=39.7214&longitude=2.9113&current=pm2_5,pm10,nitrogen_dioxide,ozone:0
[    6160ms] [ERROR] Failed to load resource: the server responded with a status of 429 (Too Many Requests) @ https://air-quality-api.open-meteo.com/v1/air-quality?latitude=41.6702&longitude=-3.6892&current=pm2_5,pm10,nitrogen_dioxide,ozone:0
[    6160ms] [ERROR] Failed to load resource: the server responded with a status of 429 (Too Many Requests) @ https://air-quality-api.open-meteo.com/v1/air-quality?latitude=39.1555&longitude=-3.0223&current=pm2_5,pm10,nitrogen_dioxide,ozone:0
[    6160ms] [ERROR] Failed to load resource: the server responded with a status of 429 (Too Many Requests) @ https://air-quality-api.open-meteo.com/v1/air-quality?latitude=42.0028&longitude=-5.6783&current=pm2_5,pm10,nitrogen_dioxide,ozone:0
[    6160ms] [ERROR] Failed to load resource: the server responded with a status of 429 (Too Many Requests) @ https://air-quality-api.open-meteo.com/v1/air-quality?latitude=38.6871&longitude=-4.1073&current=pm2_5,pm10,nitrogen_dioxide,ozone:0
[    6161ms] [ERROR] Failed to load resource: the server responded with a status of 429 (Too Many Requests) @ https://air-quality-api.open-meteo.com/v1/air-quality?latitude=42.6865&longitude=-2.9469&current=pm2_5,pm10,nitrogen_dioxide,ozone:0
[    6161ms] [ERROR] Failed to load resource: the server responded with a status of 429 (Too Many Requests) @ https://air-quality-api.open-meteo.com/v1/air-quality?latitude=41.3056&longitude=-4.9142&current=pm2_5,pm10,nitrogen_dioxide,ozone:0
[    6261ms] [ERROR] Failed to load resource: the server responded with a status of 429 (Too Many Requests) @ https://air-quality-api.open-meteo.com/v1/air-quality?latitude=39.39&longitude=-3.2104&current=pm2_5,pm10,nitrogen_dioxide,ozone:0
[    6262ms] [ERROR] Failed to load resource: the server responded with a status of 429 (Too Many Requests) @ https://air-quality-api.open-meteo.com/v1/air-quality?latitude=43.3922&longitude=-5.6601&current=pm2_5,pm10,nitrogen_dioxide,ozone:0
[    6262ms] [ERROR] Failed to load resource: the server responded with a status of 429 (Too Many Requests) @ https://air-quality-api.open-meteo.com/v1/air-quality?latitude=37.741&longitude=-0.9542&current=pm2_5,pm10,nitrogen_dioxide,ozone:0
[    6262ms] [ERROR] Failed to load resource: the server responded with a status of 429 (Too Many Requests) @ https://air-quality-api.open-meteo.com/v1/air-quality?latitude=38.6146&longitude=-1.1118&current=pm2_5,pm10,nitrogen_dioxide,ozone:0
[    6263ms] [ERROR] Failed to load resource: the server responded with a status of 429 (Too Many Requests) @ https://air-quality-api.open-meteo.com/v1/air-quality?latitude=38.761&longitude=-3.3838&current=pm2_5,pm10,nitrogen_dioxide,ozone:0
[    6263ms] [ERROR] Failed to load resource: the server responded with a status of 429 (Too Many Requests) @ https://air-quality-api.open-meteo.com/v1/air-quality?latitude=37.4062&longitude=-1.5818&current=pm2_5,pm10,nitrogen_dioxide,ozone:0
[    6323ms] [ERROR] Failed to load resource: the server responded with a status of 429 (Too Many Requests) @ https://air-quality-api.open-meteo.com/v1/air-quality?latitude=43.2965&longitude=-5.683&current=pm2_5,pm10,nitrogen_dioxide,ozone:0
[    6323ms] [ERROR] Failed to load resource: the server responded with a status of 429 (Too Many Requests) @ https://air-quality-api.open-meteo.com/v1/air-quality?latitude=43.263&longitude=-2.935&current=pm2_5,pm10,nitrogen_dioxide,ozone:0
[    6324ms] [ERROR] Failed to load resource: the server responded with a status of 429 (Too Many Requests) @ https://air-quality-api.open-meteo.com/v1/air-quality?latitude=43.3828&longitude=-3.2185&current=pm2_5,pm10,nitrogen_dioxide,ozone:0
[    6324ms] [ERROR] Failed to load resource: the server responded with a status of 429 (Too Many Requests) @ https://air-quality-api.open-meteo.com/v1/air-quality?latitude=43.4241&longitude=-3.8566&current=pm2_5,pm10,nitrogen_dioxide,ozone:0
[    6325ms] [ERROR] Failed to load resource: the server responded with a status of 429 (Too Many Requests) @ https://air-quality-api.open-meteo.com/v1/air-quality?latitude=41.3874&longitude=2.1686&current=pm2_5,pm10,nitrogen_dioxide,ozone:0
[    6325ms] [ERROR] Failed to load resource: the server responded with a status of 429 (Too Many Requests) @ https://air-quality-api.open-meteo.com/v1/air-quality?latitude=39.4699&longitude=-0.3763&current=pm2_5,pm10,nitrogen_dioxide,ozone:0
[    6452ms] [ERROR] Failed to load resource: the server responded with a status of 429 (Too Many Requests) @ https://air-quality-api.open-meteo.com/v1/air-quality?latitude=41.6488&longitude=-0.8891&current=pm2_5,pm10,nitrogen_dioxide,ozone:0
[    6452ms] [ERROR] Failed to load resource: the server responded with a status of 429 (Too Many Requests) @ https://air-quality-api.open-meteo.com/v1/air-quality?latitude=37.1773&longitude=-3.5986&current=pm2_5,pm10,nitrogen_dioxide,ozone:0
[    6453ms] [ERROR] Failed to load resource: the server responded with a status of 429 (Too Many Requests) @ https://air-quality-api.open-meteo.com/v1/air-quality?latitude=43.3623&longitude=-8.4115&current=pm2_5,pm10,nitrogen_dioxide,ozone:0
[    6453ms] [ERROR] Failed to load resource: the server responded with a status of 429 (Too Many Requests) @ https://air-quality-api.open-meteo.com/v1/air-quality?latitude=37.8882&longitude=-4.7794&current=pm2_5,pm10,nitrogen_dioxide,ozone:0
[    6453ms] [ERROR] Failed to load resource: the server responded with a status of 429 (Too Many Requests) @ https://air-quality-api.open-meteo.com/v1/air-quality?latitude=36.7213&longitude=-4.4214&current=pm2_5,pm10,nitrogen_dioxide,ozone:0
[    6453ms] [ERROR] Failed to load resource: the server responded with a status of 429 (Too Many Requests) @ https://air-quality-api.open-meteo.com/v1/air-quality?latitude=38.3452&longitude=-0.481&current=pm2_5,pm10,nitrogen_dioxide,ozone:0
[    6520ms] [ERROR] Failed to load resource: the server responded with a status of 429 (Too Many Requests) @ https://air-quality-api.open-meteo.com/v1/air-quality?latitude=37.9922&longitude=-1.1307&current=pm2_5,pm10,nitrogen_dioxide,ozone:0
[    6525ms] [ERROR] Failed to load resource: the server responded with a status of 429 (Too Many Requests) @ https://air-quality-api.open-meteo.com/v1/air-quality?latitude=41.6523&longitude=-4.7245&current=pm2_5,pm10,nitrogen_dioxide,ozone:0
[    6526ms] [ERROR] Failed to load resource: the server responded with a status of 429 (Too Many Requests) @ https://air-quality-api.open-meteo.com/v1/air-quality?latitude=42.2406&longitude=-8.7207&current=pm2_5,pm10,nitrogen_dioxide,ozone:0
[    6526ms] [ERROR] Failed to load resource: the server responded with a status of 429 (Too Many Requests) @ https://air-quality-api.open-meteo.com/v1/air-quality?latitude=43.5322&longitude=-5.6611&current=pm2_5,pm10,nitrogen_dioxide,ozone:0
[    6526ms] [ERROR] Failed to load resource: the server responded with a status of 429 (Too Many Requests) @ https://air-quality-api.open-meteo.com/v1/air-quality?latitude=43.3183&longitude=-1.9812&current=pm2_5,pm10,nitrogen_dioxide,ozone:0
[    6526ms] [ERROR] Failed to load resource: the server responded with a status of 429 (Too Many Requests) @ https://air-quality-api.open-meteo.com/v1/air-quality?latitude=42.8125&longitude=-1.6458&current=pm2_5,pm10,nitrogen_dioxide,ozone:0
[    6577ms] [ERROR] Failed to load resource: the server responded with a status of 429 (Too Many Requests) @ https://air-quality-api.open-meteo.com/v1/air-quality?latitude=39.8628&longitude=-4.0273&current=pm2_5,pm10,nitrogen_dioxide,ozone:0
[    6578ms] [ERROR] Failed to load resource: the server responded with a status of 429 (Too Many Requests) @ https://air-quality-api.open-meteo.com/v1/air-quality?latitude=28.0333&longitude=-15.4998&current=pm2_5,pm10,nitrogen_dioxide,ozone:0
[    6578ms] [ERROR] Failed to load resource: the server responded with a status of 429 (Too Many Requests) @ https://air-quality-api.open-meteo.com/v1/air-quality?latitude=28.1472&longitude=-15.6503&current=pm2_5,pm10,nitrogen_dioxide,ozone:0
[    6578ms] [ERROR] Failed to load resource: the server responded with a status of 429 (Too Many Requests) @ https://air-quality-api.open-meteo.com/v1/air-quality?latitude=28.367&longitude=-16.7135&current=pm2_5,pm10,nitrogen_dioxide,ozone:0
[    6578ms] [ERROR] Failed to load resource: the server responded with a status of 429 (Too Many Requests) @ https://air-quality-api.open-meteo.com/v1/air-quality?latitude=28.0587&longitude=-15.5476&current=pm2_5,pm10,nitrogen_dioxide,ozone:0
[    6579ms] [ERROR] Failed to load resource: the server responded with a status of 429 (Too Many Requests) @ https://air-quality-api.open-meteo.com/v1/air-quality?latitude=28.3146&longitude=-16.4111&current=pm2_5,pm10,nitrogen_dioxide,ozone:0
[    6620ms] [ERROR] Failed to load resource: the server responded with a status of 429 (Too Many Requests) @ https://air-quality-api.open-meteo.com/v1/air-quality?latitude=28.3512&longitude=-14.1084&current=pm2_5,pm10,nitrogen_dioxide,ozone:0
[    6627ms] [ERROR] Failed to load resource: the server responded with a status of 429 (Too Many Requests) @ https://air-quality-api.open-meteo.com/v1/air-quality?latitude=28.3547&longitude=-16.3705&current=pm2_5,pm10,nitrogen_dioxide,ozone:0
[    6628ms] [ERROR] Failed to load resource: the server responded with a status of 429 (Too Many Requests) @ https://air-quality-api.open-meteo.com/v1/air-quality?latitude=28.3228&longitude=-14.0475&current=pm2_5,pm10,nitrogen_dioxide,ozone:0
[    6630ms] [ERROR] Failed to load resource: the server responded with a status of 429 (Too Many Requests) @ https://air-quality-api.open-meteo.com/v1/air-quality?latitude=28.48&longitude=-16.4158&current=pm2_5,pm10,nitrogen_dioxide,ozone:0
[    6631ms] [ERROR] Failed to load resource: the server responded with a status of 429 (Too Many Requests) @ https://air-quality-api.open-meteo.com/v1/air-quality?latitude=28.9542&longitude=-13.7663&current=pm2_5,pm10,nitrogen_dioxide,ozone:0
[    6632ms] [ERROR] Failed to load resource: the server responded with a status of 429 (Too Many Requests) @ https://air-quality-api.open-meteo.com/v1/air-quality?latitude=29.0607&longitude=-13.5594&current=pm2_5,pm10,nitrogen_dioxide,ozone:0
