{
  "type": "FeatureCollection",
  "features": [
    {
      "type": "Feature",
      "geometry": {
        "type": "LineString",
        "coordinates": [
          [
            -5.9937606,
            37.3872122
          ],
          [
            -5.9937745,
            37.3873657
          ],
          [
            -5.9937905,
            37.3875434
          ],
          [
            -5.9938214,
            37.3878857
          ]
        ]
      },
      "properties": {
        "highway": "living_street",
        "name": "Calle Cabo Noval",
        "sidewalk:left:width": "1.40",
        "source": "ide.Sevilla",
        "source:date": "2011",
        "surface": "sett"
      }
    },
    {
      "type": "Feature",
      "geometry": {
        "type": "LineString",
        "coordinates": [
          [
            -5.9906158,
            37.3907806
          ],
          [
            -5.9907848,
            37.3905045
          ],
          [
            -5.9908514,
            37.3903957
          ]
        ]
      },
      "properties": {
        "highway": "pedestrian",
        "name": "Calle San Juan",
        "surface": "paving_stones",
        "wikidata": "Q119472086"
      }
    },
    {
      "type": "Feature",
      "geometry": {
        "type": "LineString",
        "coordinates": [
          [
            -5.9899855,
            37.3896018
          ],
          [
            -5.989989,
            37.389568
          ],
          [
            -5.9900744,
            37.3894176
          ]
        ]
      },
      "properties": {
        "highway": "living_street",
        "name": "Calle Cabeza del Rey Don Pedro",
        "oneway": "yes",
        "sidewalk:left:width": "0.90",
        "sidewalk:right:width": "1.50",
        "smoothness": "good",
        "surface": "asphalt"
      }
    },
    {
      "type": "Feature",
      "geometry": {
        "type": "LineString",
        "coordinates": [
          [
            -5.991108,
            37.390753
          ],
          [
            -5.9910974,
            37.39075
          ],
          [
            -5.990905,
            37.3906953
          ],
          [
            -5.9909647,
            37.3905626
          ],
          [
            -5.9910184,
            37.390443
          ]
        ]
      },
      "properties": {
        "highway": "pedestrian",
        "name": "Calle Guardamino",
        "surface": "paving_stones",
        "wikidata": "Q119553413"
      }
    },
    {
      "type": "Feature",
      "geometry": {
        "type": "LineString",
        "coordinates": [
          [
            -5.9914503,
            37.3922723
          ],
          [
            -5.9909893,
            37.3922119
          ],
          [
            -5.9907918,
            37.3922527
          ]
        ]
      },
      "properties": {
        "highway": "living_street",
        "lit": "yes",
        "name": "Calle Jos\u00e9 Luis Luque",
        "sidewalk": "both",
        "smoothness": "excellent",
        "surface": "paving_stones"
      }
    },
    {
      "type": "Feature",
      "geometry": {
        "type": "LineString",
        "coordinates": [
          [
            -5.9897003,
            37.3899727
          ],
          [
            -5.9900061,
            37.3900144
          ],
          [
            -5.9901643,
            37.3900527
          ],
          [
            -5.9902474,
            37.3900712
          ]
        ]
      },
      "properties": {
        "highway": "living_street",
        "maxspeed": "20",
        "name": "Calle Alfalfa",
        "oneway": "yes",
        "sidewalk:both:width": "0.80",
        "smoothness": "good",
        "source:maxspeed": "sign",
        "surface": "asphalt"
      }
    },
    {
      "type": "Feature",
      "geometry": {
        "type": "LineString",
        "coordinates": [
          [
            -5.9941724,
            37.3891096
          ],
          [
            -5.9941744,
            37.3891386
          ],
          [
            -5.9941999,
            37.3894025
          ],
          [
            -5.9942034,
            37.3894447
          ],
          [
            -5.9943215,
            37.39007
          ],
          [
            -5.9943393,
            37.3900885
          ],
          [
            -5.9943778,
            37.3903058
          ],
          [
            -5.9944309,
            37.390606
          ],
          [
            -5.994454,
            37.3906925
          ],
          [
            -5.9945188,
            37.3909351
          ],
          [
            -5.994537,
            37.3910271
          ],
          [
            -5.9946631,
            37.3913112
          ],
          [
            -5.9947578,
            37.3916966
          ],
          [
            -5.994804,
            37.3918845
          ],
          [
            -5.9948197,
            37.3920068
          ],
          [
            -5.9948462,
            37.3922123
          ],
          [
            -5.9948607,
            37.392325
          ],
          [
            -5.9948638,
            37.3923395
          ],
          [
            -5.994913,
            37.3925694
          ],
          [
            -5.9949658,
            37.3926079
          ],
          [
            -5.9950168,
            37.392634
          ],
          [
            -5.9950751,
            37.3926399
          ],
          [
            -5.9954047,
            37.3926158
          ]
        ]
      },
      "properties": {
        "bicycle": "yes",
        "bicycle:conditional": "dismount@10:00-22:00",
        "highway": "pedestrian",
        "lit": "yes",
        "maxspeed": "10",
        "name": "Calle Sierpes",
        "smoothness": "excellent",
        "surface": "paving_stones"
      }
    },
    {
      "type": "Feature",
      "geometry": {
        "type": "LineString",
        "coordinates": [
          [
            -5.9932818,
            37.3903829
          ],
          [
            -5.9932847,
            37.3903968
          ],
          [
            -5.9933087,
            37.3905134
          ],
          [
            -5.9933977,
            37.3908924
          ],
          [
            -5.9934491,
            37.391168
          ],
          [
            -5.993487,
            37.391391
          ],
          [
            -5.993509,
            37.3915203
          ],
          [
            -5.993594,
            37.3921938
          ],
          [
            -5.9936105,
            37.3924168
          ],
          [
            -5.9936356,
            37.3927531
          ],
          [
            -5.9936515,
            37.3928181
          ]
        ]
      },
      "properties": {
        "highway": "pedestrian",
        "lit": "yes",
        "maxspeed": "10",
        "name": "Calle Cuna",
        "surface": "sett",
        "wikidata": "Q5740474"
      }
    },
    {
      "type": "Feature",
      "geometry": {
        "type": "LineString",
        "coordinates": [
          [
            -5.9911143,
            37.3911378
          ],
          [
            -5.9912558,
            37.3911551
          ],
          [
            -5.9916446,
            37.3911984
          ]
        ]
      },
      "properties": {
        "highway": "living_street",
        "lit": "yes",
        "name": "Calle Don Alonso el Sabio",
        "sidewalk": "no",
        "surface": "cobblestone",
        "wikidata": "Q119713852"
      }
    },
    {
      "type": "Feature",
      "geometry": {
        "type": "LineString",
        "coordinates": [
          [
            -5.9910184,
            37.390443
          ],
          [
            -5.9911464,
            37.3904157
          ],
          [
            -5.9911657,
            37.390412
          ],
          [
            -5.9911815,
            37.3904092
          ],
          [
            -5.9912541,
            37.3903961
          ],
          [
            -5.9914485,
            37.3903886
          ],
          [
            -5.9915019,
            37.3903821
          ],
          [
            -5.9916716,
            37.3903614
          ],
          [
            -5.9919291,
            37.3903614
          ],
          [
            -5.9921612,
            37.3903664
          ],
          [
            -5.9921939,
            37.3903666
          ],
          [
            -5.9923879,
            37.3903612
          ]
        ]
      },
      "properties": {
        "highway": "pedestrian",
        "name": "Calle Alcaicer\u00eda de la Loza",
        "smoothness": "good",
        "surface": "paving_stones",
        "wikidata": "Q119713864"
      }
    },
    {
      "type": "Feature",
      "geometry": {
        "type": "LineString",
        "coordinates": [
          [
            -5.9911844,
            37.3902486
          ],
          [
            -5.9912046,
            37.3902483
          ],
          [
            -5.991397,
            37.3902454
          ],
          [
            -5.9915916,
            37.3902463
          ],
          [
            -5.9920277,
            37.3902389
          ],
          [
            -5.9922121,
            37.3902452
          ],
          [
            -5.9923689,
            37.390255
          ]
        ]
      },
      "properties": {
        "highway": "pedestrian",
        "name": "Calle Herbolarios",
        "old_name": "Calle Ferreter\u00eda de la Plaza del Pan",
        "surface": "paving_stones"
      }
    },
    {
      "type": "Feature",
      "geometry": {
        "type": "LineString",
        "coordinates": [
          [
            -5.98851,
            37.3928804
          ],
          [
            -5.9885164,
            37.3928365
          ],
          [
            -5.9886154,
            37.3923255
          ],
          [
            -5.9886905,
            37.3918727
          ],
          [
            -5.9887978,
            37.391501
          ]
        ]
      },
      "properties": {
        "highway": "living_street",
        "lit": "yes",
        "name": "Calle Alh\u00f3ndiga",
        "name:etymology:wikidata": "Q17455727",
        "oneway": "yes",
        "parking:both": "no",
        "sidewalk": "both",
        "source": "ide.Sevilla",
        "surface": "asphalt"
      }
    },
    {
      "type": "Feature",
      "geometry": {
        "type": "LineString",
        "coordinates": [
          [
            -5.9896362,
            37.3914677
          ],
          [
            -5.9895581,
            37.3914767
          ],
          [
            -5.9893256,
            37.3915288
          ],
          [
            -5.9891455,
            37.3915468
          ],
          [
            -5.9889895,
            37.3915381
          ],
          [
            -5.9887978,
            37.391501
          ]
        ]
      },
      "properties": {
        "highway": "residential",
        "lane_markings": "no",
        "name": "Calle Dormitorio",
        "oneway": "yes",
        "sidewalk": "no",
        "surface": "asphalt"
      }
    },
    {
      "type": "Feature",
      "geometry": {
        "type": "LineString",
        "coordinates": [
          [
            -5.9937905,
            37.3875434
          ],
          [
            -5.9941115,
            37.3875152
          ],
          [
            -5.9942661,
            37.3875021
          ]
        ]
      },
      "properties": {
        "bicycle": "yes",
        "highway": "pedestrian",
        "name": "Calle Felipe P\u00e9rez",
        "surface": "sett"
      }
    },
    {
      "type": "Feature",
      "geometry": {
        "type": "LineString",
        "coordinates": [
          [
            -5.9937745,
            37.3873657
          ],
          [
            -5.9936489,
            37.3873785
          ]
        ]
      },
      "properties": {
        "highway": "steps",
        "name": "Calle Florent\u00edn",
        "source": "Bing",
        "source:date": "2013",
        "surface": "paving_stones"
      }
    },
    {
      "type": "Feature",
      "geometry": {
        "type": "LineString",
        "coordinates": [
          [
            -5.9933733,
            37.3893686
          ],
          [
            -5.9933618,
            37.3893186
          ],
          [
            -5.9933548,
            37.3892882
          ],
          [
            -5.9932971,
            37.3890387
          ],
          [
            -5.9932786,
            37.3888101
          ],
          [
            -5.9932615,
            37.3886259
          ],
          [
            -5.9932782,
            37.388275
          ],
          [
            -5.9932138,
            37.3880283
          ],
          [
            -5.993215,
            37.3877852
          ],
          [
            -5.9931291,
            37.3875005
          ],
          [
            -5.993127,
            37.3873764
          ],
          [
            -5.9931269,
            37.3872077
          ],
          [
            -5.9930937,
            37.3870752
          ],
          [
            -5.9930565,
            37.386955
          ]
        ]
      },
      "properties": {
        "highway": "pedestrian",
        "lit": "yes",
        "name": "Calle \u00c1lvarez Quintero",
        "name:etymology:wikidata": "Q2879473",
        "surface": "paving_stones"
      }
    },
    {
      "type": "Feature",
      "geometry": {
        "type": "LineString",
        "coordinates": [
          [
            -5.9934248,
            37.3873669
          ],
          [
            -5.9934076,
            37.3873688
          ],
          [
            -5.9933659,
            37.3873733
          ],
          [
            -5.993127,
            37.3873764
          ]
        ]
      },
      "properties": {
        "highway": "pedestrian",
        "name": "Calle Rodr\u00edguez Zapata",
        "surface": "paving_stones"
      }
    },
    {
      "type": "Feature",
      "geometry": {
        "type": "LineString",
        "coordinates": [
          [
            -5.9939806,
            37.3887345
          ],
          [
            -5.9939636,
            37.3887369
          ],
          [
            -5.993914,
            37.3887438
          ],
          [
            -5.9937351,
            37.3887691
          ],
          [
            -5.9935027,
            37.3887858
          ],
          [
            -5.9932786,
            37.3888101
          ]
        ]
      },
      "properties": {
        "highway": "pedestrian",
        "name": "Calle Chicarreros",
        "surface": "paving_stones"
      }
    },
    {
      "type": "Feature",
      "geometry": {
        "type": "LineString",
        "coordinates": [
          [
            -5.9929691,
            37.3870837
          ],
          [
            -5.9928714,
            37.3872875
          ],
          [
            -5.9927952,
            37.3875195
          ],
          [
            -5.9927781,
            37.3876348
          ],
          [
            -5.9927719,
            37.3877743
          ],
          [
            -5.992742,
            37.3878937
          ]
        ]
      },
      "properties": {
        "highway": "pedestrian",
        "lit": "yes",
        "name": "Calle Conteros",
        "surface": "paving_stones"
      }
    },
    {
      "type": "Feature",
      "geometry": {
        "type": "LineString",
        "coordinates": [
          [
            -5.9925164,
            37.3866832
          ],
          [
            -5.9925025,
            37.3867345
          ],
          [
            -5.9924626,
            37.386844
          ],
          [
            -5.9924505,
            37.3871435
          ],
          [
            -5.9924627,
            37.3874476
          ]
        ]
      },
      "properties": {
        "highway": "pedestrian",
        "lit": "yes",
        "name": "Calle Placentines",
        "surface": "paving_stones"
      }
    },
    {
      "type": "Feature",
      "geometry": {
        "type": "LineString",
        "coordinates": [
          [
            -5.9932615,
            37.3886259
          ],
          [
            -5.9927374,
            37.3885967
          ]
        ]
      },
      "properties": {
        "highway": "pedestrian",
        "lit": "yes",
        "name": "Calle Chapineros",
        "surface": "paving_stones"
      }
    },
    {
      "type": "Feature",
      "geometry": {
        "type": "LineString",
        "coordinates": [
          [
            -5.9926409,
            37.3887722
          ],
          [
            -5.992497,
            37.3886889
          ],
          [
            -5.9923171,
            37.3885271
          ]
        ]
      },
      "properties": {
        "highway": "pedestrian",
        "lit": "yes",
        "name": "Calle Pajaritos",
        "surface": "paving_stones"
      }
    },
    {
      "type": "Feature",
      "geometry": {
        "type": "LineString",
        "coordinates": [
          [
            -5.9911693,
            37.3892046
          ],
          [
            -5.9912288,
            37.3890607
          ],
          [
            -5.9912838,
            37.3888621
          ],
          [
            -5.991284,
            37.3887191
          ],
          [
            -5.9913367,
            37.3886672
          ],
          [
            -5.9914049,
            37.3886361
          ]
        ]
      },
      "properties": {
        "highway": "living_street",
        "lit": "yes",
        "name": "Calle Manuel Rojas Marcos",
        "oneway": "yes",
        "sidewalk": "no",
        "surface": "sett"
      }
    },
    {
      "type": "Feature",
      "geometry": {
        "type": "LineString",
        "coordinates": [
          [
            -5.9925694,
            37.3891791
          ],
          [
            -5.9920928,
            37.3891546
          ],
          [
            -5.9914269,
            37.3891907
          ]
        ]
      },
      "properties": {
        "highway": "pedestrian",
        "lit": "yes",
        "name": "Calle San Isidoro",
        "name:etymology:wikidata": "Q166876",
        "surface": "sett"
      }
    },
    {
      "type": "Feature",
      "geometry": {
        "type": "LineString",
        "coordinates": [
          [
            -5.9932639,
            37.3902981
          ],
          [
            -5.9931164,
            37.3903187
          ],
          [
            -5.9930571,
            37.3903344
          ],
          [
            -5.9930437,
            37.3903549
          ],
          [
            -5.993039,
            37.3903759
          ],
          [
            -5.9930246,
            37.3903893
          ],
          [
            -5.9930007,
            37.3903959
          ],
          [
            -5.9927497,
            37.3904171
          ],
          [
            -5.9927081,
            37.3904206
          ],
          [
            -5.9923947,
            37.3904468
          ]
        ]
      },
      "properties": {
        "highway": "pedestrian",
        "name": "Calle C\u00f3rdoba",
        "surface": "paving_stones"
      }
    },
    {
      "type": "Feature",
      "geometry": {
        "type": "LineString",
        "coordinates": [
          [
            -5.9923711,
            37.3910322
          ],
          [
            -5.9922456,
            37.3910922
          ],
          [
            -5.9921588,
            37.3912557
          ],
          [
            -5.9920959,
            37.3915536
          ],
          [
            -5.9920699,
            37.3917165
          ],
          [
            -5.9919761,
            37.3922177
          ]
        ]
      },
      "properties": {
        "highway": "pedestrian",
        "lit": "yes",
        "name": "Calle Puente y Pell\u00f3n",
        "surface": "paving_stones",
        "wikidata": "Q122806738"
      }
    },
    {
      "type": "Feature",
      "geometry": {
        "type": "LineString",
        "coordinates": [
          [
            -5.9908727,
            37.38977
          ],
          [
            -5.9909063,
            37.3897211
          ],
          [
            -5.9909947,
            37.3895922
          ],
          [
            -5.9910059,
            37.3895453
          ],
          [
            -5.9910756,
            37.3892533
          ]
        ]
      },
      "properties": {
        "highway": "living_street",
        "lit": "yes",
        "maxwidth": "1.80",
        "name": "Calle Luchana",
        "name:etymology:wikidata": "Q3310734",
        "oneway": "yes",
        "sidewalk": "both",
        "surface": "sett"
      }
    },
    {
      "type": "Feature",
      "geometry": {
        "type": "LineString",
        "coordinates": [
          [
            -5.9911281,
            37.3907046
          ],
          [
            -5.9912838,
            37.3907593
          ],
          [
            -5.9914126,
            37.390816
          ],
          [
            -5.9915183,
            37.3908388
          ]
        ]
      },
      "properties": {
        "highway": "pedestrian",
        "name": "Calle Golfo",
        "surface": "sett"
      }
    },
    {
      "type": "Feature",
      "geometry": {
        "type": "LineString",
        "coordinates": [
          [
            -5.9921612,
            37.3903664
          ],
          [
            -5.9921261,
            37.3906827
          ],
          [
            -5.9920318,
            37.390719
          ],
          [
            -5.9919957,
            37.3908531
          ],
          [
            -5.9918764,
            37.3908546
          ],
          [
            -5.9919028,
            37.3910278
          ],
          [
            -5.9916798,
            37.3910894
          ],
          [
            -5.9916446,
            37.3911984
          ]
        ]
      },
      "properties": {
        "highway": "pedestrian",
        "name": "Calle Siete Revueltas",
        "surface": "cobblestone"
      }
    },
    {
      "type": "Feature",
      "geometry": {
        "type": "LineString",
        "coordinates": [
          [
            -5.9918406,
            37.3905542
          ],
          [
            -5.9918589,
            37.3907651
          ],
          [
            -5.9918764,
            37.3908546
          ]
        ]
      },
      "properties": {
        "highway": "pedestrian",
        "name": "Calle Siete Revueltas",
        "surface": "paving_stones"
      }
    },
    {
      "type": "Feature",
      "geometry": {
        "type": "LineString",
        "coordinates": [
          [
            -5.9899538,
            37.3913636
          ],
          [
            -5.9902783,
            37.3913699
          ],
          [
            -5.9903584,
            37.3913714
          ],
          [
            -5.9904159,
            37.3913832
          ],
          [
            -5.9904437,
            37.391411
          ],
          [
            -5.9904581,
            37.3914464
          ],
          [
            -5.990464,
            37.391619
          ]
        ]
      },
      "properties": {
        "highway": "pedestrian",
        "name": "Calle Morer\u00eda",
        "surface": "cobblestone"
      }
    },
    {
      "type": "Feature",
      "geometry": {
        "type": "LineString",
        "coordinates": [
          [
            -5.9904187,
            37.3907379
          ],
          [
            -5.9903032,
            37.3908831
          ],
          [
            -5.9900893,
            37.3910757
          ],
          [
            -5.9900171,
            37.3911576
          ],
          [
            -5.9899773,
            37.3912139
          ],
          [
            -5.9899659,
            37.3912721
          ],
          [
            -5.9899538,
            37.3913636
          ],
          [
            -5.9899116,
            37.3914802
          ]
        ]
      },
      "properties": {
        "highway": "living_street",
        "name": "Calle Sales y Ferr\u00e9",
        "oneway": "yes",
        "sidewalk:both:width": "0.50",
        "surface": "asphalt"
      }
    },
    {
      "type": "Feature",
      "geometry": {
        "type": "LineString",
        "coordinates": [
          [
            -5.995463,
            37.3919207
          ],
          [
            -5.9954229,
            37.3919154
          ],
          [
            -5.9948977,
            37.3918775
          ],
          [
            -5.994804,
            37.3918845
          ]
        ]
      },
      "properties": {
        "highway": "pedestrian",
        "name": "Calle Pedro Caravaca",
        "surface": "paving_stones"
      }
    },
    {
      "type": "Feature",
      "geometry": {
        "type": "LineString",
        "coordinates": [
          [
            -5.9947673,
            37.3866599
          ],
          [
            -5.9947258,
            37.3867362
          ],
          [
            -5.994604,
            37.3872326
          ],
          [
            -5.994522,
            37.387586
          ],
          [
            -5.9944762,
            37.3878671
          ],
          [
            -5.9943655,
            37.3879305
          ]
        ]
      },
      "properties": {
        "highway": "pedestrian",
        "name": "Calle Fern\u00e1ndez y Gonz\u00e1lez",
        "surface": "paving_stones"
      }
    },
    {
      "type": "Feature",
      "geometry": {
        "type": "LineString",
        "coordinates": [
          [
            -5.9925585,
            37.3894138
          ],
          [
            -5.9929113,
            37.3895428
          ],
          [
            -5.9932023,
            37.3896493
          ],
          [
            -5.9932245,
            37.3896574
          ]
        ]
      },
      "properties": {
        "highway": "pedestrian",
        "lit": "yes",
        "name": "Calle Blanca de los R\u00edos",
        "surface": "paving_stones"
      }
    },
    {
      "type": "Feature",
      "geometry": {
        "type": "LineString",
        "coordinates": [
          [
            -5.9914667,
            37.3869358
          ],
          [
            -5.9913993,
            37.3869018
          ],
          [
            -5.9911239,
            37.3866967
          ]
        ]
      },
      "properties": {
        "highway": "pedestrian",
        "lit": "yes",
        "name": "Calle Cardenal Sanz y Fores",
        "surface": "sett"
      }
    },
    {
      "type": "Feature",
      "geometry": {
        "type": "LineString",
        "coordinates": [
          [
            -5.994537,
            37.3910271
          ],
          [
            -5.9941711,
            37.391079
          ],
          [
            -5.9934491,
            37.391168
          ]
        ]
      },
      "properties": {
        "highway": "pedestrian",
        "lit": "yes",
        "name": "Calle Cerrajer\u00eda",
        "smoothness": "good",
        "surface": "paving_stones"
      }
    },
    {
      "type": "Feature",
      "geometry": {
        "type": "LineString",
        "coordinates": [
          [
            -5.9943215,
            37.39007
          ],
          [
            -5.9938089,
            37.3901223
          ],
          [
            -5.9936691,
            37.3901366
          ],
          [
            -5.9932631,
            37.3902058
          ],
          [
            -5.993238,
            37.390209
          ]
        ]
      },
      "properties": {
        "bicycle": "yes",
        "highway": "pedestrian",
        "lit": "yes",
        "maxspeed": "10",
        "name": "Calle Sagasta",
        "surface": "paving_stones"
      }
    },
    {
      "type": "Feature",
      "geometry": {
        "type": "LineString",
        "coordinates": [
          [
            -5.9937839,
            37.3936129
          ],
          [
            -5.9936547,
            37.3936216
          ],
          [
            -5.9933788,
            37.3936329
          ],
          [
            -5.992986,
            37.3936346
          ],
          [
            -5.9928394,
            37.3936269
          ],
          [
            -5.9927811,
            37.393618
          ],
          [
            -5.9927329,
            37.3936039
          ],
          [
            -5.9926888,
            37.3935985
          ],
          [
            -5.9926588,
            37.393598
          ],
          [
            -5.9926303,
            37.3936014
          ],
          [
            -5.9925994,
            37.3936074
          ],
          [
            -5.9925717,
            37.3936175
          ],
          [
            -5.9924551,
            37.3936635
          ]
        ]
      },
      "properties": {
        "highway": "pedestrian",
        "name": "Calle Jos\u00e9 Gestoso",
        "old_name": "Calle de La Venera",
        "surface": "paving_stones"
      }
    },
    {
      "type": "Feature",
      "geometry": {
        "type": "LineString",
        "coordinates": [
          [
            -5.9920699,
            37.3917165
          ],
          [
            -5.9922651,
            37.3917071
          ],
          [
            -5.9924763,
            37.3917359
          ],
          [
            -5.9925649,
            37.3918356
          ],
          [
            -5.9925999,
            37.3918581
          ]
        ]
      },
      "properties": {
        "highway": "pedestrian",
        "lit": "yes",
        "name": "Calle Goyeneta",
        "surface": "paving_stones"
      }
    },
    {
      "type": "Feature",
      "geometry": {
        "type": "LineString",
        "coordinates": [
          [
            -5.9933977,
            37.3908924
          ],
          [
            -5.9932444,
            37.3909147
          ],
          [
            -5.9930931,
            37.390932
          ],
          [
            -5.9931001,
            37.3910879
          ],
          [
            -5.9927451,
            37.3910941
          ],
          [
            -5.9923711,
            37.3910322
          ]
        ]
      },
      "properties": {
        "bicycle": "yes",
        "highway": "pedestrian",
        "maxspeed": "10",
        "name": "Calle Lagar",
        "surface": "paving_stones"
      }
    },
    {
      "type": "Feature",
      "geometry": {
        "type": "LineString",
        "coordinates": [
          [
            -5.993487,
            37.391391
          ],
          [
            -5.9931788,
            37.3913672
          ],
          [
            -5.992737,
            37.3913075
          ]
        ]
      },
      "properties": {
        "bicycle": "yes",
        "highway": "pedestrian",
        "maxspeed": "10",
        "name": "Calle Acetres",
        "surface": "paving_stones",
        "wikidata": "Q119403183"
      }
    },
    {
      "type": "Feature",
      "geometry": {
        "type": "LineString",
        "coordinates": [
          [
            -5.9946631,
            37.3913112
          ],
          [
            -5.9942751,
            37.3914092
          ],
          [
            -5.9940617,
            37.391449
          ],
          [
            -5.993509,
            37.3915203
          ]
        ]
      },
      "properties": {
        "highway": "pedestrian",
        "name": "Calle Rivero",
        "surface": "paving_stones"
      }
    },
    {
      "type": "Feature",
      "geometry": {
        "type": "LineString",
        "coordinates": [
          [
            -5.9910857,
            37.3874941
          ],
          [
            -5.9910367,
            37.387525
          ],
          [
            -5.9903614,
            37.3872209
          ],
          [
            -5.9903089,
            37.3871957
          ],
          [
            -5.9901992,
            37.3871543
          ],
          [
            -5.9900343,
            37.3870423
          ],
          [
            -5.9896581,
            37.3868311
          ]
        ]
      },
      "properties": {
        "highway": "residential",
        "maxspeed": "30",
        "maxwidth": "1.8",
        "name": "Calle Guzm\u00e1n el Bueno",
        "oneway": "yes",
        "surface": "cobblestone"
      }
    },
    {
      "type": "Feature",
      "geometry": {
        "type": "LineString",
        "coordinates": [
          [
            -5.9909062,
            37.3882106
          ],
          [
            -5.9905665,
            37.3881305
          ],
          [
            -5.9903677,
            37.3880222
          ]
        ]
      },
      "properties": {
        "highway": "living_street",
        "lit": "yes",
        "name": "Calle Aire",
        "sidewalk": "no",
        "surface": "sett"
      }
    },
    {
      "type": "Feature",
      "geometry": {
        "type": "LineString",
        "coordinates": [
          [
            -5.9911239,
            37.3866967
          ],
          [
            -5.9911174,
            37.386651
          ],
          [
            -5.9911264,
            37.3863289
          ],
          [
            -5.9910425,
            37.3863325
          ],
          [
            -5.9909843,
            37.3862499
          ],
          [
            -5.9909116,
            37.3860944
          ]
        ]
      },
      "properties": {
        "highway": "pedestrian",
        "name": "Calle Abades",
        "surface": "paving_stones"
      }
    },
    {
      "type": "Feature",
      "geometry": {
        "type": "LineString",
        "coordinates": [
          [
            -5.9911174,
            37.386651
          ],
          [
            -5.9909679,
            37.3865898
          ],
          [
            -5.9907905,
            37.3864746
          ],
          [
            -5.9904392,
            37.3861845
          ]
        ]
      },
      "properties": {
        "highway": "pedestrian",
        "name": "Calle \u00c1ngeles",
        "surface": "paving_stones"
      }
    },
    {
      "type": "Feature",
      "geometry": {
        "type": "LineString",
        "coordinates": [
          [
            -5.9905665,
            37.3881305
          ],
          [
            -5.9904149,
            37.3882033
          ]
        ]
      },
      "properties": {
        "highway": "pedestrian",
        "lit": "yes",
        "name": "Calle M\u00e1rmoles",
        "surface": "paving_stones"
      }
    },
    {
      "type": "Feature",
      "geometry": {
        "type": "LineString",
        "coordinates": [
          [
            -5.9912318,
            37.3854405
          ],
          [
            -5.9912168,
            37.3854236
          ],
          [
            -5.9911914,
            37.385393
          ],
          [
            -5.9912234,
            37.3853743
          ],
          [
            -5.9911505,
            37.3852751
          ],
          [
            -5.9911362,
            37.385283
          ],
          [
            -5.9911003,
            37.3852372
          ],
          [
            -5.9910701,
            37.3852518
          ],
          [
            -5.9910391,
            37.3852667
          ],
          [
            -5.9908981,
            37.3853346
          ],
          [
            -5.9909239,
            37.3853758
          ],
          [
            -5.990934,
            37.3853993
          ],
          [
            -5.9909489,
            37.385434
          ],
          [
            -5.9909941,
            37.385502
          ],
          [
            -5.9909992,
            37.3855001
          ],
          [
            -5.9910181,
            37.3855308
          ],
          [
            -5.9910238,
            37.3855289
          ],
          [
            -5.9910464,
            37.3855181
          ],
          [
            -5.9910992,
            37.3855052
          ],
          [
            -5.9911437,
            37.3854944
          ],
          [
            -5.9912469,
            37.3854575
          ],
          [
            -5.9912318,
            37.3854405
          ]
        ]
      },
      "properties": {
        "area": "yes",
        "area:highway": "pedestrian",
        "highway": "pedestrian",
        "lit": "yes",
        "name": "Plaza de la Alianza",
        "place": "square",
        "surface": "sett"
      }
    },
    {
      "type": "Feature",
      "geometry": {
        "type": "LineString",
        "coordinates": [
          [
            -5.9906952,
            37.3856761
          ],
          [
            -5.9906027,
            37.3856314
          ],
          [
            -5.990083,
            37.3857397
          ]
        ]
      },
      "properties": {
        "highway": "living_street",
        "name": "Pasaje de Andreu",
        "sidewalk": "both",
        "surface": "sett"
      }
    },
    {
      "type": "Feature",
      "geometry": {
        "type": "LineString",
        "coordinates": [
          [
            -5.9900977,
            37.385781
          ],
          [
            -5.9897918,
            37.3858329
          ],
          [
            -5.9896116,
            37.3859019
          ],
          [
            -5.989567,
            37.385919
          ],
          [
            -5.9895297,
            37.3859528
          ],
          [
            -5.9894667,
            37.3859806
          ],
          [
            -5.9894627,
            37.3860102
          ],
          [
            -5.9893377,
            37.3860607
          ],
          [
            -5.9893123,
            37.386072
          ]
        ]
      },
      "properties": {
        "highway": "pedestrian",
        "lit": "yes",
        "name": "Calle Xim\u00e9nez de Enciso",
        "surface": "sett"
      }
    },
    {
      "type": "Feature",
      "geometry": {
        "type": "LineString",
        "coordinates": [
          [
            -5.9899433,
            37.3861632
          ],
          [
            -5.989742,
            37.3861229
          ],
          [
            -5.9895639,
            37.3860661
          ],
          [
            -5.9895053,
            37.3860202
          ],
          [
            -5.9894627,
            37.3860102
          ]
        ]
      },
      "properties": {
        "highway": "pedestrian",
        "lit": "yes",
        "name": "Calle Mes\u00f3n del Moro",
        "surface": "sett"
      }
    },
    {
      "type": "Feature",
      "geometry": {
        "type": "LineString",
        "coordinates": [
          [
            -5.9900977,
            37.385781
          ],
          [
            -5.990083,
            37.3857397
          ],
          [
            -5.9899878,
            37.3855193
          ],
          [
            -5.9897912,
            37.385225
          ],
          [
            -5.989729,
            37.3851318
          ]
        ]
      },
      "properties": {
        "highway": "pedestrian",
        "name": "Calle Jamerdana",
        "surface": "sett"
      }
    },
    {
      "type": "Feature",
      "geometry": {
        "type": "LineString",
        "coordinates": [
          [
            -5.9897912,
            37.385225
          ],
          [
            -5.9892617,
            37.3854511
          ]
        ]
      },
      "properties": {
        "highway": "pedestrian",
        "maxwidth": "1",
        "name": "Calle Reinoso",
        "surface": "paving_stones"
      }
    },
    {
      "type": "Feature",
      "geometry": {
        "type": "LineString",
        "coordinates": [
          [
            -5.9893462,
            37.387178
          ],
          [
            -5.9891712,
            37.3870634
          ],
          [
            -5.9889967,
            37.386971
          ],
          [
            -5.988742,
            37.3867656
          ]
        ]
      },
      "properties": {
        "highway": "living_street",
        "name": "Calle Fabiola",
        "oneway": "yes",
        "sidewalk": "no",
        "surface": "cobblestone"
      }
    },
    {
      "type": "Feature",
      "geometry": {
        "type": "LineString",
        "coordinates": [
          [
            -5.9893377,
            37.3860607
          ],
          [
            -5.989236,
            37.3859473
          ],
          [
            -5.9891292,
            37.3858312
          ],
          [
            -5.9890515,
            37.3857879
          ],
          [
            -5.9890096,
            37.3857089
          ],
          [
            -5.9889167,
            37.3857433
          ],
          [
            -5.9887593,
            37.3855295
          ],
          [
            -5.9887824,
            37.3855188
          ],
          [
            -5.9885971,
            37.3852422
          ]
        ]
      },
      "properties": {
        "bicycle": "yes",
        "cycleway": "no",
        "highway": "pedestrian",
        "lit": "yes",
        "motor_vehicle": "no",
        "name": "Calle Santa Teresa",
        "surface": "sett"
      }
    },
    {
      "type": "Feature",
      "geometry": {
        "type": "LineString",
        "coordinates": [
          [
            -5.988281,
            37.3851741
          ],
          [
            -5.9880816,
            37.3849541
          ]
        ]
      },
      "properties": {
        "highway": "living_street",
        "motor_vehicle": "private",
        "name": "Calle Nicol\u00e1s Antonio",
        "sidewalk:both:width": "0.50",
        "surface": "cobblestone"
      }
    },
    {
      "type": "Feature",
      "geometry": {
        "type": "LineString",
        "coordinates": [
          [
            -5.9879359,
            37.3889104
          ],
          [
            -5.9883751,
            37.3888878
          ],
          [
            -5.9885696,
            37.388881
          ],
          [
            -5.9887289,
            37.3888182
          ],
          [
            -5.9888197,
            37.3887495
          ],
          [
            -5.9890598,
            37.3885369
          ],
          [
            -5.9891093,
            37.3885161
          ]
        ]
      },
      "properties": {
        "highway": "living_street",
        "lit": "yes",
        "maxspeed": "20",
        "name": "Calle Conde de Ibarra",
        "oneway": "yes",
        "sidewalk": "no",
        "surface": "sett"
      }
    },
    {
      "type": "Feature",
      "geometry": {
        "type": "LineString",
        "coordinates": [
          [
            -5.9900744,
            37.3894176
          ],
          [
            -5.9899546,
            37.3891321
          ],
          [
            -5.9899387,
            37.3890131
          ],
          [
            -5.9898966,
            37.3889277
          ],
          [
            -5.9898365,
            37.3887861
          ],
          [
            -5.9897905,
            37.3887093
          ],
          [
            -5.9897028,
            37.3886331
          ]
        ]
      },
      "properties": {
        "highway": "living_street",
        "name": "Calle Mu\u00f1oz y Pab\u00f3n",
        "oneway": "yes",
        "sidewalk": "no",
        "smoothness": "good",
        "surface": "asphalt"
      }
    },
    {
      "type": "Feature",
      "geometry": {
        "type": "LineString",
        "coordinates": [
          [
            -5.9903239,
            37.3891476
          ],
          [
            -5.9901317,
            37.3890688
          ],
          [
            -5.990041,
            37.3890197
          ],
          [
            -5.9899387,
            37.3890131
          ]
        ]
      },
      "properties": {
        "highway": "pedestrian",
        "name": "Calle de la Perla",
        "surface": "paving_stones"
      }
    },
    {
      "type": "Feature",
      "geometry": {
        "type": "LineString",
        "coordinates": [
          [
            -5.9882711,
            37.3899225
          ],
          [
            -5.9881976,
            37.3894395
          ],
          [
            -5.9880053,
            37.3891761
          ]
        ]
      },
      "properties": {
        "highway": "pedestrian",
        "lit": "yes",
        "name": "Calle Lirio",
        "oneway": "no",
        "surface": "sett"
      }
    },
    {
      "type": "Feature",
      "geometry": {
        "type": "LineString",
        "coordinates": [
          [
            -5.9862239,
            37.3888256
          ],
          [
            -5.9867656,
            37.3883835
          ]
        ]
      },
      "properties": {
        "highway": "living_street",
        "lit": "yes",
        "maxspeed": "30",
        "name": "Calle Vidrio",
        "oneway": "yes",
        "sidewalk": "no",
        "surface": "sett"
      }
    },
    {
      "type": "Feature",
      "geometry": {
        "type": "LineString",
        "coordinates": [
          [
            -5.9883676,
            37.3877742
          ],
          [
            -5.988323,
            37.3877169
          ],
          [
            -5.9884466,
            37.3876473
          ],
          [
            -5.9885718,
            37.3875764
          ]
        ]
      },
      "properties": {
        "highway": "living_street",
        "maxspeed": "30",
        "name": "Calle Lev\u00edes",
        "oneway": "yes",
        "sidewalk:both:width": "0.90",
        "surface": "sett"
      }
    },
    {
      "type": "Feature",
      "geometry": {
        "type": "LineString",
        "coordinates": [
          [
            -5.9860509,
            37.3897386
          ],
          [
            -5.9860521,
            37.3895264
          ],
          [
            -5.9860536,
            37.3894015
          ],
          [
            -5.9861012,
            37.3892693
          ],
          [
            -5.9861684,
            37.3891852
          ]
        ]
      },
      "properties": {
        "highway": "pedestrian",
        "motor_vehicle": "destination",
        "name": "Calle Cristo del Buen Viaje",
        "sidewalk": "both",
        "smoothness": "bad",
        "surface": "sett"
      }
    },
    {
      "type": "Feature",
      "geometry": {
        "type": "LineString",
        "coordinates": [
          [
            -5.9856529,
            37.3884885
          ],
          [
            -5.9859218,
            37.3886066
          ],
          [
            -5.9860589,
            37.3886755
          ],
          [
            -5.9862239,
            37.3888256
          ]
        ]
      },
      "properties": {
        "highway": "living_street",
        "maxspeed": "30",
        "name": "Calle Armenta",
        "oneway": "yes",
        "sidewalk": "no",
        "surface": "sett"
      }
    },
    {
      "type": "Feature",
      "geometry": {
        "type": "LineString",
        "coordinates": [
          [
            -5.9873269,
            37.3875472
          ],
          [
            -5.987175,
            37.3874459
          ],
          [
            -5.9870378,
            37.3873512
          ],
          [
            -5.9868841,
            37.3872419
          ],
          [
            -5.9865549,
            37.387016
          ],
          [
            -5.9863826,
            37.3869352
          ],
          [
            -5.9862228,
            37.3868687
          ],
          [
            -5.9862024,
            37.3868483
          ]
        ]
      },
      "properties": {
        "highway": "pedestrian",
        "lit": "yes",
        "name": "Calle Verde",
        "surface": "paving_stones"
      }
    },
    {
      "type": "Feature",
      "geometry": {
        "type": "LineString",
        "coordinates": [
          [
            -5.9863826,
            37.3869352
          ],
          [
            -5.9862316,
            37.3871917
          ],
          [
            -5.9860152,
            37.3874476
          ],
          [
            -5.985929,
            37.3875532
          ],
          [
            -5.9858997,
            37.3876396
          ]
        ]
      },
      "properties": {
        "highway": "pedestrian",
        "name": "Calle San Clemente",
        "surface": "paving_stones"
      }
    },
    {
      "type": "Feature",
      "geometry": {
        "type": "LineString",
        "coordinates": [
          [
            -5.9872328,
            37.3898356
          ],
          [
            -5.9872196,
            37.3897945
          ],
          [
            -5.9871264,
            37.3895042
          ],
          [
            -5.9870838,
            37.3894562
          ],
          [
            -5.9870036,
            37.3894393
          ],
          [
            -5.9869536,
            37.3894675
          ],
          [
            -5.9868337,
            37.3897776
          ]
        ]
      },
      "properties": {
        "highway": "living_street",
        "name": "Plaza de Pilatos",
        "oneway": "yes",
        "sidewalk": "left",
        "smoothness": "intermediate",
        "surface": "sett"
      }
    },
    {
      "type": "Feature",
      "geometry": {
        "type": "LineString",
        "coordinates": [
          [
            -5.9882733,
            37.3905568
          ],
          [
            -5.9883272,
            37.3902612
          ],
          [
            -5.9884553,
            37.3900254
          ],
          [
            -5.9884237,
            37.3899169
          ]
        ]
      },
      "properties": {
        "highway": "living_street",
        "name": "Calle Rodriquez Mar\u00edn",
        "oneway": "yes",
        "sidewalk": "no",
        "surface": "asphalt"
      }
    },
    {
      "type": "Feature",
      "geometry": {
        "type": "LineString",
        "coordinates": [
          [
            -5.98817,
            37.3912382
          ],
          [
            -5.988065,
            37.3912021
          ],
          [
            -5.987602,
            37.391045
          ],
          [
            -5.9873949,
            37.3909382
          ],
          [
            -5.9870421,
            37.3907329
          ]
        ]
      },
      "properties": {
        "access": "destination",
        "highway": "living_street",
        "motor_vehicle": "destination",
        "name": "Calle Imperial",
        "oneway": "yes",
        "surface": "sett"
      }
    },
    {
      "type": "Feature",
      "geometry": {
        "type": "LineString",
        "coordinates": [
          [
            -5.9871264,
            37.3877707
          ],
          [
            -5.986841,
            37.3875723
          ],
          [
            -5.9864983,
            37.3873448
          ],
          [
            -5.9863388,
            37.3872403
          ],
          [
            -5.9862316,
            37.3871917
          ]
        ]
      },
      "properties": {
        "highway": "living_street",
        "lit": "yes",
        "name": "Calle Virgen de la Alegr\u00eda",
        "sidewalk": "both",
        "surface": "paving_stones"
      }
    },
    {
      "type": "Feature",
      "geometry": {
        "type": "LineString",
        "coordinates": [
          [
            -5.98599,
            37.3865471
          ],
          [
            -5.9862842,
            37.3862668
          ],
          [
            -5.9864274,
            37.3861408
          ],
          [
            -5.9867644,
            37.3859593
          ],
          [
            -5.9867896,
            37.3859181
          ]
        ]
      },
      "properties": {
        "highway": "residential",
        "lanes": "1",
        "name": "Calle Cano y Cueto",
        "oneway": "yes",
        "parking:both": "no",
        "sidewalk": "both",
        "surface": "sett"
      }
    },
    {
      "type": "Feature",
      "geometry": {
        "type": "LineString",
        "coordinates": [
          [
            -5.9859112,
            37.3859569
          ],
          [
            -5.9860117,
            37.3859946
          ],
          [
            -5.98605,
            37.3860081
          ],
          [
            -5.9864274,
            37.3861408
          ]
        ]
      },
      "properties": {
        "highway": "residential",
        "lanes": "1",
        "name": "Calle Conquista",
        "oneway": "yes",
        "sidewalk": "both",
        "surface": "sett"
      }
    },
    {
      "type": "Feature",
      "geometry": {
        "type": "LineString",
        "coordinates": [
          [
            -5.9889967,
            37.386971
          ],
          [
            -5.9886791,
            37.3871814
          ],
          [
            -5.9884212,
            37.3873399
          ]
        ]
      },
      "properties": {
        "highway": "pedestrian",
        "name": "Calle Farnesio",
        "surface": "paving_stones"
      }
    },
    {
      "type": "Feature",
      "geometry": {
        "type": "LineString",
        "coordinates": [
          [
            -5.9851069,
            37.3936313
          ],
          [
            -5.9852081,
            37.3936021
          ],
          [
            -5.9853883,
            37.3935549
          ],
          [
            -5.9856142,
            37.3935106
          ],
          [
            -5.9865992,
            37.3933204
          ],
          [
            -5.9867948,
            37.3932558
          ]
        ]
      },
      "properties": {
        "highway": "residential",
        "lane_markings": "no",
        "lit": "yes",
        "name": "Calle Escuelas P\u00edas",
        "oneway": "yes",
        "sidewalk:both:width": "1.20",
        "surface": "asphalt"
      }
    },
    {
      "type": "Feature",
      "geometry": {
        "type": "LineString",
        "coordinates": [
          [
            -5.987982,
            37.3948333
          ],
          [
            -5.9880393,
            37.3948323
          ],
          [
            -5.9884941,
            37.3948702
          ]
        ]
      },
      "properties": {
        "highway": "residential",
        "maxspeed": "30",
        "name": "Calle Do\u00f1a Mar\u00eda Coronel",
        "oneway": "yes",
        "surface": "cobblestone"
      }
    },
    {
      "type": "Feature",
      "geometry": {
        "type": "LineString",
        "coordinates": [
          [
            -5.9903812,
            37.3925392
          ],
          [
            -5.99034,
            37.3926361
          ],
          [
            -5.9903295,
            37.3926566
          ],
          [
            -5.9902584,
            37.3927955
          ]
        ]
      },
      "properties": {
        "highway": "residential",
        "lanes": "2",
        "lit": "yes",
        "motor_vehicle": "destination",
        "name": "Calle Santa \u00c1ngela de la Cruz",
        "name:etymology:wikidata": "Q252055",
        "old_name": "Calle Sor \u00c1ngela de la Cruz",
        "sidewalk": "both",
        "surface": "asphalt"
      }
    },
    {
      "type": "Feature",
      "geometry": {
        "type": "LineString",
        "coordinates": [
          [
            -5.9862658,
            37.3947939
          ],
          [
            -5.9863378,
            37.3947813
          ],
          [
            -5.9863835,
            37.394764
          ],
          [
            -5.9864574,
            37.3947296
          ]
        ]
      },
      "properties": {
        "highway": "residential",
        "name": "Calle Sol",
        "sidewalk": "no",
        "surface": "asphalt"
      }
    },
    {
      "type": "Feature",
      "geometry": {
        "type": "LineString",
        "coordinates": [
          [
            -5.9865848,
            37.394884
          ],
          [
            -5.9871628,
            37.3947963
          ],
          [
            -5.9873653,
            37.3947774
          ],
          [
            -5.9875921,
            37.3948015
          ],
          [
            -5.9879149,
            37.3948348
          ],
          [
            -5.987982,
            37.3948333
          ]
        ]
      },
      "properties": {
        "highway": "residential",
        "maxheight": "2.5",
        "maxwidth": "2",
        "name": "Calle Pe\u00f1uelas",
        "oneway": "yes",
        "sidewalk": "no",
        "surface": "asphalt"
      }
    },
    {
      "type": "Feature",
      "geometry": {
        "type": "LineString",
        "coordinates": [
          [
            -5.9925444,
            37.394366
          ],
          [
            -5.9925705,
            37.3941584
          ],
          [
            -5.9926462,
            37.3939558
          ],
          [
            -5.9926965,
            37.3938172
          ],
          [
            -5.9926915,
            37.3938013
          ],
          [
            -5.9925717,
            37.3936175
          ]
        ]
      },
      "properties": {
        "highway": "living_street",
        "name": "Calle Misericordia",
        "oneway": "yes",
        "sidewalk": "no",
        "surface": "sett"
      }
    },
    {
      "type": "Feature",
      "geometry": {
        "type": "LineString",
        "coordinates": [
          [
            -5.9871059,
            37.3931757
          ],
          [
            -5.9870674,
            37.3930679
          ],
          [
            -5.9868048,
            37.3928509
          ],
          [
            -5.9867645,
            37.3928332
          ],
          [
            -5.9867198,
            37.3928263
          ],
          [
            -5.9862684,
            37.3929542
          ]
        ]
      },
      "properties": {
        "highway": "living_street",
        "lit": "yes",
        "name": "Plaza Padre Jer\u00f3nimo de C\u00f3rdoba",
        "oneway": "yes",
        "sidewalk:both:width": "1.60",
        "surface": "asphalt"
      }
    },
    {
      "type": "Feature",
      "geometry": {
        "type": "LineString",
        "coordinates": [
          [
            -5.9867752,
            37.3932275
          ],
          [
            -5.9867175,
            37.3931766
          ],
          [
            -5.9865852,
            37.3931082
          ],
          [
            -5.9864596,
            37.3930463
          ]
        ]
      },
      "properties": {
        "highway": "residential",
        "lane_markings": "no",
        "lit": "yes",
        "name": "Plaza Padre Jer\u00f3nimo de C\u00f3rdoba",
        "oneway": "yes",
        "sidewalk:both:width": "1.60",
        "surface": "asphalt"
      }
    },
    {
      "type": "Feature",
      "geometry": {
        "type": "LineString",
        "coordinates": [
          [
            -5.9877756,
            37.3929251
          ],
          [
            -5.9876902,
            37.3928516
          ],
          [
            -5.9873949,
            37.3927237
          ],
          [
            -5.9869924,
            37.3925074
          ],
          [
            -5.9865952,
            37.3924019
          ],
          [
            -5.9863701,
            37.3923355
          ],
          [
            -5.9862071,
            37.3922583
          ],
          [
            -5.9861542,
            37.3922276
          ],
          [
            -5.9861402,
            37.3922235
          ],
          [
            -5.9860777,
            37.3922125
          ],
          [
            -5.9856202,
            37.3921517
          ],
          [
            -5.9853305,
            37.39211
          ],
          [
            -5.9852113,
            37.3920748
          ]
        ]
      },
      "properties": {
        "highway": "living_street",
        "lit": "yes",
        "motor_vehicle": "destination",
        "name": "Calle Azafr\u00e1n",
        "oneway": "yes",
        "surface": "sett"
      }
    },
    {
      "type": "Feature",
      "geometry": {
        "type": "LineString",
        "coordinates": [
          [
            -5.9878031,
            37.3929924
          ],
          [
            -5.9877756,
            37.3929251
          ],
          [
            -5.9877556,
            37.3928067
          ],
          [
            -5.9875593,
            37.3924861
          ],
          [
            -5.9873165,
            37.3922574
          ],
          [
            -5.9870479,
            37.3920198
          ],
          [
            -5.9869743,
            37.3919415
          ],
          [
            -5.9869633,
            37.3919298
          ]
        ]
      },
      "properties": {
        "highway": "residential",
        "lane_markings": "no",
        "lit": "yes",
        "maxheight": "2.5",
        "maxwidth": "2",
        "name": "Calle Santiago",
        "oneway": "yes",
        "sidewalk": "no",
        "surface": "asphalt"
      }
    },
    {
      "type": "Feature",
      "geometry": {
        "type": "LineString",
        "coordinates": [
          [
            -5.9867181,
            37.3917544
          ],
          [
            -5.9864969,
            37.3919446
          ],
          [
            -5.9862071,
            37.3922583
          ]
        ]
      },
      "properties": {
        "highway": "living_street",
        "lit": "yes",
        "motor_vehicle": "destination",
        "name": "Calle Ave Mar\u00eda",
        "oneway": "yes",
        "sidewalk": "no",
        "surface": "sett",
        "width": "2"
      }
    },
    {
      "type": "Feature",
      "geometry": {
        "type": "LineString",
        "coordinates": [
          [
            -5.9866114,
            37.3903503
          ],
          [
            -5.9863385,
            37.3906021
          ]
        ]
      },
      "properties": {
        "highway": "living_street",
        "lit": "yes",
        "name": "Calle Caleria",
        "oneway": "yes",
        "sidewalk": "both",
        "surface": "sett"
      }
    },
    {
      "type": "Feature",
      "geometry": {
        "type": "LineString",
        "coordinates": [
          [
            -5.9863385,
            37.3906021
          ],
          [
            -5.9860493,
            37.3904005
          ],
          [
            -5.9860129,
            37.390387
          ],
          [
            -5.9859706,
            37.390393
          ],
          [
            -5.9855991,
            37.3906554
          ],
          [
            -5.9854832,
            37.3907054
          ]
        ]
      },
      "properties": {
        "highway": "living_street",
        "lit": "yes",
        "name": "Calle Juan de la Encina",
        "oneway": "yes",
        "sidewalk": "no",
        "surface": "asphalt"
      }
    },
    {
      "type": "Feature",
      "geometry": {
        "type": "LineString",
        "coordinates": [
          [
            -5.9870421,
            37.3907329
          ],
          [
            -5.986506,
            37.3911616
          ]
        ]
      },
      "properties": {
        "highway": "pedestrian",
        "name": "Calle Lanza",
        "surface": "sett"
      }
    },
    {
      "type": "Feature",
      "geometry": {
        "type": "LineString",
        "coordinates": [
          [
            -5.987602,
            37.391045
          ],
          [
            -5.9873215,
            37.3912455
          ],
          [
            -5.9870924,
            37.3913779
          ]
        ]
      },
      "properties": {
        "highway": "pedestrian",
        "name": "Calle Ensenada",
        "surface": "sett"
      }
    },
    {
      "type": "Feature",
      "geometry": {
        "type": "LineString",
        "coordinates": [
          [
            -5.9873949,
            37.3909382
          ],
          [
            -5.9872351,
            37.3910627
          ],
          [
            -5.9871632,
            37.3911156
          ],
          [
            -5.9870775,
            37.3911612
          ]
        ]
      },
      "properties": {
        "access": "destination",
        "highway": "living_street",
        "motor_vehicle": "destination",
        "name": "Calle Imperial",
        "surface": "sett"
      }
    },
    {
      "type": "Feature",
      "geometry": {
        "type": "LineString",
        "coordinates": [
          [
            -5.9854832,
            37.3907054
          ],
          [
            -5.9848853,
            37.3905512
          ],
          [
            -5.9842049,
            37.3904736
          ],
          [
            -5.9841728,
            37.3904699
          ],
          [
            -5.9841076,
            37.3904622
          ]
        ]
      },
      "properties": {
        "cycleway:both": "no",
        "highway": "residential",
        "lane_markings": "no",
        "lit": "yes",
        "name": "Calle Guadalupe",
        "oneway": "yes",
        "sidewalk": "both",
        "sidewalk:both:width": "0.80",
        "smoothness": "excellent",
        "surface": "asphalt"
      }
    },
    {
      "type": "Feature",
      "geometry": {
        "type": "LineString",
        "coordinates": [
          [
            -5.9850847,
            37.3923346
          ],
          [
            -5.9846934,
            37.392261
          ],
          [
            -5.9841906,
            37.3921663
          ],
          [
            -5.9841585,
            37.3921603
          ],
          [
            -5.9840711,
            37.392146
          ]
        ]
      },
      "properties": {
        "highway": "residential",
        "maxspeed": "30",
        "name": "Calle del Almirante Tenorio",
        "oneway": "yes",
        "sidewalk:both:width": "0.90",
        "surface": "asphalt"
      }
    },
    {
      "type": "Feature",
      "geometry": {
        "type": "LineString",
        "coordinates": [
          [
            -5.9849331,
            37.3944431
          ],
          [
            -5.9851972,
            37.3948231
          ],
          [
            -5.9855214,
            37.3951984
          ]
        ]
      },
      "properties": {
        "highway": "living_street",
        "name": "Calle Butr\u00f3n",
        "oneway": "yes",
        "sidewalk": "no",
        "surface": "cobblestone"
      }
    },
    {
      "type": "Feature",
      "geometry": {
        "type": "LineString",
        "coordinates": [
          [
            -5.9895362,
            37.3935041
          ],
          [
            -5.9895209,
            37.3934975
          ],
          [
            -5.989324,
            37.393426
          ],
          [
            -5.9892929,
            37.3934087
          ],
          [
            -5.9892318,
            37.3933817
          ],
          [
            -5.9890979,
            37.3932844
          ],
          [
            -5.9888378,
            37.3930161
          ],
          [
            -5.9887013,
            37.3928783
          ],
          [
            -5.9886817,
            37.3928544
          ]
        ]
      },
      "properties": {
        "highway": "pedestrian",
        "lit": "yes",
        "name": "Calle San Felipe",
        "surface": "paving_stones"
      }
    },
    {
      "type": "Feature",
      "geometry": {
        "type": "LineString",
        "coordinates": [
          [
            -5.9890979,
            37.3932844
          ],
          [
            -5.9888489,
            37.3934935
          ],
          [
            -5.9885473,
            37.3936309
          ]
        ]
      },
      "properties": {
        "highway": "pedestrian",
        "name": "Calle Feijoo",
        "surface": "paving_stones"
      }
    },
    {
      "type": "Feature",
      "geometry": {
        "type": "LineString",
        "coordinates": [
          [
            -5.9879411,
            37.3933056
          ],
          [
            -5.9879993,
            37.3932984
          ],
          [
            -5.9881971,
            37.3932668
          ],
          [
            -5.9882153,
            37.393276
          ]
        ]
      },
      "properties": {
        "highway": "residential",
        "maxheight": "3.3",
        "maxwidth": "2.4",
        "name": "Calle Santa Catalina",
        "name:etymology:wikidata": "Q179718",
        "oneway": "yes",
        "sidewalk:both:width": "0.70",
        "surface": "asphalt"
      }
    },
    {
      "type": "Feature",
      "geometry": {
        "type": "LineString",
        "coordinates": [
          [
            -5.9849951,
            37.3926547
          ],
          [
            -5.985019,
            37.3926491
          ],
          [
            -5.985057,
            37.3926402
          ],
          [
            -5.9850943,
            37.3926315
          ],
          [
            -5.9851055,
            37.392626
          ],
          [
            -5.9852377,
            37.3924187
          ],
          [
            -5.9852679,
            37.3923526
          ],
          [
            -5.9853305,
            37.39211
          ]
        ]
      },
      "properties": {
        "highway": "living_street",
        "motor_vehicle": "destination",
        "name": "Calle Salinas",
        "sidewalk": "no",
        "surface": "paving_stones"
      }
    },
    {
      "type": "Feature",
      "geometry": {
        "type": "LineString",
        "coordinates": [
          [
            -5.995904,
            37.3944802
          ],
          [
            -5.995887,
            37.394476
          ],
          [
            -5.9955064,
            37.3943807
          ],
          [
            -5.9952708,
            37.3943414
          ],
          [
            -5.9947958,
            37.394305
          ],
          [
            -5.994752,
            37.3943036
          ]
        ]
      },
      "properties": {
        "highway": "living_street",
        "name": "Calle San Miguel",
        "oneway": "yes",
        "sidewalk": "both",
        "surface": "asphalt"
      }
    },
    {
      "type": "Feature",
      "geometry": {
        "type": "LineString",
        "coordinates": [
          [
            -5.9947506,
            37.3935287
          ],
          [
            -5.9947389,
            37.3935743
          ],
          [
            -5.9947367,
            37.3936837
          ],
          [
            -5.9947398,
            37.3938513
          ],
          [
            -5.9947683,
            37.3940717
          ],
          [
            -5.9947685,
            37.3942204
          ],
          [
            -5.994752,
            37.3943036
          ]
        ]
      },
      "properties": {
        "bicycle": "yes",
        "highway": "living_street",
        "lanes": "1",
        "lit": "yes",
        "maxspeed": "10",
        "name": "Calle Amor de Dios",
        "oneway": "yes",
        "sidewalk:both:width": "0.40",
        "surface": "asphalt"
      }
    },
    {
      "type": "Feature",
      "geometry": {
        "type": "LineString",
        "coordinates": [
          [
            -5.9942462,
            37.394504
          ],
          [
            -5.9945871,
            37.3944956
          ],
          [
            -5.9946498,
            37.3945046
          ]
        ]
      },
      "properties": {
        "highway": "living_street",
        "lit": "yes",
        "name": "Calle Garc\u00eda Tassara",
        "oneway": "yes",
        "sidewalk": "right",
        "sidewalk:both:width": "0.60",
        "smoothness": "bad",
        "source:width": "ARCore",
        "surface": "sett",
        "width": "3.8"
      }
    },
    {
      "type": "Feature",
      "geometry": {
        "type": "LineString",
        "coordinates": [
          [
            -5.9931744,
            37.3960054
          ],
          [
            -5.9934143,
            37.395528
          ],
          [
            -5.9935283,
            37.3953381
          ],
          [
            -5.9936375,
            37.3951657
          ],
          [
            -5.9937848,
            37.3947112
          ],
          [
            -5.9937994,
            37.3946181
          ],
          [
            -5.9938129,
            37.3945559
          ]
        ]
      },
      "properties": {
        "highway": "living_street",
        "maxspeed": "20",
        "name": "Calle Cervantes",
        "oneway": "yes",
        "sidewalk": "no",
        "surface": "asphalt"
      }
    },
    {
      "type": "Feature",
      "geometry": {
        "type": "LineString",
        "coordinates": [
          [
            -5.9925689,
            37.3945994
          ],
          [
            -5.9925851,
            37.3946925
          ],
          [
            -5.9926417,
            37.3948944
          ],
          [
            -5.9927262,
            37.3951108
          ],
          [
            -5.9927367,
            37.3951285
          ]
        ]
      },
      "properties": {
        "access": "destination",
        "bicycle": "yes",
        "foot": "yes",
        "highway": "pedestrian",
        "motor_vehicle": "private",
        "name": "Calle Lepanto",
        "sidewalk": "both",
        "surface": "paving_stones"
      }
    },
    {
      "type": "Feature",
      "geometry": {
        "type": "LineString",
        "coordinates": [
          [
            -5.9903999,
            37.3949203
          ],
          [
            -5.9903211,
            37.3953253
          ],
          [
            -5.9902666,
            37.3955221
          ],
          [
            -5.9902383,
            37.3957547
          ],
          [
            -5.9902128,
            37.3957975
          ],
          [
            -5.9902271,
            37.3958182
          ],
          [
            -5.9902623,
            37.3958971
          ],
          [
            -5.9902857,
            37.3959932
          ],
          [
            -5.9902976,
            37.3962498
          ]
        ]
      },
      "properties": {
        "hgv": "no",
        "highway": "living_street",
        "maxwidth": "2",
        "name": "Calle Esp\u00edritu Santo",
        "oneway": "yes",
        "sidewalk": "no",
        "surface": "asphalt"
      }
    },
    {
      "type": "Feature",
      "geometry": {
        "type": "LineString",
        "coordinates": [
          [
            -5.987609,
            37.3960849
          ],
          [
            -5.9875745,
            37.3960413
          ],
          [
            -5.987336,
            37.3957398
          ],
          [
            -5.9872711,
            37.3956791
          ],
          [
            -5.9865109,
            37.3950297
          ],
          [
            -5.9864664,
            37.3949767
          ]
        ]
      },
      "properties": {
        "highway": "living_street",
        "maxheight": "2",
        "maxwidth": "2",
        "name": "Calle Socorro",
        "oneway": "yes",
        "sidewalk": "no",
        "surface": "cobblestone"
      }
    },
    {
      "type": "Feature",
      "geometry": {
        "type": "LineString",
        "coordinates": [
          [
            -5.9857296,
            37.3862854
          ],
          [
            -5.9857037,
            37.3862756
          ],
          [
            -5.9856165,
            37.3862412
          ],
          [
            -5.9849604,
            37.3860121
          ],
          [
            -5.9844675,
            37.3858391
          ]
        ]
      },
      "properties": {
        "highway": "residential",
        "lane_markings": "no",
        "name": "Calle Alejo Fern\u00e1ndez",
        "oneway": "yes",
        "surface": "asphalt"
      }
    },
    {
      "type": "Feature",
      "geometry": {
        "type": "LineString",
        "coordinates": [
          [
            -5.9850981,
            37.3857665
          ],
          [
            -5.9858667,
            37.3860415
          ]
        ]
      },
      "properties": {
        "highway": "residential",
        "name": "Calle Juan de Castillo",
        "oneway": "yes"
      }
    },
    {
      "type": "Feature",
      "geometry": {
        "type": "LineString",
        "coordinates": [
          [
            -5.9857481,
            37.3855054
          ],
          [
            -5.985911,
            37.3855717
          ],
          [
            -5.9860839,
            37.3856363
          ]
        ]
      },
      "properties": {
        "highway": "primary",
        "lanes": "4",
        "lanes:backward": "1",
        "lanes:forward": "3",
        "name": "Calle Demetrio de los R\u00edos",
        "surface": "paved"
      }
    },
    {
      "type": "Feature",
      "geometry": {
        "type": "LineString",
        "coordinates": [
          [
            -5.9940449,
            37.3866814
          ],
          [
            -5.9941183,
            37.38666
          ]
        ]
      },
      "properties": {
        "highway": "living_street",
        "lit": "yes",
        "name": "Calle Alemanes",
        "oneway": "yes",
        "smoothness": "good",
        "surface": "paving_stones"
      }
    },
    {
      "type": "Feature",
      "geometry": {
        "type": "LineString",
        "coordinates": [
          [
            -5.9941594,
            37.3866479
          ],
          [
            -5.9942434,
            37.3866234
          ]
        ]
      },
      "properties": {
        "highway": "living_street",
        "lit": "yes",
        "name": "Calle Garc\u00eda de Vinuesa",
        "oneway": "yes",
        "smoothness": "good",
        "surface": "paving_stones"
      }
    },
    {
      "type": "Feature",
      "geometry": {
        "type": "LineString",
        "coordinates": [
          [
            -5.9917496,
            37.385139
          ],
          [
            -5.991461,
            37.3852982
          ],
          [
            -5.9914219,
            37.3853334
          ],
          [
            -5.9912806,
            37.3854112
          ]
        ]
      },
      "properties": {
        "highway": "pedestrian",
        "lit": "yes",
        "name": "Calle Joaqu\u00edn Romero Murube",
        "surface": "paving_stones"
      }
    },
    {
      "type": "Feature",
      "geometry": {
        "type": "LineString",
        "coordinates": [
          [
            -5.9917354,
            37.3860938
          ],
          [
            -5.9913234,
            37.3860941
          ],
          [
            -5.9909116,
            37.3860944
          ],
          [
            -5.9908552,
            37.3860997
          ],
          [
            -5.9904392,
            37.3861845
          ],
          [
            -5.990194,
            37.3862495
          ],
          [
            -5.9896581,
            37.3868311
          ]
        ]
      },
      "properties": {
        "highway": "pedestrian",
        "lit": "yes",
        "name": "Calle Mateos Gago",
        "old_name": "Calle Borceniguer\u00eda",
        "oneway": "no",
        "sidewalk": "both",
        "smoothness": "intermediate",
        "surface": "sett"
      }
    },
    {
      "type": "Feature",
      "geometry": {
        "type": "LineString",
        "coordinates": [
          [
            -5.9949559,
            37.3890392
          ],
          [
            -5.9949609,
            37.3890823
          ],
          [
            -5.995006,
            37.3894737
          ],
          [
            -5.9950778,
            37.3899096
          ],
          [
            -5.9951234,
            37.3900823
          ],
          [
            -5.9951661,
            37.3902444
          ],
          [
            -5.9952743,
            37.3906162
          ],
          [
            -5.9952886,
            37.3906672
          ],
          [
            -5.9953961,
            37.3910505
          ]
        ]
      },
      "properties": {
        "bicycle": "yes",
        "bicycle:conditional": "dismount@10:00-22:00",
        "highway": "pedestrian",
        "lit": "yes",
        "maxspeed": "10",
        "name": "Calle Tetu\u00e1n",
        "name:etymology:wikidata": "Q4872623",
        "smoothness": "good",
        "surface": "sett",
        "wikidata": "Q5740766",
        "wikipedia": "es:Calle Tetu\u00e1n (Sevilla)"
      }
    },
    {
      "type": "Feature",
      "geometry": {
        "type": "LineString",
        "coordinates": [
          [
            -5.9938049,
            37.3882131
          ],
          [
            -5.9936865,
            37.3880137
          ],
          [
            -5.9936476,
            37.3879179
          ],
          [
            -5.9934375,
            37.3873997
          ],
          [
            -5.9934248,
            37.3873669
          ]
        ]
      },
      "properties": {
        "highway": "living_street",
        "lit": "yes",
        "maxspeed": "20",
        "name": "Calle Hernando Col\u00f3n",
        "oneway": "yes",
        "sidewalk:both:width": "1.50",
        "source:maxspeed": "sign",
        "surface": "sett"
      }
    },
    {
      "type": "Feature",
      "geometry": {
        "type": "LineString",
        "coordinates": [
          [
            -5.9880471,
            37.3914263
          ],
          [
            -5.9869633,
            37.3919298
          ]
        ]
      },
      "properties": {
        "highway": "residential",
        "maxspeed": "30",
        "maxspeed:type": "sign",
        "name": "Calle Cardenal Cervantes",
        "oneway": "yes",
        "sidewalk": "left",
        "surface": "asphalt"
      }
    },
    {
      "type": "Feature",
      "geometry": {
        "type": "LineString",
        "coordinates": [
          [
            -5.9917793,
            37.3850015
          ],
          [
            -5.9917343,
            37.3850275
          ],
          [
            -5.991365,
            37.3852329
          ],
          [
            -5.9912519,
            37.3851111
          ],
          [
            -5.9911794,
            37.385033
          ],
          [
            -5.9911004,
            37.3849479
          ],
          [
            -5.9910306,
            37.3848727
          ],
          [
            -5.9909538,
            37.38479
          ],
          [
            -5.9908667,
            37.3846654
          ],
          [
            -5.9908813,
            37.3846592
          ],
          [
            -5.9911707,
            37.3845323
          ],
          [
            -5.9912129,
            37.384506
          ],
          [
            -5.9912169,
            37.3845111
          ],
          [
            -5.991245,
            37.3844982
          ],
          [
            -5.991273,
            37.3844853
          ],
          [
            -5.9912681,
            37.3844781
          ],
          [
            -5.9913135,
            37.3844561
          ],
          [
            -5.9913878,
            37.3844
          ],
          [
            -5.9914219,
            37.3844353
          ],
          [
            -5.9914418,
            37.3844559
          ],
          [
            -5.9913219,
            37.3845307
          ],
          [
            -5.9914205,
            37.3846343
          ],
          [
            -5.9915261,
            37.3847422
          ],
          [
            -5.9916922,
            37.3849113
          ],
          [
            -5.9917793,
            37.3850015
          ]
        ]
      },
      "properties": {
        "area": "yes",
        "highway": "pedestrian",
        "lit": "yes",
        "name": "Patio de Banderas",
        "name:etymology:wikidata": "Q6066320",
        "surface": "paving_stones"
      }
    },
    {
      "type": "Feature",
      "geometry": {
        "type": "LineString",
        "coordinates": [
          [
            -5.9944118,
            37.3890884
          ],
          [
            -5.9944186,
            37.3891315
          ],
          [
            -5.9945599,
            37.3894641
          ],
          [
            -5.9945763,
            37.389498
          ],
          [
            -5.9946062,
            37.3896365
          ],
          [
            -5.9946611,
            37.3897687
          ],
          [
            -5.9947222,
            37.3899839
          ]
        ]
      },
      "properties": {
        "bicycle": "yes",
        "bicycle:conditional": "dismount@10:00-22:00",
        "highway": "pedestrian",
        "maxspeed": "10",
        "name": "Calle General Polavieja",
        "name:etymology:wikidata": "Q2882654",
        "surface": "paving_stones"
      }
    },
    {
      "type": "Feature",
      "geometry": {
        "type": "LineString",
        "coordinates": [
          [
            -5.993746,
            37.3944036
          ],
          [
            -5.9933829,
            37.3944115
          ],
          [
            -5.9932281,
            37.3944671
          ],
          [
            -5.9931391,
            37.3944823
          ],
          [
            -5.9929809,
            37.3944957
          ],
          [
            -5.9928609,
            37.3945396
          ],
          [
            -5.9926034,
            37.3945814
          ],
          [
            -5.992547,
            37.3945813
          ]
        ]
      },
      "properties": {
        "highway": "pedestrian",
        "name": "Calle Atienza",
        "surface": "paving_stones"
      }
    },
    {
      "type": "Feature",
      "geometry": {
        "type": "LineString",
        "coordinates": [
          [
            -5.9862658,
            37.3947939
          ],
          [
            -5.9862055,
            37.3948128
          ],
          [
            -5.9857476,
            37.3950665
          ],
          [
            -5.9855214,
            37.3951984
          ],
          [
            -5.9853497,
            37.3953316
          ],
          [
            -5.9850216,
            37.3955251
          ]
        ]
      },
      "properties": {
        "highway": "living_street",
        "maxheight": "2.50",
        "maxwidth": "2",
        "name": "Calle Sol",
        "oneway": "yes",
        "sidewalk": "no",
        "surface": "sett"
      }
    },
    {
      "type": "Feature",
      "geometry": {
        "type": "LineString",
        "coordinates": [
          [
            -5.9850038,
            37.3941597
          ],
          [
            -5.9850106,
            37.3936649
          ]
        ]
      },
      "properties": {
        "highway": "living_street",
        "lit": "yes",
        "name": "Calle Gallos",
        "oneway": "yes",
        "sidewalk:both:width": "0.60",
        "surface": "asphalt"
      }
    },
    {
      "type": "Feature",
      "geometry": {
        "type": "LineString",
        "coordinates": [
          [
            -5.9882153,
            37.393276
          ],
          [
            -5.9882109,
            37.3933777
          ]
        ]
      },
      "properties": {
        "highway": "residential",
        "name": "Calle Capataz Manuel Santiago",
        "oneway": "yes",
        "surface": "sett"
      }
    },
    {
      "type": "Feature",
      "geometry": {
        "type": "LineString",
        "coordinates": [
          [
            -5.9882213,
            37.3935298
          ],
          [
            -5.9882452,
            37.3937988
          ],
          [
            -5.9882259,
            37.3940494
          ],
          [
            -5.9881999,
            37.3942319
          ],
          [
            -5.9881583,
            37.3944016
          ],
          [
            -5.9880847,
            37.3946298
          ],
          [
            -5.987982,
            37.3948333
          ]
        ]
      },
      "properties": {
        "highway": "living_street",
        "lit": "yes",
        "maxspeed": "20",
        "name": "Calle Bustos Tavera",
        "oneway": "yes",
        "sidewalk": "both",
        "source": "PNOA",
        "source:date": "2009",
        "surface": "sett"
      }
    },
    {
      "type": "Feature",
      "geometry": {
        "type": "LineString",
        "coordinates": [
          [
            -5.9882109,
            37.3933777
          ],
          [
            -5.9883865,
            37.3934416
          ],
          [
            -5.9885473,
            37.3936309
          ]
        ]
      },
      "properties": {
        "highway": "residential",
        "name": "Calle Gerona",
        "name:etymology:wikidata": "Q7038",
        "oneway": "yes",
        "sidewalk": "no",
        "surface": "cobblestone"
      }
    },
    {
      "type": "Feature",
      "geometry": {
        "type": "LineString",
        "coordinates": [
          [
            -5.9864664,
            37.3949767
          ],
          [
            -5.9864958,
            37.3949004
          ],
          [
            -5.9865848,
            37.394884
          ]
        ]
      },
      "properties": {
        "created_by": "Potlatch 0.10e",
        "highway": "residential",
        "lane_markings": "no",
        "name": "Plaza de San Rom\u00e1n",
        "oneway": "yes",
        "sidewalk": "both",
        "smoothness": "excellent",
        "surface": "asphalt"
      }
    },
    {
      "type": "Feature",
      "geometry": {
        "type": "LineString",
        "coordinates": [
          [
            -5.9864958,
            37.3949004
          ],
          [
            -5.9863835,
            37.394764
          ]
        ]
      },
      "properties": {
        "highway": "residential",
        "name": "Plaza de San Rom\u00e1n",
        "oneway": "no",
        "sidewalk": "no",
        "surface": "asphalt"
      }
    },
    {
      "type": "Feature",
      "geometry": {
        "type": "LineString",
        "coordinates": [
          [
            -5.9864574,
            37.3947296
          ],
          [
            -5.9866458,
            37.3946168
          ],
          [
            -5.9869151,
            37.3944656
          ],
          [
            -5.9871747,
            37.3943089
          ],
          [
            -5.9874321,
            37.3941136
          ],
          [
            -5.9875204,
            37.3940539
          ],
          [
            -5.9878595,
            37.3938268
          ],
          [
            -5.9879406,
            37.3937601
          ]
        ]
      },
      "properties": {
        "highway": "living_street",
        "name": "Calle Sol",
        "oneway": "yes",
        "sidewalk": "no",
        "surface": "cobblestone"
      }
    },
    {
      "type": "Feature",
      "geometry": {
        "type": "LineString",
        "coordinates": [
          [
            -5.9902736,
            37.3948652
          ],
          [
            -5.9894444,
            37.3947392
          ],
          [
            -5.9893237,
            37.3947038
          ],
          [
            -5.988952,
            37.3946028
          ]
        ]
      },
      "properties": {
        "highway": "living_street",
        "name": "Calle Due\u00f1as",
        "oneway": "yes",
        "sidewalk:right:width": "0.90",
        "surface": "asphalt"
      }
    },
    {
      "type": "Feature",
      "geometry": {
        "type": "LineString",
        "coordinates": [
          [
            -5.9898308,
            37.3924823
          ],
          [
            -5.9898438,
            37.3923213
          ],
          [
            -5.9898705,
            37.39199
          ],
          [
            -5.9899078,
            37.3915273
          ],
          [
            -5.9899116,
            37.3914802
          ],
          [
            -5.9896362,
            37.3914677
          ]
        ]
      },
      "properties": {
        "highway": "residential",
        "lane_markings": "no",
        "lit": "yes",
        "name": "Plaza del Cristo de Burgos",
        "name:etymology:wikidata": "Q98498500",
        "old_name": "Plaza Arg\u00fcelles",
        "oneway": "yes",
        "sidewalk": "both",
        "surface": "asphalt"
      }
    },
    {
      "type": "Feature",
      "geometry": {
        "type": "LineString",
        "coordinates": [
          [
            -5.9878031,
            37.3929924
          ],
          [
            -5.988025,
            37.3929372
          ]
        ]
      },
      "properties": {
        "check_date:surface": "2024-06-30",
        "highway": "residential",
        "lanes": "2",
        "lit": "yes",
        "motor_vehicle": "destination",
        "name": "Calle Juan de Mesa",
        "oneway": "no",
        "psv": "yes",
        "sidewalk": "both",
        "surface": "asphalt"
      }
    },
    {
      "type": "Feature",
      "geometry": {
        "type": "LineString",
        "coordinates": [
          [
            -5.9923109,
            37.3927901
          ],
          [
            -5.9923453,
            37.39279
          ],
          [
            -5.9926987,
            37.3927893
          ],
          [
            -5.9927704,
            37.3927891
          ],
          [
            -5.9930081,
            37.3927908
          ],
          [
            -5.9935657,
            37.392817
          ],
          [
            -5.9936515,
            37.3928181
          ]
        ]
      },
      "properties": {
        "bicycle": "permissive",
        "emergency": "yes",
        "foot": "yes",
        "goods": "designated",
        "highway": "living_street",
        "lit": "yes",
        "motor_vehicle": "no",
        "name": "Calle Lara\u00f1a",
        "old_name": "Calle Universidad",
        "psv": "yes",
        "sidewalk:both:width": "4.00",
        "surface": "sett",
        "vehicle": "no"
      }
    },
    {
      "type": "Feature",
      "geometry": {
        "type": "LineString",
        "coordinates": [
          [
            -5.9948315,
            37.3927557
          ],
          [
            -5.9948431,
            37.3928211
          ],
          [
            -5.9949082,
            37.3931883
          ],
          [
            -5.9948982,
            37.3932542
          ]
        ]
      },
      "properties": {
        "highway": "living_street",
        "lanes": "1",
        "lit": "yes",
        "maxspeed": "20",
        "name": "Calle Santa Mar\u00eda de Gracia",
        "oneway": "yes",
        "sidewalk:both:width": "1.40",
        "smoothness": "good",
        "surface": "asphalt"
      }
    },
    {
      "type": "Feature",
      "geometry": {
        "type": "LineString",
        "coordinates": [
          [
            -5.9948982,
            37.3932542
          ],
          [
            -5.9947714,
            37.3934973
          ],
          [
            -5.9947506,
            37.3935287
          ]
        ]
      },
      "properties": {
        "highway": "living_street",
        "lanes": "1",
        "lit": "yes",
        "name": "Calle Tarifa",
        "oneway": "yes",
        "sidewalk:both:width": "0.60",
        "surface": "asphalt"
      }
    },
    {
      "type": "Feature",
      "geometry": {
        "type": "LineString",
        "coordinates": [
          [
            -5.9946042,
            37.3850507
          ],
          [
            -5.994567,
            37.3848831
          ],
          [
            -5.9943933,
            37.3842595
          ],
          [
            -5.994346,
            37.3839519
          ],
          [
            -5.9942988,
            37.3836446
          ]
        ]
      },
      "properties": {
        "highway": "living_street",
        "name": "Calle Tom\u00e1s de Ybarra",
        "oneway": "yes",
        "sidewalk:both:width": "1.00",
        "surface": "cobblestone"
      }
    },
    {
      "type": "Feature",
      "geometry": {
        "type": "LineString",
        "coordinates": [
          [
            -5.9912487,
            37.3857403
          ],
          [
            -5.9910992,
            37.3855052
          ]
        ]
      },
      "properties": {
        "highway": "pedestrian",
        "name": "Plaza de la Alianza",
        "surface": "sett"
      }
    },
    {
      "type": "Feature",
      "geometry": {
        "type": "LineString",
        "coordinates": [
          [
            -5.9910701,
            37.3852518
          ],
          [
            -5.9909778,
            37.3850989
          ],
          [
            -5.9909298,
            37.3850832
          ],
          [
            -5.9908427,
            37.385109
          ],
          [
            -5.9907885,
            37.3851053
          ],
          [
            -5.9907079,
            37.3849664
          ],
          [
            -5.990677,
            37.3849476
          ]
        ]
      },
      "properties": {
        "highway": "pedestrian",
        "name": "Calle Rodrigo Caro",
        "surface": "paving_stones"
      }
    },
    {
      "type": "Feature",
      "geometry": {
        "type": "LineString",
        "coordinates": [
          [
            -5.989236,
            37.3859473
          ],
          [
            -5.9895111,
            37.3857455
          ],
          [
            -5.9893882,
            37.3855931
          ],
          [
            -5.9892617,
            37.3854511
          ],
          [
            -5.989162,
            37.3852847
          ],
          [
            -5.9891034,
            37.3851588
          ],
          [
            -5.9890547,
            37.38516
          ],
          [
            -5.9888805,
            37.384916
          ]
        ]
      },
      "properties": {
        "highway": "pedestrian",
        "name": "Calle Lope de Rueda",
        "surface": "paving_stones"
      }
    },
    {
      "type": "Feature",
      "geometry": {
        "type": "LineString",
        "coordinates": [
          [
            -5.9893545,
            37.3814826
          ],
          [
            -5.9892135,
            37.3817289
          ],
          [
            -5.9891234,
            37.3818862
          ],
          [
            -5.9879231,
            37.3839821
          ],
          [
            -5.9878968,
            37.384028
          ],
          [
            -5.9876507,
            37.3844506
          ],
          [
            -5.9876322,
            37.3844856
          ],
          [
            -5.9876146,
            37.3845191
          ],
          [
            -5.9874683,
            37.3847972
          ],
          [
            -5.9873223,
            37.3850304
          ],
          [
            -5.9871913,
            37.3852395
          ],
          [
            -5.9871411,
            37.385334
          ],
          [
            -5.9871034,
            37.3853974
          ]
        ]
      },
      "properties": {
        "access": "permit",
        "bicycle": "yes",
        "foot": "yes",
        "highway": "pedestrian",
        "lit": "yes",
        "motor_vehicle": "designated",
        "name": "Paseo de Catalina de Ribera",
        "surface": "paving_stones"
      }
    },
    {
      "type": "Feature",
      "geometry": {
        "type": "LineString",
        "coordinates": [
          [
            -5.9888699,
            37.3849057
          ],
          [
            -5.9887203,
            37.3849737
          ],
          [
            -5.9884922,
            37.3850716
          ]
        ]
      },
      "properties": {
        "highway": "pedestrian",
        "surface": "sett"
      }
    },
    {
      "type": "Feature",
      "geometry": {
        "type": "LineString",
        "coordinates": [
          [
            -5.987315,
            37.3855048
          ],
          [
            -5.9874932,
            37.3856683
          ],
          [
            -5.9875122,
            37.3856557
          ],
          [
            -5.9877869,
            37.385462
          ],
          [
            -5.9877838,
            37.3853922
          ],
          [
            -5.9876552,
            37.385276
          ],
          [
            -5.9876334,
            37.3852906
          ],
          [
            -5.9874868,
            37.3853892
          ],
          [
            -5.987315,
            37.3855048
          ]
        ]
      },
      "properties": {
        "highway": "living_street",
        "lit": "yes",
        "motor_vehicle": "destination",
        "name": "Plaza de los Refinadores",
        "oneway": "yes",
        "sidewalk": "no",
        "surface": "cobblestone"
      }
    },
    {
      "type": "Feature",
      "geometry": {
        "type": "LineString",
        "coordinates": [
          [
            -5.9882991,
            37.3852509
          ],
          [
            -5.9882345,
            37.385292
          ],
          [
            -5.9881618,
            37.3853515
          ],
          [
            -5.9880374,
            37.3854436
          ],
          [
            -5.9878889,
            37.3855208
          ],
          [
            -5.9878325,
            37.3854687
          ],
          [
            -5.9877869,
            37.385462
          ]
        ]
      },
      "properties": {
        "highway": "pedestrian",
        "lit": "yes",
        "name": "Calle Mezquita",
        "surface": "paving_stones"
      }
    },
    {
      "type": "Feature",
      "geometry": {
        "type": "LineString",
        "coordinates": [
          [
            -5.9877871,
            37.3859139
          ],
          [
            -5.9876286,
            37.3857781
          ],
          [
            -5.9875122,
            37.3856557
          ]
        ]
      },
      "properties": {
        "highway": "pedestrian",
        "lit": "yes",
        "name": "Calle Mariscal",
        "surface": "paving_stones"
      }
    },
    {
      "type": "Feature",
      "geometry": {
        "type": "LineString",
        "coordinates": [
          [
            -5.9884614,
            37.3864333
          ],
          [
            -5.9883033,
            37.3862585
          ],
          [
            -5.9882895,
            37.3862658
          ],
          [
            -5.9881421,
            37.3861077
          ]
        ]
      },
      "properties": {
        "highway": "pedestrian",
        "name": "Calle Cruces",
        "surface": "paving_stones"
      }
    },
    {
      "type": "Feature",
      "geometry": {
        "type": "LineString",
        "coordinates": [
          [
            -5.9938129,
            37.3945559
          ],
          [
            -5.993746,
            37.3944036
          ]
        ]
      },
      "properties": {
        "highway": "living_street",
        "name": "Calle Angostillo",
        "sidewalk": "no",
        "surface": "asphalt"
      }
    },
    {
      "type": "Feature",
      "geometry": {
        "type": "LineString",
        "coordinates": [
          [
            -5.993847,
            37.3937051
          ],
          [
            -5.9938808,
            37.3936979
          ],
          [
            -5.9942649,
            37.3936123
          ],
          [
            -5.9946774,
            37.3935203
          ],
          [
            -5.9947506,
            37.3935287
          ],
          [
            -5.9948058,
            37.3935447
          ],
          [
            -5.9952828,
            37.3938793
          ],
          [
            -5.9952986,
            37.3938906
          ]
        ]
      },
      "properties": {
        "bicycle": "yes",
        "bicycle:conditional": "dismount@10:00-22:00",
        "highway": "living_street",
        "lanes": "1",
        "lit": "yes",
        "maxspeed": "10",
        "name": "Calle Javier Lasso de la Vega",
        "oneway": "yes",
        "sidewalk": "right",
        "surface": "asphalt"
      }
    },
    {
      "type": "Feature",
      "geometry": {
        "type": "LineString",
        "coordinates": [
          [
            -5.9900977,
            37.385781
          ],
          [
            -5.9902672,
            37.3860102
          ],
          [
            -5.9907623,
            37.3859224
          ]
        ]
      },
      "properties": {
        "highway": "living_street",
        "lit": "yes",
        "name": "Pasaje de Vila",
        "sidewalk": "both",
        "surface": "sett"
      }
    },
    {
      "type": "Feature",
      "geometry": {
        "type": "LineString",
        "coordinates": [
          [
            -5.990934,
            37.3853993
          ],
          [
            -5.9907934,
            37.3855341
          ],
          [
            -5.9906952,
            37.3856761
          ]
        ]
      },
      "properties": {
        "highway": "pedestrian",
        "lit": "yes",
        "name": "Calle Rodrigo Caro",
        "surface": "sett"
      }
    },
    {
      "type": "Feature",
      "geometry": {
        "type": "LineString",
        "coordinates": [
          [
            -5.9906027,
            37.3856314
          ],
          [
            -5.9905382,
            37.3855064
          ],
          [
            -5.9904644,
            37.3855137
          ],
          [
            -5.990441,
            37.3854278
          ]
        ]
      },
      "properties": {
        "highway": "pedestrian",
        "lit": "yes",
        "name": "Calle Consuelo",
        "surface": "paving_stones"
      }
    },
    {
      "type": "Feature",
      "geometry": {
        "type": "LineString",
        "coordinates": [
          [
            -5.9882483,
            37.3865828
          ],
          [
            -5.9882003,
            37.3866072
          ],
          [
            -5.9882071,
            37.3866131
          ],
          [
            -5.9879817,
            37.3867413
          ],
          [
            -5.9879205,
            37.3867751
          ],
          [
            -5.9878763,
            37.3867996
          ],
          [
            -5.9878444,
            37.3868172
          ],
          [
            -5.9876819,
            37.3866635
          ],
          [
            -5.9876741,
            37.3866555
          ],
          [
            -5.9876655,
            37.3866464
          ],
          [
            -5.987454,
            37.3864934
          ],
          [
            -5.9873981,
            37.386453
          ],
          [
            -5.9873673,
            37.3864252
          ],
          [
            -5.9874039,
            37.3863996
          ],
          [
            -5.9874296,
            37.3863817
          ],
          [
            -5.9874665,
            37.3863518
          ],
          [
            -5.9875411,
            37.3862915
          ],
          [
            -5.9875854,
            37.3863301
          ],
          [
            -5.9876869,
            37.3862853
          ],
          [
            -5.9877021,
            37.3863033
          ],
          [
            -5.9877901,
            37.3863685
          ],
          [
            -5.9877436,
            37.3864176
          ],
          [
            -5.9877174,
            37.3864553
          ],
          [
            -5.9876844,
            37.3865028
          ],
          [
            -5.9877936,
            37.386523
          ],
          [
            -5.9877958,
            37.3865157
          ],
          [
            -5.9878789,
            37.3865291
          ],
          [
            -5.9879778,
            37.3865386
          ],
          [
            -5.9880126,
            37.3865397
          ],
          [
            -5.9882147,
            37.386546
          ],
          [
            -5.9882333,
            37.3865664
          ],
          [
            -5.9882483,
            37.3865828
          ]
        ]
      },
      "properties": {
        "area": "yes",
        "highway": "pedestrian",
        "lit": "yes",
        "surface": "paving_stones"
      }
    },
    {
      "type": "Feature",
      "geometry": {
        "type": "LineString",
        "coordinates": [
          [
            -5.9873012,
            37.3863145
          ],
          [
            -5.986896,
            37.3866213
          ],
          [
            -5.9866835,
            37.3868361
          ],
          [
            -5.9865549,
            37.387016
          ]
        ]
      },
      "properties": {
        "highway": "pedestrian",
        "name": "Calle Archeros",
        "surface": "paving_stones"
      }
    },
    {
      "type": "Feature",
      "geometry": {
        "type": "LineString",
        "coordinates": [
          [
            -5.9892042,
            37.3884489
          ],
          [
            -5.98897,
            37.3880862
          ],
          [
            -5.98873,
            37.3877268
          ],
          [
            -5.9886596,
            37.3876516
          ],
          [
            -5.9885718,
            37.3875764
          ]
        ]
      },
      "properties": {
        "highway": "living_street",
        "maxspeed": "30",
        "name": "Calle San Jos\u00e9",
        "oneway": "yes",
        "sidewalk:both:width": "0.50",
        "surface": "sett",
        "width": "2.5"
      }
    },
    {
      "type": "Feature",
      "geometry": {
        "type": "LineString",
        "coordinates": [
          [
            -5.9885718,
            37.3875764
          ],
          [
            -5.9884212,
            37.3873399
          ],
          [
            -5.9883508,
            37.3872511
          ],
          [
            -5.9880227,
            37.3869482
          ],
          [
            -5.9878763,
            37.3867996
          ],
          [
            -5.9878468,
            37.3867698
          ]
        ]
      },
      "properties": {
        "highway": "living_street",
        "maxspeed": "30",
        "name": "Calle San Jos\u00e9",
        "oneway": "yes",
        "sidewalk:both:width": "0.40",
        "surface": "cobblestone"
      }
    },
    {
      "type": "Feature",
      "geometry": {
        "type": "LineString",
        "coordinates": [
          [
            -5.9886596,
            37.3876516
          ],
          [
            -5.9888261,
            37.3875851
          ],
          [
            -5.9891461,
            37.387538
          ],
          [
            -5.9895531,
            37.3875777
          ]
        ]
      },
      "properties": {
        "highway": "living_street",
        "name": "Calle Madre de Dios",
        "oneway": "yes",
        "sidewalk": "no",
        "surface": "cobblestone"
      }
    },
    {
      "type": "Feature",
      "geometry": {
        "type": "LineString",
        "coordinates": [
          [
            -5.9895531,
            37.3875777
          ],
          [
            -5.9895877,
            37.3880371
          ],
          [
            -5.9896237,
            37.3881967
          ],
          [
            -5.9896818,
            37.3885308
          ]
        ]
      },
      "properties": {
        "highway": "living_street",
        "lit": "yes",
        "name": "Calle Federico Rubio",
        "oneway": "yes",
        "sidewalk": "no",
        "smoothness": "bad",
        "surface": "sett"
      }
    },
    {
      "type": "Feature",
      "geometry": {
        "type": "LineString",
        "coordinates": [
          [
            -5.9909062,
            37.3882106
          ],
          [
            -5.9908983,
            37.3881256
          ],
          [
            -5.9908759,
            37.3879729
          ],
          [
            -5.9908917,
            37.3878474
          ],
          [
            -5.9909702,
            37.3877044
          ],
          [
            -5.9910857,
            37.3874941
          ],
          [
            -5.9910935,
            37.3873832
          ],
          [
            -5.9910844,
            37.387135
          ],
          [
            -5.9910964,
            37.3869118
          ],
          [
            -5.9911239,
            37.3866967
          ]
        ]
      },
      "properties": {
        "highway": "living_street",
        "lit": "yes",
        "name": "Calle Abades",
        "oneway": "yes",
        "sidewalk": "no",
        "surface": "sett"
      }
    },
    {
      "type": "Feature",
      "geometry": {
        "type": "LineString",
        "coordinates": [
          [
            -5.9948315,
            37.3927557
          ],
          [
            -5.9948092,
            37.3927572
          ],
          [
            -5.994718,
            37.3927631
          ],
          [
            -5.9941956,
            37.3927914
          ],
          [
            -5.9939443,
            37.392805
          ],
          [
            -5.9937441,
            37.3928157
          ],
          [
            -5.9936515,
            37.3928181
          ]
        ]
      },
      "properties": {
        "highway": "living_street",
        "lit": "yes",
        "motor_vehicle": "destination",
        "name": "Calle Mart\u00edn Villa",
        "oneway": "no",
        "psv": "yes",
        "sidewalk:both:width": "3.60",
        "surface": "sett"
      }
    },
    {
      "type": "Feature",
      "geometry": {
        "type": "LineString",
        "coordinates": [
          [
            -5.9867656,
            37.3883835
          ],
          [
            -5.9868563,
            37.3884331
          ],
          [
            -5.9871637,
            37.3886204
          ],
          [
            -5.9872386,
            37.3886609
          ],
          [
            -5.9874793,
            37.3887801
          ],
          [
            -5.9878155,
            37.3888737
          ],
          [
            -5.9879359,
            37.3889104
          ]
        ]
      },
      "properties": {
        "highway": "living_street",
        "lit": "yes",
        "maxspeed": "30",
        "maxwidth": "1.7",
        "name": "Calle Conde de Ibarra",
        "oneway": "yes",
        "sidewalk": "no",
        "surface": "sett"
      }
    },
    {
      "type": "Feature",
      "geometry": {
        "type": "LineString",
        "coordinates": [
          [
            -5.9936515,
            37.3928181
          ],
          [
            -5.9936848,
            37.3928829
          ],
          [
            -5.9936896,
            37.3934494
          ],
          [
            -5.9937027,
            37.3934817
          ],
          [
            -5.9937839,
            37.3936129
          ],
          [
            -5.9938244,
            37.3936781
          ],
          [
            -5.993847,
            37.3937051
          ]
        ]
      },
      "properties": {
        "highway": "living_street",
        "lit": "yes",
        "name": "Calle Orfila",
        "oneway": "yes",
        "sidewalk": "both",
        "smoothness": "intermediate",
        "surface": "asphalt"
      }
    },
    {
      "type": "Feature",
      "geometry": {
        "type": "LineString",
        "coordinates": [
          [
            -5.9911036,
            37.3884674
          ],
          [
            -5.9912053,
            37.3886571
          ],
          [
            -5.991284,
            37.3887191
          ]
        ]
      },
      "properties": {
        "highway": "living_street",
        "lit": "yes",
        "name": "Calle Argote de Molina",
        "name:etymology:wikidata": "Q629108",
        "oneway": "yes",
        "sidewalk": "no",
        "surface": "sett"
      }
    },
    {
      "type": "Feature",
      "geometry": {
        "type": "LineString",
        "coordinates": [
          [
            -5.9911036,
            37.3884674
          ],
          [
            -5.9910101,
            37.3885297
          ],
          [
            -5.9908414,
            37.3886094
          ],
          [
            -5.9906662,
            37.3886638
          ],
          [
            -5.9905715,
            37.3887232
          ],
          [
            -5.9905167,
            37.3887967
          ],
          [
            -5.9904864,
            37.388845
          ],
          [
            -5.990375,
            37.3890756
          ],
          [
            -5.9903239,
            37.3891476
          ],
          [
            -5.9901825,
            37.3893074
          ],
          [
            -5.9901358,
            37.389361
          ],
          [
            -5.9900744,
            37.3894176
          ]
        ]
      },
      "properties": {
        "highway": "living_street",
        "lit": "yes",
        "name": "Calle Corral del Rey",
        "oneway": "yes",
        "sidewalk": "no",
        "smoothness": "bad",
        "surface": "sett",
        "width": "2.4"
      }
    },
    {
      "type": "Feature",
      "geometry": {
        "type": "LineString",
        "coordinates": [
          [
            -5.9910857,
            37.3874941
          ],
          [
            -5.991342,
            37.387499
          ],
          [
            -5.9916082,
            37.3875141
          ],
          [
            -5.9919141,
            37.3875812
          ],
          [
            -5.991972,
            37.3876131
          ]
        ]
      },
      "properties": {
        "highway": "living_street",
        "lit": "yes",
        "name": "Calle Segovias",
        "oneway": "yes",
        "sidewalk": "no",
        "surface": "sett"
      }
    },
    {
      "type": "Feature",
      "geometry": {
        "type": "LineString",
        "coordinates": [
          [
            -5.992742,
            37.3878937
          ],
          [
            -5.9927765,
            37.3880904
          ],
          [
            -5.99278,
            37.3883716
          ],
          [
            -5.9927599,
            37.3885342
          ],
          [
            -5.9927374,
            37.3885967
          ],
          [
            -5.9926409,
            37.3887722
          ]
        ]
      },
      "properties": {
        "highway": "pedestrian",
        "lit": "yes",
        "name": "Calle Francos",
        "surface": "paving_stones"
      }
    },
    {
      "type": "Feature",
      "geometry": {
        "type": "LineString",
        "coordinates": [
          [
            -5.9936489,
            37.3873785
          ],
          [
            -5.9934543,
            37.387398
          ],
          [
            -5.9934375,
            37.3873997
          ]
        ]
      },
      "properties": {
        "highway": "pedestrian",
        "name": "Calle Florent\u00edn",
        "source": "Bing",
        "source:date": "2013",
        "surface": "paving_stones"
      }
    },
    {
      "type": "Feature",
      "geometry": {
        "type": "LineString",
        "coordinates": [
          [
            -5.9950778,
            37.3899096
          ],
          [
            -5.9947222,
            37.3899839
          ],
          [
            -5.9946545,
            37.3899817
          ],
          [
            -5.9945898,
            37.390008
          ],
          [
            -5.9945831,
            37.3900424
          ],
          [
            -5.9945233,
            37.3900605
          ],
          [
            -5.9943393,
            37.3900885
          ]
        ]
      },
      "properties": {
        "bicycle": "yes",
        "highway": "pedestrian",
        "maxspeed": "10",
        "name": "Calle Jovellanos",
        "surface": "paving_stones"
      }
    },
    {
      "type": "Feature",
      "geometry": {
        "type": "LineString",
        "coordinates": [
          [
            -5.9938089,
            37.3901223
          ],
          [
            -5.9939523,
            37.3903707
          ]
        ]
      },
      "properties": {
        "highway": "pedestrian",
        "lit": "yes",
        "name": "Calle Monardes",
        "surface": "paving_stones"
      }
    },
    {
      "type": "Feature",
      "geometry": {
        "type": "LineString",
        "coordinates": [
          [
            -5.9908727,
            37.38977
          ],
          [
            -5.9909781,
            37.3897841
          ],
          [
            -5.9911887,
            37.3898123
          ],
          [
            -5.9912973,
            37.3898078
          ]
        ]
      },
      "properties": {
        "highway": "living_street",
        "name": "Calle Cuesta del Rosario",
        "oneway": "yes",
        "sidewalk": "both",
        "surface": "sett"
      }
    },
    {
      "type": "Feature",
      "geometry": {
        "type": "LineString",
        "coordinates": [
          [
            -5.9923917,
            37.3903826
          ],
          [
            -5.9923879,
            37.3903612
          ],
          [
            -5.9923689,
            37.390255
          ],
          [
            -5.9923466,
            37.3901301
          ],
          [
            -5.9923426,
            37.3900937
          ],
          [
            -5.9923087,
            37.3897826
          ],
          [
            -5.9923219,
            37.3897652
          ],
          [
            -5.9923374,
            37.3897447
          ]
        ]
      },
      "properties": {
        "bicycle": "no",
        "highway": "pedestrian",
        "name": "Plaza de Jesus de la Pasi\u00f3n",
        "smoothness": "good",
        "surface": "paving_stones",
        "wikidata": "Q98498492",
        "wikipedia": "es:Plaza del Pan (Sevilla)"
      }
    },
    {
      "type": "Feature",
      "geometry": {
        "type": "LineString",
        "coordinates": [
          [
            -5.9932245,
            37.3896574
          ],
          [
            -5.9932353,
            37.3896383
          ],
          [
            -5.9932598,
            37.389556
          ],
          [
            -5.9932764,
            37.3894985
          ],
          [
            -5.9932897,
            37.3894527
          ],
          [
            -5.9933224,
            37.3894031
          ]
        ]
      },
      "properties": {
        "highway": "living_street",
        "lit": "yes",
        "name": "Calle \u00c1lvarez Quintero",
        "name:etymology:wikidata": "Q2879473",
        "oneway": "yes",
        "sidewalk": "both",
        "surface": "sett"
      }
    },
    {
      "type": "Feature",
      "geometry": {
        "type": "LineString",
        "coordinates": [
          [
            -5.9934848,
            37.3893541
          ],
          [
            -5.9934992,
            37.3896929
          ]
        ]
      },
      "properties": {
        "highway": "pedestrian",
        "lit": "yes",
        "name": "Calle Faisanes",
        "surface": "paving_stones"
      }
    },
    {
      "type": "Feature",
      "geometry": {
        "type": "LineString",
        "coordinates": [
          [
            -5.9949735,
            37.3876683
          ],
          [
            -5.9954208,
            37.3873691
          ]
        ]
      },
      "properties": {
        "highway": "pedestrian",
        "name": "Calle Duende",
        "surface": "paving_stones"
      }
    },
    {
      "type": "Feature",
      "geometry": {
        "type": "LineString",
        "coordinates": [
          [
            -5.994562,
            37.3861791
          ],
          [
            -5.9946848,
            37.3865377
          ]
        ]
      },
      "properties": {
        "highway": "living_street",
        "name": "Calle Crist\u00f3bal de Castillejo",
        "oneway": "yes",
        "sidewalk": "both",
        "surface": "sett"
      }
    },
    {
      "type": "Feature",
      "geometry": {
        "type": "LineString",
        "coordinates": [
          [
            -5.9902736,
            37.3948652
          ],
          [
            -5.9903101,
            37.3948838
          ],
          [
            -5.9903999,
            37.3949203
          ],
          [
            -5.9907085,
            37.3950537
          ]
        ]
      },
      "properties": {
        "highway": "living_street",
        "name": "Calle San Juan de la Palma",
        "oneway": "yes",
        "sidewalk:both:width": "0.40",
        "source:width": "ARCore",
        "surface": "asphalt",
        "width": "3"
      }
    },
    {
      "type": "Feature",
      "geometry": {
        "type": "LineString",
        "coordinates": [
          [
            -5.9860018,
            37.3857819
          ],
          [
            -5.9860839,
            37.3856363
          ]
        ]
      },
      "properties": {
        "highway": "primary",
        "lanes": "5",
        "maxspeed": "50",
        "name": "Avenida de Men\u00e9ndez Pelayo",
        "sidewalk": "both",
        "surface": "asphalt",
        "website": "https://sevillapedia.wikanda.es/wiki/Avenida_de_Men%C3%A9ndez_Pelayo_%28Sevilla%29"
      }
    },
    {
      "type": "Feature",
      "geometry": {
        "type": "LineString",
        "coordinates": [
          [
            -5.9925063,
            37.3944314
          ],
          [
            -5.9923861,
            37.3944085
          ],
          [
            -5.9915671,
            37.3945907
          ]
        ]
      },
      "properties": {
        "highway": "living_street",
        "lit": "yes",
        "motor_vehicle": "private",
        "name": "Calle Jer\u00f3nimo Hern\u00e1ndez",
        "oneway": "no",
        "sidewalk": "no",
        "surface": "sett"
      }
    },
    {
      "type": "Feature",
      "geometry": {
        "type": "LineString",
        "coordinates": [
          [
            -5.993847,
            37.3937051
          ],
          [
            -5.9938502,
            37.3937153
          ],
          [
            -5.9938579,
            37.3937361
          ],
          [
            -5.9938993,
            37.3938006
          ],
          [
            -5.9941379,
            37.3941719
          ]
        ]
      },
      "properties": {
        "bicycle": "yes",
        "highway": "pedestrian",
        "lit": "yes",
        "name": "Plaza Fernando de Herrera",
        "oneway": "yes",
        "sidewalk": "no",
        "smoothness": "intermediate",
        "surface": "paving_stones"
      }
    },
    {
      "type": "Feature",
      "geometry": {
        "type": "LineString",
        "coordinates": [
          [
            -5.9850316,
            37.3893956
          ],
          [
            -5.9853101,
            37.3895641
          ],
          [
            -5.9853462,
            37.3895809
          ],
          [
            -5.9855884,
            37.3896701
          ],
          [
            -5.9858111,
            37.3897354
          ],
          [
            -5.9858539,
            37.3897386
          ]
        ]
      },
      "properties": {
        "highway": "residential",
        "lane_markings": "no",
        "lit": "yes",
        "name": "Calle San Esteban",
        "oneway": "yes",
        "sidewalk": "both",
        "sidewalk:both:width": "0.50",
        "smoothness": "excellent",
        "surface": "asphalt"
      }
    },
    {
      "type": "Feature",
      "geometry": {
        "type": "LineString",
        "coordinates": [
          [
            -5.9872328,
            37.3898356
          ],
          [
            -5.9872487,
            37.389837
          ],
          [
            -5.9875616,
            37.3898595
          ],
          [
            -5.9876882,
            37.3898663
          ],
          [
            -5.9881216,
            37.3899095
          ],
          [
            -5.9882711,
            37.3899225
          ]
        ]
      },
      "properties": {
        "highway": "living_street",
        "lit": "yes",
        "maxspeed": "20",
        "motor_vehicle": "destination",
        "name": "Calle \u00c1guilas",
        "note": "La se\u00f1al de circulaci\u00f3n prohibida lleva una nota. Textualmente \"Excepto residentes, servicio p\u00fablico, garajes autorizados, hoteles y de 8 a 12 H y de 16 a 18 H carga y descarga\"",
        "oneway": "yes",
        "psv": "yes",
        "sidewalk": "no",
        "source:maxspeed": "sign",
        "surface": "asphalt"
      }
    },
    {
      "type": "Feature",
      "geometry": {
        "type": "LineString",
        "coordinates": [
          [
            -5.9889903,
            37.3898544
          ],
          [
            -5.9889071,
            37.3901471
          ]
        ]
      },
      "properties": {
        "access": "yes",
        "bicycle": "yes",
        "cycleway": "no",
        "foot": "yes",
        "highway": "living_street",
        "motor_vehicle": "yes",
        "name": "Calle De\u00e1n L\u00f3pez Cepero",
        "oneway": "no",
        "sidewalk": "no",
        "surface": "cobblestone",
        "width": "3"
      }
    },
    {
      "type": "Feature",
      "geometry": {
        "type": "LineString",
        "coordinates": [
          [
            -5.9863659,
            37.3897314
          ],
          [
            -5.9863431,
            37.3899486
          ],
          [
            -5.9863143,
            37.3900268
          ],
          [
            -5.9862483,
            37.3900952
          ]
        ]
      },
      "properties": {
        "highway": "pedestrian",
        "name": "Calle Medinaceli",
        "surface": "paving_stones"
      }
    },
    {
      "type": "Feature",
      "geometry": {
        "type": "LineString",
        "coordinates": [
          [
            -5.9861684,
            37.3891852
          ],
          [
            -5.9859623,
            37.3890175
          ]
        ]
      },
      "properties": {
        "highway": "pedestrian",
        "name": "Calle Cristo del Buen Viaje",
        "surface": "sett"
      }
    },
    {
      "type": "Feature",
      "geometry": {
        "type": "LineString",
        "coordinates": [
          [
            -5.9862239,
            37.3888256
          ],
          [
            -5.9864468,
            37.3890067
          ]
        ]
      },
      "properties": {
        "highway": "pedestrian",
        "name": "Calle Vidrio",
        "surface": "sett"
      }
    },
    {
      "type": "Feature",
      "geometry": {
        "type": "LineString",
        "coordinates": [
          [
            -5.9856457,
            37.3902241
          ],
          [
            -5.9857356,
            37.3901394
          ],
          [
            -5.9853961,
            37.3899342
          ],
          [
            -5.9855884,
            37.3896701
          ]
        ]
      },
      "properties": {
        "cycleway": "no",
        "highway": "pedestrian",
        "name": "Calle Virgen de la Luz",
        "surface": "paving_stones"
      }
    },
    {
      "type": "Feature",
      "geometry": {
        "type": "LineString",
        "coordinates": [
          [
            -5.9850847,
            37.3923346
          ],
          [
            -5.9849951,
            37.3926547
          ],
          [
            -5.9849486,
            37.3928665
          ],
          [
            -5.9849394,
            37.3929085
          ]
        ]
      },
      "properties": {
        "highway": "residential",
        "lane_markings": "no",
        "lit": "yes",
        "maxspeed": "40",
        "name": "Calle Muro de los Navarros",
        "oneway": "yes",
        "sidewalk": "both",
        "surface": "asphalt"
      }
    },
    {
      "type": "Feature",
      "geometry": {
        "type": "LineString",
        "coordinates": [
          [
            -5.9850316,
            37.3893956
          ],
          [
            -5.9849946,
            37.3894334
          ],
          [
            -5.9848538,
            37.3895772
          ]
        ]
      },
      "properties": {
        "highway": "pedestrian",
        "name": "Calle Mosqueta",
        "smoothness": "excellent",
        "surface": "paving_stones"
      }
    },
    {
      "type": "Feature",
      "geometry": {
        "type": "LineString",
        "coordinates": [
          [
            -5.9885756,
            37.3906564
          ],
          [
            -5.9885754,
            37.3907023
          ],
          [
            -5.9883749,
            37.3909079
          ],
          [
            -5.9883453,
            37.390963
          ]
        ]
      },
      "properties": {
        "highway": "residential",
        "name": "Calle Zamudio",
        "oneway": "yes",
        "sidewalk": "no",
        "surface": "asphalt"
      }
    },
    {
      "type": "Feature",
      "geometry": {
        "type": "LineString",
        "coordinates": [
          [
            -5.9850316,
            37.3893956
          ],
          [
            -5.9850773,
            37.3893392
          ],
          [
            -5.9852034,
            37.3891839
          ],
          [
            -5.9853974,
            37.3889645
          ],
          [
            -5.9855539,
            37.3886918
          ],
          [
            -5.9856529,
            37.3884885
          ]
        ]
      },
      "properties": {
        "highway": "pedestrian",
        "name": "Calle Tintes",
        "surface": "paving_stones"
      }
    },
    {
      "type": "Feature",
      "geometry": {
        "type": "LineString",
        "coordinates": [
          [
            -5.985301,
            37.3870537
          ],
          [
            -5.985132,
            37.3869949
          ],
          [
            -5.9841979,
            37.3866699
          ],
          [
            -5.9841247,
            37.3866446
          ],
          [
            -5.9840414,
            37.3866159
          ],
          [
            -5.9837169,
            37.3865028
          ],
          [
            -5.9832996,
            37.3863577
          ]
        ]
      },
      "properties": {
        "highway": "pedestrian",
        "name": "Calle Alcalde Isacio Contreras",
        "surface": "sett"
      }
    },
    {
      "type": "Feature",
      "geometry": {
        "type": "LineString",
        "coordinates": [
          [
            -5.9853756,
            37.3879267
          ],
          [
            -5.9851581,
            37.3878705
          ],
          [
            -5.9850983,
            37.3878557
          ],
          [
            -5.9850831,
            37.3878519
          ],
          [
            -5.9849817,
            37.3878281
          ]
        ]
      },
      "properties": {
        "highway": "residential",
        "maxspeed": "30",
        "name": "Calle Ir\u00fan",
        "oneway": "yes",
        "sidewalk": "no",
        "surface": "cobblestone"
      }
    },
    {
      "type": "Feature",
      "geometry": {
        "type": "LineString",
        "coordinates": [
          [
            -5.9868899,
            37.3880198
          ],
          [
            -5.9871264,
            37.3877707
          ],
          [
            -5.9871459,
            37.387749
          ],
          [
            -5.9873269,
            37.3875472
          ],
          [
            -5.9875223,
            37.3873448
          ],
          [
            -5.9876879,
            37.3871812
          ],
          [
            -5.9880227,
            37.3869482
          ]
        ]
      },
      "properties": {
        "highway": "living_street",
        "lit": "yes",
        "maxspeed": "30",
        "name": "Calle C\u00e9spedes",
        "oneway": "yes",
        "sidewalk": "no",
        "surface": "sett"
      }
    },
    {
      "type": "Feature",
      "geometry": {
        "type": "LineString",
        "coordinates": [
          [
            -5.9870152,
            37.3883664
          ],
          [
            -5.9871895,
            37.3884557
          ],
          [
            -5.9871637,
            37.3886204
          ],
          [
            -5.9868563,
            37.3884331
          ],
          [
            -5.9870732,
            37.3881986
          ],
          [
            -5.9871626,
            37.3882453
          ],
          [
            -5.9870152,
            37.3883664
          ]
        ]
      },
      "properties": {
        "area": "yes",
        "highway": "pedestrian",
        "lit": "yes",
        "name": "Plaza las Mercedarias",
        "surface": "paving_stones"
      }
    },
    {
      "type": "Feature",
      "geometry": {
        "type": "LineString",
        "coordinates": [
          [
            -5.9867656,
            37.3883835
          ],
          [
            -5.9864676,
            37.3881743
          ],
          [
            -5.986322,
            37.3880552
          ],
          [
            -5.9862554,
            37.3880062
          ],
          [
            -5.9861661,
            37.3879554
          ],
          [
            -5.9859601,
            37.3878834
          ],
          [
            -5.98585,
            37.3878056
          ]
        ]
      },
      "properties": {
        "highway": "living_street",
        "maxspeed": "30",
        "name": "Calle Garci-P\u00e9rez",
        "oneway": "yes",
        "sidewalk": "no",
        "surface": "sett"
      }
    },
    {
      "type": "Feature",
      "geometry": {
        "type": "LineString",
        "coordinates": [
          [
            -5.9896615,
            37.3850394
          ],
          [
            -5.9897755,
            37.3849879
          ],
          [
            -5.9897683,
            37.3849748
          ],
          [
            -5.9897723,
            37.3849732
          ],
          [
            -5.9898226,
            37.384953
          ],
          [
            -5.9898349,
            37.3849481
          ],
          [
            -5.9898464,
            37.3849435
          ],
          [
            -5.9898852,
            37.3849954
          ],
          [
            -5.9899237,
            37.3849795
          ],
          [
            -5.9899391,
            37.3849732
          ],
          [
            -5.9899458,
            37.3849837
          ],
          [
            -5.9899535,
            37.3849957
          ],
          [
            -5.9899753,
            37.3850297
          ],
          [
            -5.9897572,
            37.3851202
          ],
          [
            -5.989729,
            37.3851318
          ],
          [
            -5.9897002,
            37.3851438
          ],
          [
            -5.9896774,
            37.3851129
          ],
          [
            -5.989673,
            37.385107
          ],
          [
            -5.9896684,
            37.3851008
          ],
          [
            -5.9896957,
            37.3850862
          ],
          [
            -5.9896615,
            37.3850394
          ]
        ]
      },
      "properties": {
        "area": "yes",
        "highway": "pedestrian",
        "name": "Plaza de los Venerables",
        "surface": "paving_stones",
        "wikidata": "Q119400232",
        "wikipedia": "es:Plaza de los Venerables"
      }
    },
    {
      "type": "Feature",
      "geometry": {
        "type": "LineString",
        "coordinates": [
          [
            -5.9867896,
            37.3859181
          ],
          [
            -5.9867131,
            37.3858724
          ],
          [
            -5.9862313,
            37.3856911
          ],
          [
            -5.9861818,
            37.3856724
          ],
          [
            -5.9860839,
            37.3856363
          ]
        ]
      },
      "properties": {
        "highway": "residential",
        "name": "Calle Puerta la Carne",
        "oneway": "yes",
        "parking:both": "street_side",
        "parking:both:orientation": "parallel",
        "sidewalk": "both",
        "sidewalk:both:surface": "paving_stones",
        "surface": "sett"
      }
    },
    {
      "type": "Feature",
      "geometry": {
        "type": "LineString",
        "coordinates": [
          [
            -5.9910814,
            37.3910165
          ],
          [
            -5.9909988,
            37.3909814
          ],
          [
            -5.990861,
            37.3909181
          ],
          [
            -5.9907909,
            37.3908635
          ],
          [
            -5.9906158,
            37.3907806
          ],
          [
            -5.9904187,
            37.3907379
          ]
        ]
      },
      "properties": {
        "highway": "living_street",
        "name": "Calle Boteros",
        "oneway": "yes",
        "sidewalk": "no",
        "surface": "asphalt",
        "wikidata": "Q119472074"
      }
    },
    {
      "type": "Feature",
      "geometry": {
        "type": "LineString",
        "coordinates": [
          [
            -5.9923083,
            37.392244
          ],
          [
            -5.992461,
            37.3922437
          ],
          [
            -5.9925099,
            37.3919579
          ],
          [
            -5.9925183,
            37.391934
          ],
          [
            -5.9925299,
            37.3919162
          ],
          [
            -5.9925999,
            37.3918581
          ]
        ]
      },
      "properties": {
        "highway": "pedestrian",
        "lit": "yes",
        "name": "Calle Compa\u00f1\u00eda",
        "surface": "paving_stones"
      }
    },
    {
      "type": "Feature",
      "geometry": {
        "type": "LineString",
        "coordinates": [
          [
            -5.9925649,
            37.3918356
          ],
          [
            -5.9926216,
            37.39176
          ],
          [
            -5.9926488,
            37.3917075
          ],
          [
            -5.9926586,
            37.3917009
          ],
          [
            -5.9927264,
            37.3916827
          ],
          [
            -5.9927383,
            37.3916487
          ],
          [
            -5.9927389,
            37.3916091
          ],
          [
            -5.9927275,
            37.3915113
          ],
          [
            -5.992737,
            37.3913075
          ],
          [
            -5.9927451,
            37.3910941
          ]
        ]
      },
      "properties": {
        "highway": "pedestrian",
        "lit": "yes",
        "name": "Calle Buiza y Mensaque",
        "surface": "paving_stones",
        "wikidata": "Q119403298"
      }
    },
    {
      "type": "Feature",
      "geometry": {
        "type": "LineString",
        "coordinates": [
          [
            -5.9967118,
            37.3907824
          ],
          [
            -5.9961426,
            37.3909487
          ],
          [
            -5.9954756,
            37.3910664
          ],
          [
            -5.9953961,
            37.3910505
          ],
          [
            -5.995086,
            37.3909728
          ],
          [
            -5.9949902,
            37.3909562
          ],
          [
            -5.9947851,
            37.3909206
          ],
          [
            -5.9947596,
            37.3909162
          ],
          [
            -5.9945188,
            37.3909351
          ]
        ]
      },
      "properties": {
        "bicycle": "yes",
        "bicycle:conditional": "dismount@10:00-22:00",
        "highway": "pedestrian",
        "maxspeed": "10",
        "name": "Calle Rioja",
        "surface": "paving_stones"
      }
    },
    {
      "type": "Feature",
      "geometry": {
        "type": "LineString",
        "coordinates": [
          [
            -5.9933224,
            37.3894031
          ],
          [
            -5.9933733,
            37.3893686
          ],
          [
            -5.9934428,
            37.3893528
          ],
          [
            -5.9934848,
            37.3893541
          ],
          [
            -5.9937739,
            37.3893628
          ]
        ]
      },
      "properties": {
        "highway": "living_street",
        "lit": "yes",
        "name": "Calle Entre C\u00e1rceles",
        "oneway": "yes",
        "sidewalk": "both",
        "surface": "sett"
      }
    },
    {
      "type": "Feature",
      "geometry": {
        "type": "LineString",
        "coordinates": [
          [
            -5.9933405,
            37.3867388
          ],
          [
            -5.9930407,
            37.3867594
          ],
          [
            -5.9927158,
            37.386782
          ],
          [
            -5.9926551,
            37.38678
          ],
          [
            -5.9926081,
            37.3867709
          ],
          [
            -5.9925616,
            37.3867527
          ],
          [
            -5.9925351,
            37.3867315
          ],
          [
            -5.9925223,
            37.3867086
          ],
          [
            -5.9925164,
            37.3866832
          ]
        ]
      },
      "properties": {
        "highway": "living_street",
        "lit": "yes",
        "maxspeed": "20",
        "name": "Calle Alemanes",
        "old_name": "Calle Gradas",
        "oneway": "yes",
        "source": "ide.Sevilla",
        "source:date": "2011",
        "surface": "sett"
      }
    },
    {
      "type": "Feature",
      "geometry": {
        "type": "LineString",
        "coordinates": [
          [
            -5.9868337,
            37.3897776
          ],
          [
            -5.9871017,
            37.3898267
          ],
          [
            -5.9872328,
            37.3898356
          ]
        ]
      },
      "properties": {
        "highway": "residential",
        "lane_markings": "no",
        "name": "Plaza de Pilatos",
        "oneway": "yes",
        "sidewalk": "both",
        "smoothness": "excellent",
        "surface": "asphalt"
      }
    },
    {
      "type": "Feature",
      "geometry": {
        "type": "LineString",
        "coordinates": [
          [
            -5.9888565,
            37.3905044
          ],
          [
            -5.9885756,
            37.3906564
          ]
        ]
      },
      "properties": {
        "highway": "living_street",
        "name": "Plaza de San Ildefonso",
        "oneway": "yes",
        "sidewalk": "no",
        "surface": "asphalt"
      }
    },
    {
      "type": "Feature",
      "geometry": {
        "type": "LineString",
        "coordinates": [
          [
            -5.9882733,
            37.3905568
          ],
          [
            -5.9883278,
            37.3905666
          ],
          [
            -5.9883783,
            37.3905909
          ]
        ]
      },
      "properties": {
        "highway": "residential",
        "name": "Plaza de San Ildefonso",
        "oneway": "yes",
        "surface": "asphalt"
      }
    },
    {
      "type": "Feature",
      "geometry": {
        "type": "LineString",
        "coordinates": [
          [
            -5.9855301,
            37.3947826
          ],
          [
            -5.9857399,
            37.3950562
          ],
          [
            -5.9857476,
            37.3950665
          ]
        ]
      },
      "properties": {
        "highway": "pedestrian",
        "name": "Calle Gallos",
        "surface": "sett"
      }
    },
    {
      "type": "Feature",
      "geometry": {
        "type": "LineString",
        "coordinates": [
          [
            -5.9849331,
            37.3944431
          ],
          [
            -5.9849594,
            37.3942876
          ],
          [
            -5.9850038,
            37.3941597
          ]
        ]
      },
      "properties": {
        "highway": "living_street",
        "name": "Calle Butr\u00f3n",
        "oneway": "yes",
        "sidewalk": "both",
        "surface": "paving_stones"
      }
    },
    {
      "type": "Feature",
      "geometry": {
        "type": "LineString",
        "coordinates": [
          [
            -5.9850038,
            37.3941597
          ],
          [
            -5.9853736,
            37.3946435
          ],
          [
            -5.9855301,
            37.3947826
          ]
        ]
      },
      "properties": {
        "highway": "living_street",
        "name": "Calle Gallos",
        "sidewalk": "both",
        "surface": "sett"
      }
    },
    {
      "type": "Feature",
      "geometry": {
        "type": "LineString",
        "coordinates": [
          [
            -5.9850106,
            37.3936649
          ],
          [
            -5.984861,
            37.393726
          ],
          [
            -5.9845212,
            37.3939198
          ]
        ]
      },
      "properties": {
        "highway": "living_street",
        "lit": "yes",
        "name": "Calle Pinto",
        "oneway": "yes",
        "sidewalk:both:width": "0.40",
        "surface": "asphalt"
      }
    },
    {
      "type": "Feature",
      "geometry": {
        "type": "LineString",
        "coordinates": [
          [
            -5.9860676,
            37.3942103
          ],
          [
            -5.9858484,
            37.3938809
          ],
          [
            -5.9856299,
            37.3935359
          ],
          [
            -5.9856142,
            37.3935106
          ]
        ]
      },
      "properties": {
        "highway": "pedestrian",
        "lit": "yes",
        "name": "Pasaje Virgen de los Gitanos",
        "name:etymology:wikidata": "Q10995787",
        "surface": "paving_stones"
      }
    },
    {
      "type": "Feature",
      "geometry": {
        "type": "LineString",
        "coordinates": [
          [
            -5.9848446,
            37.3932809
          ],
          [
            -5.9849364,
            37.3933327
          ],
          [
            -5.9849887,
            37.3933743
          ],
          [
            -5.9850124,
            37.3934073
          ],
          [
            -5.9851069,
            37.3936313
          ]
        ]
      },
      "properties": {
        "highway": "residential",
        "lane_markings": "no",
        "lit": "yes",
        "name": "Calle Puerta Osario",
        "oneway": "yes",
        "sidewalk": "both",
        "sidewalk:both:width": "1.90",
        "smoothness": "good",
        "surface": "asphalt"
      }
    },
    {
      "type": "Feature",
      "geometry": {
        "type": "LineString",
        "coordinates": [
          [
            -5.9862684,
            37.3929542
          ],
          [
            -5.9860916,
            37.392996
          ],
          [
            -5.9858709,
            37.39306
          ],
          [
            -5.9854469,
            37.3932088
          ],
          [
            -5.9851215,
            37.3932886
          ],
          [
            -5.9850678,
            37.3933017
          ],
          [
            -5.9848446,
            37.3932809
          ]
        ]
      },
      "properties": {
        "highway": "residential",
        "lane_markings": "no",
        "lit": "yes",
        "name": "Calle J\u00e1uregui",
        "oneway": "yes",
        "sidewalk:both": "yes",
        "sidewalk:both:width": "0.90",
        "surface": "asphalt"
      }
    },
    {
      "type": "Feature",
      "geometry": {
        "type": "LineString",
        "coordinates": [
          [
            -5.9871059,
            37.3931757
          ],
          [
            -5.9871885,
            37.393154
          ],
          [
            -5.9872464,
            37.3931388
          ],
          [
            -5.9872977,
            37.3931253
          ],
          [
            -5.9873916,
            37.3931006
          ],
          [
            -5.9875523,
            37.3930583
          ],
          [
            -5.9876294,
            37.393038
          ],
          [
            -5.9877109,
            37.3930166
          ],
          [
            -5.9878031,
            37.3929924
          ]
        ]
      },
      "properties": {
        "highway": "residential",
        "lanes": "2",
        "lit": "yes",
        "name": "Plaza Ponce de Le\u00f3n",
        "name:etymology:wikidata": "Q185974",
        "sidewalk:both": "yes",
        "sidewalk:both:width": "2.00",
        "surface": "asphalt"
      }
    },
    {
      "type": "Feature",
      "geometry": {
        "type": "LineString",
        "coordinates": [
          [
            -5.98851,
            37.3928804
          ],
          [
            -5.9884419,
            37.3930301
          ],
          [
            -5.9883851,
            37.3931302
          ],
          [
            -5.988306,
            37.3932296
          ],
          [
            -5.988237,
            37.3932649
          ],
          [
            -5.9882153,
            37.393276
          ]
        ]
      },
      "properties": {
        "highway": "pedestrian",
        "lit": "yes",
        "name": "Calle Alh\u00f3ndiga",
        "name:etymology:wikidata": "Q17455727",
        "surface": "paving_stones"
      }
    },
    {
      "type": "Feature",
      "geometry": {
        "type": "LineString",
        "coordinates": [
          [
            -5.9892253,
            37.3941635
          ],
          [
            -5.9894055,
            37.3942981
          ],
          [
            -5.9900106,
            37.3946735
          ],
          [
            -5.9902736,
            37.3948652
          ]
        ]
      },
      "properties": {
        "highway": "living_street",
        "maxheight": "2.6",
        "maxwidth": "2",
        "name": "Calle Gerona",
        "name:etymology:wikidata": "Q7038",
        "oneway": "yes",
        "sidewalk:both:width": "1.40",
        "surface": "asphalt"
      }
    },
    {
      "type": "Feature",
      "geometry": {
        "type": "LineString",
        "coordinates": [
          [
            -5.9879406,
            37.3937601
          ],
          [
            -5.9881548,
            37.3935655
          ],
          [
            -5.98818,
            37.3935447
          ],
          [
            -5.9882213,
            37.3935298
          ]
        ]
      },
      "properties": {
        "highway": "living_street",
        "name": "Calle Capataz Manuel Santiago",
        "oneway": "yes"
      }
    },
    {
      "type": "Feature",
      "geometry": {
        "type": "LineString",
        "coordinates": [
          [
            -5.9884941,
            37.3948702
          ],
          [
            -5.9884876,
            37.3950268
          ],
          [
            -5.9887342,
            37.3950144
          ]
        ]
      },
      "properties": {
        "highway": "living_street",
        "name": "Calle San Quint\u00edn",
        "sidewalk": "both",
        "surface": "cobblestone"
      }
    },
    {
      "type": "Feature",
      "geometry": {
        "type": "LineString",
        "coordinates": [
          [
            -5.9867948,
            37.3932558
          ],
          [
            -5.9869339,
            37.3932192
          ],
          [
            -5.9871059,
            37.3931757
          ]
        ]
      },
      "properties": {
        "highway": "residential",
        "lanes": "2",
        "lit": "yes",
        "name": "Calle Escuelas P\u00edas",
        "sidewalk:both:width": "2.60",
        "surface": "asphalt"
      }
    },
    {
      "type": "Feature",
      "geometry": {
        "type": "LineString",
        "coordinates": [
          [
            -5.98851,
            37.3928804
          ],
          [
            -5.9886244,
            37.3928671
          ],
          [
            -5.9886817,
            37.3928544
          ],
          [
            -5.9895035,
            37.3925432
          ],
          [
            -5.9895526,
            37.3925271
          ]
        ]
      },
      "properties": {
        "highway": "living_street",
        "lanes": "1",
        "lanes:both_ways": "1",
        "lit": "yes",
        "motor_vehicle": "destination",
        "name": "Calle Almirante Apodaca",
        "sidewalk": "both",
        "surface": "asphalt"
      }
    },
    {
      "type": "Feature",
      "geometry": {
        "type": "LineString",
        "coordinates": [
          [
            -5.9856202,
            37.3921517
          ],
          [
            -5.9856153,
            37.3924037
          ],
          [
            -5.9857768,
            37.3925235
          ]
        ]
      },
      "properties": {
        "highway": "living_street",
        "motor_vehicle": "destination",
        "name": "Calle Arapiles",
        "sidewalk": "no",
        "surface": "cobblestone"
      }
    },
    {
      "type": "Feature",
      "geometry": {
        "type": "LineString",
        "coordinates": [
          [
            -5.9854832,
            37.3907054
          ],
          [
            -5.9854723,
            37.3907771
          ],
          [
            -5.9852679,
            37.3919311
          ]
        ]
      },
      "properties": {
        "highway": "residential",
        "lane_markings": "no",
        "lit": "yes",
        "name": "Calle Muro de los Navarros",
        "oneway": "yes",
        "sidewalk": "both",
        "sidewalk:both:width": "1.30",
        "smoothness": "good",
        "surface": "sett"
      }
    },
    {
      "type": "Feature",
      "geometry": {
        "type": "LineString",
        "coordinates": [
          [
            -5.9864006,
            37.390202
          ],
          [
            -5.9862483,
            37.3900952
          ],
          [
            -5.9861148,
            37.3899966
          ],
          [
            -5.9859326,
            37.3898622
          ],
          [
            -5.9858539,
            37.3897386
          ]
        ]
      },
      "properties": {
        "highway": "living_street",
        "name": "Calle Imperial",
        "oneway": "yes",
        "smoothness": "intermediate",
        "surface": "sett"
      }
    },
    {
      "type": "Feature",
      "geometry": {
        "type": "LineString",
        "coordinates": [
          [
            -5.986506,
            37.3911616
          ],
          [
            -5.9864586,
            37.3912187
          ],
          [
            -5.9862366,
            37.3913346
          ]
        ]
      },
      "properties": {
        "highway": "residential",
        "lane_markings": "no",
        "lit": "yes",
        "motor_vehicle": "destination",
        "name": "Calle Lanza",
        "surface": "cobblestone"
      }
    },
    {
      "type": "Feature",
      "geometry": {
        "type": "LineString",
        "coordinates": [
          [
            -5.9879302,
            37.3922381
          ],
          [
            -5.9881702,
            37.3922599
          ],
          [
            -5.9882019,
            37.392271
          ],
          [
            -5.9886154,
            37.3923255
          ]
        ]
      },
      "properties": {
        "highway": "pedestrian",
        "name": "Calle Ni\u00f1o Ricardo",
        "name:etymology:wikidata": "Q930387",
        "surface": "paving_stones"
      }
    },
    {
      "type": "Feature",
      "geometry": {
        "type": "LineString",
        "coordinates": [
          [
            -5.98817,
            37.3912382
          ],
          [
            -5.988209,
            37.3912463
          ],
          [
            -5.988253,
            37.3912513
          ],
          [
            -5.9888263,
            37.391228
          ]
        ]
      },
      "properties": {
        "highway": "living_street",
        "name": "Plaza de San Leandro",
        "oneway": "yes",
        "sidewalk": "both",
        "surface": "asphalt"
      }
    },
    {
      "type": "Feature",
      "geometry": {
        "type": "LineString",
        "coordinates": [
          [
            -5.98817,
            37.3912382
          ],
          [
            -5.9880471,
            37.3914263
          ],
          [
            -5.9879302,
            37.3922381
          ],
          [
            -5.9879349,
            37.3923209
          ],
          [
            -5.987995,
            37.3927062
          ],
          [
            -5.988011,
            37.3928457
          ],
          [
            -5.988025,
            37.3929372
          ]
        ]
      },
      "properties": {
        "highway": "residential",
        "lane_markings": "no",
        "lit": "yes",
        "name": "Calle Francisco Carri\u00f3n Mej\u00edas",
        "oneway": "yes",
        "sidewalk:both:width": "1.90",
        "surface": "asphalt"
      }
    },
    {
      "type": "Feature",
      "geometry": {
        "type": "LineString",
        "coordinates": [
          [
            -5.9903812,
            37.3925392
          ],
          [
            -5.990465,
            37.3925609
          ],
          [
            -5.9906681,
            37.3925931
          ],
          [
            -5.9910952,
            37.3926445
          ],
          [
            -5.991343,
            37.3926764
          ],
          [
            -5.991378,
            37.3926805
          ]
        ]
      },
      "properties": {
        "bicycle": "permissive",
        "emergency": "yes",
        "foot": "yes",
        "goods": "designated",
        "highway": "living_street",
        "lit": "yes",
        "motor_vehicle": "no",
        "name": "Calle Imagen",
        "psv": "yes",
        "sidewalk": "both",
        "sidewalk:both:width": "2.60",
        "surface": "asphalt",
        "vehicle": "no"
      }
    },
    {
      "type": "Feature",
      "geometry": {
        "type": "LineString",
        "coordinates": [
          [
            -5.9906597,
            37.3922811
          ],
          [
            -5.9906614,
            37.3921633
          ],
          [
            -5.9906284,
            37.3920198
          ],
          [
            -5.9905608,
            37.3918794
          ],
          [
            -5.9904902,
            37.391723
          ]
        ]
      },
      "properties": {
        "highway": "pedestrian",
        "name": "Calle Escarp\u00edn",
        "surface": "paving_stones"
      }
    },
    {
      "type": "Feature",
      "geometry": {
        "type": "LineString",
        "coordinates": [
          [
            -5.9907918,
            37.3922527
          ],
          [
            -5.9906597,
            37.3922811
          ]
        ]
      },
      "properties": {
        "highway": "pedestrian",
        "name": "Calle Jos\u00e9 Luis Luque",
        "surface": "paving_stones"
      }
    },
    {
      "type": "Feature",
      "geometry": {
        "type": "LineString",
        "coordinates": [
          [
            -5.9904902,
            37.391723
          ],
          [
            -5.990395,
            37.391872
          ],
          [
            -5.9902178,
            37.3921524
          ],
          [
            -5.9901405,
            37.3923009
          ],
          [
            -5.9900837,
            37.3924173
          ]
        ]
      },
      "properties": {
        "highway": "pedestrian",
        "name": "Calle Mercedes de Velilla",
        "surface": "paving_stones"
      }
    },
    {
      "type": "Feature",
      "geometry": {
        "type": "LineString",
        "coordinates": [
          [
            -5.9906597,
            37.3922811
          ],
          [
            -5.9906226,
            37.3923005
          ]
        ]
      },
      "properties": {
        "highway": "steps",
        "layer": "-1",
        "surface": "paving_stones",
        "tunnel": "yes"
      }
    },
    {
      "type": "Feature",
      "geometry": {
        "type": "LineString",
        "coordinates": [
          [
            -5.9906226,
            37.3923005
          ],
          [
            -5.9905688,
            37.3924597
          ]
        ]
      },
      "properties": {
        "highway": "footway",
        "layer": "-1",
        "surface": "paving_stones",
        "tunnel": "yes"
      }
    },
    {
      "type": "Feature",
      "geometry": {
        "type": "LineString",
        "coordinates": [
          [
            -5.9899078,
            37.3915273
          ],
          [
            -5.990464,
            37.391619
          ],
          [
            -5.9905164,
            37.3916168
          ]
        ]
      },
      "properties": {
        "highway": "living_street",
        "maxheight": "3",
        "maxwidth": "2",
        "name": "Calle Ortiz de Z\u00fa\u00f1iga",
        "oneway": "yes",
        "sidewalk": "both",
        "surface": "sett"
      }
    },
    {
      "type": "Feature",
      "geometry": {
        "type": "LineString",
        "coordinates": [
          [
            -5.9909704,
            37.3916343
          ],
          [
            -5.9910608,
            37.3914297
          ],
          [
            -5.9911143,
            37.3912747
          ],
          [
            -5.9911143,
            37.3911378
          ],
          [
            -5.9911013,
            37.3910827
          ],
          [
            -5.9910814,
            37.3910165
          ],
          [
            -5.9910687,
            37.3909403
          ],
          [
            -5.9910848,
            37.390826
          ],
          [
            -5.991108,
            37.390753
          ]
        ]
      },
      "properties": {
        "highway": "living_street",
        "name": "Calle P\u00e9rez Gald\u00f3s",
        "oneway": "yes",
        "sidewalk": "no",
        "smoothness": "good",
        "surface": "asphalt",
        "wikidata": "Q119472078"
      }
    },
    {
      "type": "Feature",
      "geometry": {
        "type": "LineString",
        "coordinates": [
          [
            -5.9914541,
            37.3917548
          ],
          [
            -5.9911099,
            37.3916985
          ]
        ]
      },
      "properties": {
        "alt_name": "Callej\u00f3n Cedaceros",
        "highway": "living_street",
        "name": "Calle Cedaceros",
        "sidewalk": "both",
        "surface": "sett",
        "wikidata": "Q119479966"
      }
    },
    {
      "type": "Feature",
      "geometry": {
        "type": "LineString",
        "coordinates": [
          [
            -5.9902783,
            37.3913699
          ],
          [
            -5.9902759,
            37.3912312
          ],
          [
            -5.9900893,
            37.3910757
          ]
        ]
      },
      "properties": {
        "highway": "pedestrian",
        "name": "Calle Padre Luis Mar\u00eda Llop",
        "surface": "sett"
      }
    },
    {
      "type": "Feature",
      "geometry": {
        "type": "LineString",
        "coordinates": [
          [
            -5.9909138,
            37.3911727
          ],
          [
            -5.990983,
            37.3910255
          ],
          [
            -5.9909939,
            37.390995
          ],
          [
            -5.9909988,
            37.3909814
          ]
        ]
      },
      "properties": {
        "alt_name": "Callej\u00f3n Celinda",
        "highway": "pedestrian",
        "name": "Calle Celinda",
        "surface": "paving_stones",
        "wikidata": "Q119472082"
      }
    },
    {
      "type": "Feature",
      "geometry": {
        "type": "LineString",
        "coordinates": [
          [
            -5.9911574,
            37.3903671
          ],
          [
            -5.9911844,
            37.3902486
          ],
          [
            -5.9912113,
            37.3901233
          ],
          [
            -5.9912973,
            37.3898078
          ]
        ]
      },
      "properties": {
        "highway": "living_street",
        "lit": "yes",
        "name": "Calle \u00c1ngel Mar\u00eda Camacho",
        "oneway": "yes",
        "sidewalk": "both",
        "source": "ide.Sevilla",
        "source:date": "2011",
        "surface": "sett"
      }
    },
    {
      "type": "Feature",
      "geometry": {
        "type": "LineString",
        "coordinates": [
          [
            -5.9905812,
            37.3900676
          ],
          [
            -5.9908836,
            37.3901121
          ],
          [
            -5.9911473,
            37.3901195
          ]
        ]
      },
      "properties": {
        "highway": "pedestrian",
        "name": "Calle Rafael Gonzalez Serna",
        "old_name": "Calle Huelva",
        "surface": "paving_stones"
      }
    },
    {
      "type": "Feature",
      "geometry": {
        "type": "LineString",
        "coordinates": [
          [
            -5.9904633,
            37.3901956
          ],
          [
            -5.9904927,
            37.3902229
          ],
          [
            -5.9905041,
            37.3902558
          ],
          [
            -5.9904997,
            37.3902961
          ],
          [
            -5.9904346,
            37.3903931
          ],
          [
            -5.9902775,
            37.3906578
          ],
          [
            -5.9902597,
            37.390688
          ]
        ]
      },
      "properties": {
        "highway": "living_street",
        "name": "Calle Odreros",
        "oneway": "yes",
        "surface": "sett"
      }
    },
    {
      "type": "Feature",
      "geometry": {
        "type": "LineString",
        "coordinates": [
          [
            -5.9904633,
            37.3901956
          ],
          [
            -5.9904945,
            37.3901711
          ],
          [
            -5.9905812,
            37.3900676
          ],
          [
            -5.9907772,
            37.3898334
          ],
          [
            -5.990824,
            37.3897921
          ],
          [
            -5.9908727,
            37.38977
          ]
        ]
      },
      "properties": {
        "highway": "living_street",
        "name": "Calle Jes\u00fas de las Tres Ca\u00eddas",
        "oneway": "yes",
        "sidewalk": "both",
        "surface": "sett"
      }
    },
    {
      "type": "Feature",
      "geometry": {
        "type": "LineString",
        "coordinates": [
          [
            -5.9899855,
            37.3896018
          ],
          [
            -5.9899414,
            37.3896375
          ],
          [
            -5.9898844,
            37.3896994
          ],
          [
            -5.9897622,
            37.3898652
          ],
          [
            -5.9897003,
            37.3899727
          ]
        ]
      },
      "properties": {
        "highway": "pedestrian",
        "lit": "yes",
        "name": "Calle Cabeza del Rey Don Pedro",
        "sidewalk": "both",
        "smoothness": "intermediate",
        "surface": "sett"
      }
    },
    {
      "type": "Feature",
      "geometry": {
        "type": "LineString",
        "coordinates": [
          [
            -5.9898838,
            37.390613
          ],
          [
            -5.9897268,
            37.3908705
          ]
        ]
      },
      "properties": {
        "highway": "living_street",
        "motor_vehicle": "private",
        "name": "Calle Espronceda",
        "sidewalk": "no",
        "surface": "cobblestone"
      }
    },
    {
      "type": "Feature",
      "geometry": {
        "type": "LineString",
        "coordinates": [
          [
            -5.9888565,
            37.3905044
          ],
          [
            -5.9889154,
            37.3904812
          ],
          [
            -5.98912,
            37.3904506
          ],
          [
            -5.9892869,
            37.3904615
          ],
          [
            -5.989338,
            37.3904755
          ]
        ]
      },
      "properties": {
        "highway": "living_street",
        "name": "Calle Boteros",
        "oneway": "yes",
        "sidewalk": "no",
        "surface": "asphalt",
        "wikidata": "Q119472074"
      }
    },
    {
      "type": "Feature",
      "geometry": {
        "type": "LineString",
        "coordinates": [
          [
            -5.9892869,
            37.3904615
          ],
          [
            -5.9891074,
            37.3907482
          ],
          [
            -5.9890989,
            37.3907987
          ],
          [
            -5.9889932,
            37.3909636
          ]
        ]
      },
      "properties": {
        "highway": "living_street",
        "maxspeed": "30",
        "name": "Calle Alh\u00f3ndiga",
        "name:etymology:wikidata": "Q17455727",
        "oneway": "yes",
        "sidewalk": "no",
        "surface": "sett"
      }
    },
    {
      "type": "Feature",
      "geometry": {
        "type": "LineString",
        "coordinates": [
          [
            -5.9908727,
            37.38977
          ],
          [
            -5.9908386,
            37.3897676
          ],
          [
            -5.9905066,
            37.3896285
          ]
        ]
      },
      "properties": {
        "bicycle": "yes",
        "highway": "pedestrian",
        "name": "Calle Augusto Plasencia",
        "surface": "paving_stones"
      }
    },
    {
      "type": "Feature",
      "geometry": {
        "type": "LineString",
        "coordinates": [
          [
            -5.9905066,
            37.3896285
          ],
          [
            -5.9904956,
            37.3896204
          ],
          [
            -5.9904059,
            37.3895604
          ],
          [
            -5.9903695,
            37.3895344
          ],
          [
            -5.9903095,
            37.389507
          ],
          [
            -5.9901797,
            37.3894622
          ],
          [
            -5.9900744,
            37.3894176
          ]
        ]
      },
      "properties": {
        "highway": "pedestrian",
        "name": "Calle Augusto Plasencia",
        "surface": "sett"
      }
    },
    {
      "type": "Feature",
      "geometry": {
        "type": "LineString",
        "coordinates": [
          [
            -5.9915105,
            37.3884274
          ],
          [
            -5.9914983,
            37.3883795
          ]
        ]
      },
      "properties": {
        "highway": "pedestrian",
        "lit": "yes",
        "name": "Calle Estrella",
        "surface": "sett"
      }
    },
    {
      "type": "Feature",
      "geometry": {
        "type": "LineString",
        "coordinates": [
          [
            -5.9923171,
            37.3885271
          ],
          [
            -5.992209,
            37.3884583
          ],
          [
            -5.9918208,
            37.3884622
          ],
          [
            -5.9915105,
            37.3884274
          ]
        ]
      },
      "properties": {
        "highway": "living_street",
        "lit": "yes",
        "motor_vehicle": "private",
        "name": "Calle Pajaritos",
        "sidewalk": "no",
        "surface": "sett"
      }
    },
    {
      "type": "Feature",
      "geometry": {
        "type": "LineString",
        "coordinates": [
          [
            -5.9847303,
            37.3897294
          ],
          [
            -5.9851302,
            37.390088
          ]
        ]
      },
      "properties": {
        "highway": "living_street",
        "name": "Calle Concepci\u00f3n",
        "sidewalk:both:width": "0.50",
        "surface": "cobblestone"
      }
    },
    {
      "type": "Feature",
      "geometry": {
        "type": "LineString",
        "coordinates": [
          [
            -5.984471,
            37.3891797
          ],
          [
            -5.9846213,
            37.3892366
          ],
          [
            -5.984653,
            37.3892486
          ],
          [
            -5.9847242,
            37.3892756
          ],
          [
            -5.9849864,
            37.3893725
          ],
          [
            -5.9850316,
            37.3893956
          ]
        ]
      },
      "properties": {
        "highway": "residential",
        "maxheight": "3",
        "maxspeed": "30",
        "maxweight": "3.5",
        "name": "Puerta de Carmona",
        "oneway": "yes",
        "sidewalk:both": "separate",
        "smoothness": "excellent",
        "surface": "asphalt"
      }
    },
    {
      "type": "Feature",
      "geometry": {
        "type": "LineString",
        "coordinates": [
          [
            -5.9853462,
            37.3895809
          ],
          [
            -5.9852157,
            37.3897296
          ]
        ]
      },
      "properties": {
        "highway": "living_street",
        "name": "Calle San Esteban",
        "sidewalk": "no",
        "surface": "asphalt"
      }
    },
    {
      "type": "Feature",
      "geometry": {
        "type": "LineString",
        "coordinates": [
          [
            -5.9924612,
            37.3945746
          ],
          [
            -5.9924637,
            37.3945804
          ],
          [
            -5.9925354,
            37.3945784
          ],
          [
            -5.9925461,
            37.3945851
          ],
          [
            -5.9925689,
            37.3945994
          ],
          [
            -5.9925785,
            37.3945869
          ],
          [
            -5.9926034,
            37.3945814
          ],
          [
            -5.9926123,
            37.3945551
          ],
          [
            -5.9925811,
            37.394373
          ],
          [
            -5.9925444,
            37.394366
          ],
          [
            -5.9925112,
            37.3943596
          ],
          [
            -5.9923799,
            37.3943913
          ],
          [
            -5.9923861,
            37.3944085
          ],
          [
            -5.9923883,
            37.3944146
          ],
          [
            -5.9924412,
            37.3945345
          ],
          [
            -5.9924484,
            37.3945507
          ],
          [
            -5.9924612,
            37.3945746
          ]
        ]
      },
      "properties": {
        "area": "yes",
        "highway": "pedestrian",
        "lit": "yes",
        "name": "Plaza del Pozo Santo",
        "surface": "sett",
        "wikidata": "Q119438595",
        "wikipedia": "es:Plaza del Pozo Santo"
      }
    },
    {
      "type": "Feature",
      "geometry": {
        "type": "LineString",
        "coordinates": [
          [
            -5.9938129,
            37.3945559
          ],
          [
            -5.9942462,
            37.394504
          ]
        ]
      },
      "properties": {
        "highway": "living_street",
        "name": "Calle San Andr\u00e9s",
        "oneway": "yes",
        "sidewalk": "left",
        "smoothness": "intermediate",
        "source:width": "ARCore",
        "surface": "sett",
        "width": "4.3"
      }
    },
    {
      "type": "Feature",
      "geometry": {
        "type": "LineString",
        "coordinates": [
          [
            -5.9938229,
            37.3937526
          ],
          [
            -5.9938033,
            37.3937565
          ],
          [
            -5.993581,
            37.3937975
          ],
          [
            -5.9934622,
            37.3938021
          ],
          [
            -5.993375,
            37.3938156
          ],
          [
            -5.9933275,
            37.3938229
          ],
          [
            -5.9932836,
            37.3938294
          ],
          [
            -5.9931261,
            37.3938529
          ],
          [
            -5.9930828,
            37.3938593
          ],
          [
            -5.9930375,
            37.393866
          ],
          [
            -5.9929139,
            37.3938844
          ]
        ]
      },
      "properties": {
        "highway": "pedestrian",
        "indoor": "yes",
        "name": "Pasaje de los Azahares",
        "source": "ide.Sevilla",
        "surface": "paving_stones",
        "tunnel": "building_passage"
      }
    },
    {
      "type": "Feature",
      "geometry": {
        "type": "LineString",
        "coordinates": [
          [
            -5.9926915,
            37.3938013
          ],
          [
            -5.9927047,
            37.393781
          ],
          [
            -5.9928316,
            37.3937313
          ],
          [
            -5.9928824,
            37.3937961
          ],
          [
            -5.9928693,
            37.3938014
          ],
          [
            -5.9929139,
            37.3938844
          ],
          [
            -5.992925,
            37.393905
          ],
          [
            -5.9928073,
            37.3939432
          ],
          [
            -5.9927296,
            37.3939601
          ],
          [
            -5.9926981,
            37.3939616
          ],
          [
            -5.9926973,
            37.3939576
          ],
          [
            -5.9926679,
            37.3939595
          ],
          [
            -5.992657,
            37.3939573
          ],
          [
            -5.9926462,
            37.3939558
          ],
          [
            -5.9926338,
            37.3939526
          ],
          [
            -5.9926716,
            37.3938515
          ],
          [
            -5.9926776,
            37.3938227
          ],
          [
            -5.9926915,
            37.3938013
          ]
        ]
      },
      "properties": {
        "area": "yes",
        "highway": "pedestrian",
        "lit": "yes",
        "name": "Plaza de Zurbar\u00e1n",
        "source": "catastro",
        "surface": "sett"
      }
    },
    {
      "type": "Feature",
      "geometry": {
        "type": "LineString",
        "coordinates": [
          [
            -5.9948982,
            37.3932542
          ],
          [
            -5.9949353,
            37.3932291
          ],
          [
            -5.9952515,
            37.3930144
          ],
          [
            -5.9956394,
            37.3929751
          ]
        ]
      },
      "properties": {
        "bicycle": "yes",
        "bicycle:conditional": "dismount@10:00-22:00",
        "highway": "pedestrian",
        "maxspeed": "10",
        "name": "Calle Tarifa",
        "surface": "paving_stones"
      }
    },
    {
      "type": "Feature",
      "geometry": {
        "type": "LineString",
        "coordinates": [
          [
            -5.9941379,
            37.3941719
          ],
          [
            -5.9941903,
            37.3942799
          ],
          [
            -5.9942462,
            37.394504
          ]
        ]
      },
      "properties": {
        "highway": "living_street",
        "lit": "yes",
        "name": "Calle Daoiz",
        "oneway": "yes",
        "sidewalk": "no",
        "sidewalk:both:width": "0.40",
        "smoothness": "bad",
        "source:width": "ARCore",
        "surface": "sett",
        "width": "6"
      }
    },
    {
      "type": "Feature",
      "geometry": {
        "type": "LineString",
        "coordinates": [
          [
            -5.993847,
            37.3937051
          ],
          [
            -5.9938411,
            37.3937116
          ],
          [
            -5.993831,
            37.3937337
          ],
          [
            -5.9938229,
            37.3937526
          ],
          [
            -5.993817,
            37.393816
          ],
          [
            -5.9937857,
            37.3941072
          ]
        ]
      },
      "properties": {
        "highway": "pedestrian",
        "name": "Plaza Fernando de Herrera",
        "smoothness": "intermediate",
        "surface": "paving_stones"
      }
    },
    {
      "type": "Feature",
      "geometry": {
        "type": "LineString",
        "coordinates": [
          [
            -5.9940224,
            37.3850662
          ],
          [
            -5.9939427,
            37.3845552
          ],
          [
            -5.9939157,
            37.384378
          ],
          [
            -5.9938747,
            37.3841144
          ],
          [
            -5.9938448,
            37.383942
          ],
          [
            -5.9938075,
            37.3837269
          ],
          [
            -5.9937892,
            37.3836214
          ],
          [
            -5.993717,
            37.3832542
          ],
          [
            -5.9936812,
            37.3830725
          ],
          [
            -5.9936616,
            37.3829732
          ],
          [
            -5.9935633,
            37.3829412
          ],
          [
            -5.9935214,
            37.3829276
          ],
          [
            -5.9934745,
            37.3829123
          ],
          [
            -5.9933841,
            37.3828829
          ],
          [
            -5.9934012,
            37.3829644
          ],
          [
            -5.9934605,
            37.3832585
          ],
          [
            -5.9935242,
            37.3835705
          ],
          [
            -5.9935459,
            37.3836737
          ],
          [
            -5.993541,
            37.3836905
          ],
          [
            -5.9935187,
            37.3837622
          ],
          [
            -5.9934992,
            37.3838252
          ],
          [
            -5.9936013,
            37.3839901
          ],
          [
            -5.993582,
            37.3840069
          ],
          [
            -5.9935806,
            37.3840272
          ],
          [
            -5.9936113,
            37.3840673
          ],
          [
            -5.9935668,
            37.3840849
          ],
          [
            -5.9935609,
            37.3841103
          ],
          [
            -5.9935503,
            37.3841504
          ],
          [
            -5.9935508,
            37.3843165
          ],
          [
            -5.9935733,
            37.3844647
          ],
          [
            -5.9935768,
            37.3844874
          ],
          [
            -5.9936044,
            37.3846691
          ],
          [
            -5.99363,
            37.384838
          ],
          [
            -5.9937406,
            37.3850848
          ],
          [
            -5.9938339,
            37.3852931
          ],
          [
            -5.9938933,
            37.3854013
          ],
          [
            -5.9939024,
            37.3854743
          ],
          [
            -5.9939103,
            37.3855377
          ],
          [
            -5.9939202,
            37.3856174
          ],
          [
            -5.9939475,
            37.3858362
          ],
          [
            -5.9939569,
            37.3859116
          ],
          [
            -5.9939648,
            37.385975
          ],
          [
            -5.9939857,
            37.3861424
          ],
          [
            -5.9939937,
            37.3862073
          ],
          [
            -5.9940421,
            37.3865953
          ],
          [
            -5.9940449,
            37.3866814
          ],
          [
            -5.9940436,
            37.3867616
          ],
          [
            -5.9940579,
            37.3868717
          ],
          [
            -5.9940606,
            37.3868927
          ],
          [
            -5.9940641,
            37.3869197
          ],
          [
            -5.9940324,
            37.3869224
          ],
          [
            -5.9940627,
            37.3871385
          ],
          [
            -5.9940709,
            37.3871964
          ],
          [
            -5.9941065,
            37.3874819
          ],
          [
            -5.9941115,
            37.3875152
          ],
          [
            -5.9941167,
            37.3875502
          ],
          [
            -5.994176,
            37.3880052
          ],
          [
            -5.9941955,
            37.3880223
          ],
          [
            -5.9944172,
            37.3882177
          ],
          [
            -5.9944725,
            37.388215
          ],
          [
            -5.9944735,
            37.3882546
          ],
          [
            -5.9944763,
            37.388336
          ],
          [
            -5.9946347,
            37.3883223
          ],
          [
            -5.9948158,
            37.3882621
          ],
          [
            -5.9949071,
            37.3882318
          ],
          [
            -5.9948888,
            37.3880867
          ],
          [
            -5.99484,
            37.3880791
          ],
          [
            -5.9947912,
            37.3880714
          ],
          [
            -5.9947619,
            37.3880819
          ],
          [
            -5.9947156,
            37.3880779
          ],
          [
            -5.9946363,
            37.3880564
          ],
          [
            -5.9945527,
            37.3880071
          ],
          [
            -5.9945284,
            37.3879834
          ],
          [
            -5.9944762,
            37.3878671
          ],
          [
            -5.9944239,
            37.3877507
          ],
          [
            -5.994414,
            37.3877459
          ],
          [
            -5.9944053,
            37.3877385
          ],
          [
            -5.9944011,
            37.3877287
          ],
          [
            -5.9943991,
            37.3877197
          ],
          [
            -5.9943885,
            37.3876455
          ],
          [
            -5.9943845,
            37.3876457
          ],
          [
            -5.9943762,
            37.3875879
          ],
          [
            -5.9943815,
            37.3875872
          ],
          [
            -5.9942478,
            37.3866641
          ],
          [
            -5.9942434,
            37.3866234
          ],
          [
            -5.9942389,
            37.3865826
          ],
          [
            -5.9941914,
            37.3862676
          ],
          [
            -5.9941846,
            37.3862153
          ],
          [
            -5.9941778,
            37.3861631
          ],
          [
            -5.9941523,
            37.3859773
          ],
          [
            -5.9941451,
            37.3859187
          ],
          [
            -5.9941311,
            37.385834
          ],
          [
            -5.9941211,
            37.385765
          ],
          [
            -5.9941139,
            37.385693
          ],
          [
            -5.9941118,
            37.3856767
          ],
          [
            -5.9940999,
            37.3855971
          ],
          [
            -5.9940897,
            37.3855215
          ],
          [
            -5.9940819,
            37.385449
          ],
          [
            -5.9940747,
            37.3853907
          ],
          [
            -5.9940717,
            37.3853583
          ],
          [
            -5.9940646,
            37.385289
          ],
          [
            -5.9940622,
            37.3852723
          ],
          [
            -5.9940585,
            37.3852448
          ],
          [
            -5.9940224,
            37.3850662
          ]
        ]
      },
      "properties": {
        "area": "yes",
        "highway": "pedestrian",
        "lit": "yes",
        "name:ko": "\ud5cc\ubc95\ub300\ub85c",
        "surface": "paving_stones",
        "wikidata": "Q5714231",
        "wikipedia": "es:Avenida de la Constituci\u00f3n (Sevilla)"
      }
    },
    {
      "type": "Feature",
      "geometry": {
        "type": "LineString",
        "coordinates": [
          [
            -5.9949258,
            37.3852413
          ],
          [
            -5.9948421,
            37.3852507
          ],
          [
            -5.9947585,
            37.3852309
          ],
          [
            -5.9946651,
            37.3851945
          ],
          [
            -5.9946268,
            37.3851437
          ],
          [
            -5.9946054,
            37.3850558
          ],
          [
            -5.9946042,
            37.3850507
          ]
        ]
      },
      "properties": {
        "highway": "living_street",
        "name": "Calle Almirantazgo",
        "oneway": "yes",
        "sidewalk": "both",
        "surface": "paving_stones"
      }
    },
    {
      "type": "Feature",
      "geometry": {
        "type": "LineString",
        "coordinates": [
          [
            -5.9923157,
            37.3856735
          ],
          [
            -5.9922744,
            37.3853151
          ],
          [
            -5.9922869,
            37.3852767
          ],
          [
            -5.9923183,
            37.3852389
          ],
          [
            -5.9921621,
            37.3853154
          ],
          [
            -5.9919683,
            37.3854191
          ],
          [
            -5.9920423,
            37.3855119
          ],
          [
            -5.9921716,
            37.3856899
          ],
          [
            -5.9922349,
            37.3856827
          ],
          [
            -5.9923157,
            37.3856735
          ]
        ]
      },
      "properties": {
        "area": "yes",
        "highway": "pedestrian",
        "lit": "yes",
        "smoothness": "intermediate",
        "surface": "sett"
      }
    },
    {
      "type": "Feature",
      "geometry": {
        "type": "LineString",
        "coordinates": [
          [
            -5.9933405,
            37.3867388
          ],
          [
            -5.9934473,
            37.3867314
          ],
          [
            -5.9940074,
            37.3866928
          ],
          [
            -5.9940449,
            37.3866814
          ]
        ]
      },
      "properties": {
        "highway": "living_street",
        "lit": "yes",
        "name": "Calle Alemanes",
        "old_name": "Calle Gradas",
        "oneway": "yes",
        "source": "ide.Sevilla",
        "source:date": "2011",
        "surface": "sett"
      }
    },
    {
      "type": "Feature",
      "geometry": {
        "type": "LineString",
        "coordinates": [
          [
            -5.9947219,
            37.3882013
          ],
          [
            -5.9947929,
            37.3881477
          ],
          [
            -5.99484,
            37.3880791
          ],
          [
            -5.9950651,
            37.3879056
          ],
          [
            -5.9953045,
            37.3877666
          ],
          [
            -5.9954716,
            37.3877391
          ],
          [
            -5.995587,
            37.3877202
          ],
          [
            -5.9956333,
            37.3876932
          ]
        ]
      },
      "properties": {
        "highway": "pedestrian",
        "lit": "yes",
        "name": "Calle Joaqu\u00edn Guichot",
        "name:etymology:wikidata": "Q5015109",
        "sidewalk": "both",
        "surface": "sett"
      }
    },
    {
      "type": "Feature",
      "geometry": {
        "type": "LineString",
        "coordinates": [
          [
            -5.9956775,
            37.3894483
          ],
          [
            -5.9954506,
            37.3894453
          ],
          [
            -5.995006,
            37.3894737
          ],
          [
            -5.9945763,
            37.389498
          ]
        ]
      },
      "properties": {
        "bicycle": "yes",
        "bicycle:conditional": "dismount@10:00-22:00",
        "highway": "pedestrian",
        "lit": "yes",
        "maxspeed": "10",
        "name": "Calle Albareda",
        "surface": "paving_stones"
      }
    },
    {
      "type": "Feature",
      "geometry": {
        "type": "LineString",
        "coordinates": [
          [
            -5.9945599,
            37.3894641
          ],
          [
            -5.9945098,
            37.3894679
          ],
          [
            -5.9943717,
            37.3894524
          ],
          [
            -5.9942034,
            37.3894447
          ]
        ]
      },
      "properties": {
        "bicycle": "yes",
        "highway": "pedestrian",
        "lit": "yes",
        "maxspeed": "10",
        "name": "Calle Almirante Bonifaz",
        "surface": "paving_stones"
      }
    },
    {
      "type": "Feature",
      "geometry": {
        "type": "LineString",
        "coordinates": [
          [
            -5.9850113,
            37.3877355
          ],
          [
            -5.9850221,
            37.3877081
          ],
          [
            -5.9850388,
            37.3876661
          ],
          [
            -5.9850652,
            37.3875993
          ]
        ]
      },
      "properties": {
        "cycleway:left": "no",
        "cycleway:right": "lane",
        "cycleway:right:lane": "advisory",
        "highway": "primary",
        "lanes": "3",
        "maxspeed": "50",
        "name": "Avenida Men\u00e9ndez Pelayo",
        "sidewalk": "both",
        "surface": "asphalt"
      }
    },
    {
      "type": "Feature",
      "geometry": {
        "type": "LineString",
        "coordinates": [
          [
            -5.9852844,
            37.3854351
          ],
          [
            -5.985272,
            37.3854576
          ],
          [
            -5.9852687,
            37.3854632
          ],
          [
            -5.9850981,
            37.3857665
          ],
          [
            -5.9849604,
            37.3860121
          ]
        ]
      },
      "properties": {
        "highway": "residential",
        "name": "Calle Pedro Rold\u00e1n",
        "oneway": "yes",
        "surface": "asphalt"
      }
    },
    {
      "type": "Feature",
      "geometry": {
        "type": "LineString",
        "coordinates": [
          [
            -5.9941158,
            37.394169
          ],
          [
            -5.9938952,
            37.3938329
          ],
          [
            -5.9938852,
            37.3938267
          ],
          [
            -5.9938481,
            37.3938323
          ],
          [
            -5.9938385,
            37.3938406
          ],
          [
            -5.9937934,
            37.3941877
          ],
          [
            -5.9941158,
            37.394169
          ]
        ]
      },
      "properties": {
        "area": "yes",
        "highway": "pedestrian",
        "lit": "yes",
        "name": "Plaza Fernando de Herrera",
        "smoothness": "intermediate",
        "surface": "paving_stones"
      }
    },
    {
      "type": "Feature",
      "geometry": {
        "type": "LineString",
        "coordinates": [
          [
            -5.992986,
            37.3936346
          ],
          [
            -5.9929836,
            37.393436
          ],
          [
            -5.9929736,
            37.3931497
          ],
          [
            -5.9929745,
            37.3930614
          ],
          [
            -5.9930011,
            37.3928706
          ],
          [
            -5.9930081,
            37.3927908
          ]
        ]
      },
      "properties": {
        "highway": "pedestrian",
        "name": "Calle Arguijo",
        "surface": "asphalt"
      }
    },
    {
      "type": "Feature",
      "geometry": {
        "type": "LineString",
        "coordinates": [
          [
            -5.991378,
            37.3926805
          ],
          [
            -5.9914799,
            37.3926968
          ],
          [
            -5.991621,
            37.3927197
          ]
        ]
      },
      "properties": {
        "bicycle": "permissive",
        "emergency": "yes",
        "foot": "yes",
        "goods": "designated",
        "highway": "living_street",
        "lit": "yes",
        "motor_vehicle": "no",
        "motorcar": "designated",
        "name": "Plaza de la Encarnaci\u00f3n",
        "psv": "yes",
        "sidewalk": "both",
        "source": "PNOA",
        "surface": "sett",
        "vehicle": "no"
      }
    },
    {
      "type": "Feature",
      "geometry": {
        "type": "LineString",
        "coordinates": [
          [
            -5.985808,
            37.3852231
          ],
          [
            -5.9861514,
            37.3847215
          ],
          [
            -5.9857545,
            37.3845499
          ],
          [
            -5.985411,
            37.3850516
          ],
          [
            -5.985808,
            37.3852231
          ]
        ]
      },
      "properties": {
        "area": "yes",
        "highway": "pedestrian",
        "name": "Patio de la Diputaci\u00f3n"
      }
    },
    {
      "type": "Feature",
      "geometry": {
        "type": "LineString",
        "coordinates": [
          [
            -5.9945566,
            37.385657
          ],
          [
            -5.9945429,
            37.3856581
          ],
          [
            -5.994342,
            37.3856744
          ],
          [
            -5.9941139,
            37.385693
          ]
        ]
      },
      "properties": {
        "highway": "footway",
        "image": "https://photos.app.goo.gl/9neebWQstoNE4paPA",
        "mapillary": "1001950750554802",
        "name": "Pasaje de los Seises",
        "surface": "paving_stones",
        "tunnel": "building_passage"
      }
    },
    {
      "type": "Feature",
      "geometry": {
        "type": "LineString",
        "coordinates": [
          [
            -5.9862239,
            37.3888256
          ],
          [
            -5.9859623,
            37.3890175
          ]
        ]
      },
      "properties": {
        "highway": "living_street",
        "lit": "yes",
        "name": "Calle Vidrio",
        "sidewalk": "no",
        "surface": "paving_stones",
        "vehicle": "private"
      }
    },
    {
      "type": "Feature",
      "geometry": {
        "type": "LineString",
        "coordinates": [
          [
            -5.9860205,
            37.3867735
          ],
          [
            -5.9858592,
            37.3870276
          ],
          [
            -5.9857661,
            37.3871827
          ]
        ]
      },
      "properties": {
        "highway": "living_street",
        "name": "Calle Nardo",
        "sidewalk": "both",
        "surface": "sett"
      }
    },
    {
      "type": "Feature",
      "geometry": {
        "type": "LineString",
        "coordinates": [
          [
            -5.9884922,
            37.3850716
          ],
          [
            -5.988459,
            37.3850847
          ],
          [
            -5.9883511,
            37.3851271
          ],
          [
            -5.9883214,
            37.3851388
          ],
          [
            -5.988281,
            37.3851741
          ],
          [
            -5.988279,
            37.3851892
          ],
          [
            -5.9882766,
            37.3852074
          ],
          [
            -5.9882991,
            37.3852509
          ],
          [
            -5.9883349,
            37.3852935
          ],
          [
            -5.9883546,
            37.3852987
          ],
          [
            -5.9883668,
            37.3853019
          ],
          [
            -5.9883995,
            37.3853105
          ],
          [
            -5.9884513,
            37.3852926
          ],
          [
            -5.9885617,
            37.3852544
          ],
          [
            -5.9885971,
            37.3852422
          ],
          [
            -5.9886285,
            37.3852114
          ],
          [
            -5.9886318,
            37.385194
          ],
          [
            -5.9886353,
            37.3851756
          ],
          [
            -5.9886095,
            37.3851322
          ],
          [
            -5.9885854,
            37.3850917
          ],
          [
            -5.9885496,
            37.3850771
          ],
          [
            -5.9884922,
            37.3850716
          ]
        ]
      },
      "properties": {
        "heritage": "3",
        "heritage:operator": "iaph",
        "highway": "living_street",
        "historic:period": "modern",
        "junction": "roundabout",
        "lit": "yes",
        "motor_vehicle": "private",
        "name": "Plaza de Santa Cruz",
        "surface": "sett"
      }
    },
    {
      "type": "Feature",
      "geometry": {
        "type": "LineString",
        "coordinates": [
          [
            -5.9880881,
            37.3858716
          ],
          [
            -5.9880342,
            37.3856948
          ]
        ]
      },
      "properties": {
        "highway": "pedestrian",
        "name": "Calle Doncellas",
        "surface": "paving_stones"
      }
    },
    {
      "type": "Feature",
      "geometry": {
        "type": "LineString",
        "coordinates": [
          [
            -5.9944309,
            37.390606
          ],
          [
            -5.9940739,
            37.3906206
          ],
          [
            -5.9940566,
            37.390654
          ]
        ]
      },
      "properties": {
        "highway": "pedestrian",
        "name": "Calle Moreno L\u00f3pez",
        "smoothness": "good",
        "surface": "paving_stones"
      }
    },
    {
      "type": "Feature",
      "geometry": {
        "type": "LineString",
        "coordinates": [
          [
            -5.9859018,
            37.3867267
          ],
          [
            -5.9860205,
            37.3867735
          ],
          [
            -5.9862024,
            37.3868483
          ],
          [
            -5.9863073,
            37.386671
          ],
          [
            -5.98599,
            37.3865471
          ]
        ]
      },
      "properties": {
        "highway": "residential",
        "lanes": "1",
        "maxspeed": "20",
        "name": "Plaza de los Curtidores",
        "oneway": "yes",
        "sidewalk": "both",
        "surface": "sett"
      }
    },
    {
      "type": "Feature",
      "geometry": {
        "type": "LineString",
        "coordinates": [
          [
            -5.9914983,
            37.3883795
          ],
          [
            -5.9911863,
            37.3883355
          ],
          [
            -5.9911469,
            37.3883375
          ]
        ]
      },
      "properties": {
        "highway": "living_street",
        "lit": "yes",
        "name": "Calle Bamberg",
        "oneway": "yes",
        "sidewalk": "no",
        "surface": "sett"
      }
    },
    {
      "type": "Feature",
      "geometry": {
        "type": "LineString",
        "coordinates": [
          [
            -5.9895526,
            37.3925271
          ],
          [
            -5.9898308,
            37.3924823
          ]
        ]
      },
      "properties": {
        "highway": "living_street",
        "lit": "yes",
        "name": "Plaza de San Pedro",
        "sidewalk": "both",
        "surface": "asphalt"
      }
    },
    {
      "type": "Feature",
      "geometry": {
        "type": "LineString",
        "coordinates": [
          [
            -5.9900744,
            37.3894176
          ],
          [
            -5.9896827,
            37.3894984
          ],
          [
            -5.9894308,
            37.3894961
          ],
          [
            -5.9892833,
            37.3895236
          ],
          [
            -5.9892252,
            37.3895447
          ]
        ]
      },
      "properties": {
        "highway": "living_street",
        "name": "Calle Almirante Hoyos",
        "oneway": "yes",
        "sidewalk": "no",
        "surface": "sett"
      }
    },
    {
      "type": "Feature",
      "geometry": {
        "type": "LineString",
        "coordinates": [
          [
            -5.9927653,
            37.3905818
          ],
          [
            -5.9927497,
            37.3904171
          ]
        ]
      },
      "properties": {
        "highway": "pedestrian",
        "name": "Calle C\u00f3rdoba",
        "surface": "paving_stones"
      }
    },
    {
      "type": "Feature",
      "geometry": {
        "type": "LineString",
        "coordinates": [
          [
            -5.9935141,
            37.390369
          ],
          [
            -5.9932847,
            37.3903968
          ]
        ]
      },
      "properties": {
        "highway": "pedestrian",
        "name": "Calle Oropesa",
        "surface": "paving_stones"
      }
    },
    {
      "type": "Feature",
      "geometry": {
        "type": "LineString",
        "coordinates": [
          [
            -5.9893462,
            37.387178
          ],
          [
            -5.9895379,
            37.3874515
          ],
          [
            -5.9895596,
            37.3874982
          ]
        ]
      },
      "properties": {
        "highway": "living_street",
        "maxspeed": "30",
        "name": "Calle Fabiola",
        "oneway": "yes",
        "sidewalk": "no",
        "smoothness": "bad",
        "surface": "sett"
      }
    },
    {
      "type": "Feature",
      "geometry": {
        "type": "LineString",
        "coordinates": [
          [
            -5.9909092,
            37.3882817
          ],
          [
            -5.9908414,
            37.3886094
          ]
        ]
      },
      "properties": {
        "highway": "pedestrian",
        "lit": "yes",
        "name": "Calle Abades",
        "oneway": "no",
        "surface": "paving_stones"
      }
    },
    {
      "type": "Feature",
      "geometry": {
        "type": "LineString",
        "coordinates": [
          [
            -5.9903677,
            37.3880222
          ],
          [
            -5.9901455,
            37.3878685
          ],
          [
            -5.9901,
            37.387836
          ],
          [
            -5.9899581,
            37.3877451
          ],
          [
            -5.9897883,
            37.3876502
          ],
          [
            -5.9896063,
            37.3875403
          ],
          [
            -5.9895596,
            37.3874982
          ]
        ]
      },
      "properties": {
        "highway": "pedestrian",
        "name": "Calle Aire",
        "surface": "paving_stones"
      }
    },
    {
      "type": "Feature",
      "geometry": {
        "type": "LineString",
        "coordinates": [
          [
            -5.9849324,
            37.3879631
          ],
          [
            -5.985035,
            37.3879907
          ],
          [
            -5.985049,
            37.3879945
          ],
          [
            -5.9853091,
            37.3880652
          ]
        ]
      },
      "properties": {
        "highway": "residential",
        "maxspeed": "20",
        "name": "Calle Estella",
        "oneway": "yes",
        "sidewalk": "no",
        "surface": "cobblestone"
      }
    },
    {
      "type": "Feature",
      "geometry": {
        "type": "LineString",
        "coordinates": [
          [
            -5.988742,
            37.3867656
          ],
          [
            -5.9889425,
            37.3865879
          ]
        ]
      },
      "properties": {
        "highway": "pedestrian",
        "name": "Calle Fabiola",
        "surface": "paving_stones"
      }
    },
    {
      "type": "Feature",
      "geometry": {
        "type": "LineString",
        "coordinates": [
          [
            -5.9923711,
            37.3910322
          ],
          [
            -5.9923962,
            37.3907075
          ],
          [
            -5.9923947,
            37.3904468
          ],
          [
            -5.9923917,
            37.3903826
          ]
        ]
      },
      "properties": {
        "highway": "pedestrian",
        "lit": "yes",
        "name": "Calle Lineros",
        "surface": "paving_stones"
      }
    },
    {
      "type": "Feature",
      "geometry": {
        "type": "LineString",
        "coordinates": [
          [
            -5.9906662,
            37.3886638
          ],
          [
            -5.9905981,
            37.3886223
          ],
          [
            -5.9904526,
            37.3885821
          ],
          [
            -5.9903843,
            37.38856
          ],
          [
            -5.9902113,
            37.3885507
          ]
        ]
      },
      "properties": {
        "highway": "pedestrian",
        "name": "Calle Gandesa",
        "smoothness": "good",
        "surface": "paving_stones"
      }
    },
    {
      "type": "Feature",
      "geometry": {
        "type": "LineString",
        "coordinates": [
          [
            -5.9858592,
            37.3870276
          ],
          [
            -5.9855283,
            37.3869086
          ],
          [
            -5.9855097,
            37.3869019
          ],
          [
            -5.985406,
            37.3868645
          ]
        ]
      },
      "properties": {
        "highway": "living_street",
        "lanes": "1",
        "name": "Calle Gonz\u00e1lez de Le\u00f3n",
        "oneway": "yes",
        "sidewalk": "both",
        "surface": "sett"
      }
    },
    {
      "type": "Feature",
      "geometry": {
        "type": "LineString",
        "coordinates": [
          [
            -5.9915019,
            37.3903821
          ],
          [
            -5.9915036,
            37.390536
          ]
        ]
      },
      "properties": {
        "highway": "pedestrian",
        "name": "Calle Empecinado",
        "smoothness": "intermediate",
        "surface": "sett"
      }
    },
    {
      "type": "Feature",
      "geometry": {
        "type": "LineString",
        "coordinates": [
          [
            -5.9868899,
            37.3880198
          ],
          [
            -5.9865852,
            37.3878022
          ]
        ]
      },
      "properties": {
        "highway": "pedestrian",
        "name": "Calle Lev\u00edes",
        "surface": "paving_stones"
      }
    },
    {
      "type": "Feature",
      "geometry": {
        "type": "LineString",
        "coordinates": [
          [
            -5.9868563,
            37.3884331
          ],
          [
            -5.9870732,
            37.3881986
          ],
          [
            -5.9871055,
            37.3881638
          ]
        ]
      },
      "properties": {
        "highway": "living_street",
        "maxspeed": "30",
        "name": "Plaza de las Mercedarias",
        "oneway": "yes",
        "surface": "sett"
      }
    },
    {
      "type": "Feature",
      "geometry": {
        "type": "LineString",
        "coordinates": [
          [
            -5.9924627,
            37.3874476
          ],
          [
            -5.9925515,
            37.3876157
          ],
          [
            -5.9926434,
            37.3877883
          ],
          [
            -5.992742,
            37.3878937
          ]
        ]
      },
      "properties": {
        "highway": "pedestrian",
        "lit": "yes",
        "name": "Placentines",
        "surface": "paving_stones"
      }
    },
    {
      "type": "Feature",
      "geometry": {
        "type": "LineString",
        "coordinates": [
          [
            -5.9901681,
            37.3883153
          ],
          [
            -5.9897576,
            37.3884924
          ],
          [
            -5.9896818,
            37.3885308
          ],
          [
            -5.9895932,
            37.3885863
          ]
        ]
      },
      "properties": {
        "highway": "living_street",
        "name": "Calle M\u00e1rmoles",
        "sidewalk": "no",
        "surface": "sett"
      }
    },
    {
      "type": "Feature",
      "geometry": {
        "type": "LineString",
        "coordinates": [
          [
            -5.9860521,
            37.3895264
          ],
          [
            -5.9863299,
            37.3895505
          ]
        ]
      },
      "properties": {
        "highway": "pedestrian",
        "motor_vehicle": "destination",
        "name": "Calle Cristo del Buen Viaje",
        "sidewalk": "both",
        "surface": "sett"
      }
    },
    {
      "type": "Feature",
      "geometry": {
        "type": "LineString",
        "coordinates": [
          [
            -5.9904149,
            37.3882033
          ],
          [
            -5.9901681,
            37.3883153
          ]
        ]
      },
      "properties": {
        "highway": "pedestrian",
        "lit": "yes",
        "name": "Calle M\u00e1rmoles",
        "surface": "paving_stones"
      }
    },
    {
      "type": "Feature",
      "geometry": {
        "type": "LineString",
        "coordinates": [
          [
            -5.9906952,
            37.3856761
          ],
          [
            -5.9907623,
            37.3859224
          ]
        ]
      },
      "properties": {
        "highway": "living_street",
        "lit": "yes",
        "name": "Calle Rodrigo Caro",
        "sidewalk": "both",
        "surface": "sett"
      }
    },
    {
      "type": "Feature",
      "geometry": {
        "type": "LineString",
        "coordinates": [
          [
            -5.987315,
            37.3855048
          ],
          [
            -5.9872648,
            37.3854523
          ],
          [
            -5.9871034,
            37.3853974
          ],
          [
            -5.9868614,
            37.3853152
          ],
          [
            -5.9865169,
            37.3851981
          ],
          [
            -5.9865001,
            37.3851923
          ],
          [
            -5.9864894,
            37.3851887
          ],
          [
            -5.9863625,
            37.3851429
          ]
        ]
      },
      "properties": {
        "highway": "living_street",
        "motor_vehicle": "destination",
        "name": "Paseo Catalina de Ribera",
        "sidewalk": "both",
        "source": "PNOA",
        "source:date": "2013",
        "surface": "asphalt"
      }
    },
    {
      "type": "Feature",
      "geometry": {
        "type": "LineString",
        "coordinates": [
          [
            -5.9869242,
            37.3860187
          ],
          [
            -5.9865096,
            37.3863548
          ]
        ]
      },
      "properties": {
        "highway": "pedestrian",
        "name": "Calle Canarios",
        "surface": "paving_stones"
      }
    },
    {
      "type": "Feature",
      "geometry": {
        "type": "LineString",
        "coordinates": [
          [
            -5.9940211,
            37.3907223
          ],
          [
            -5.9939043,
            37.3906734
          ],
          [
            -5.9938391,
            37.3906687
          ],
          [
            -5.9938212,
            37.3905329
          ],
          [
            -5.9937133,
            37.3905375
          ],
          [
            -5.9937094,
            37.3904925
          ],
          [
            -5.9934083,
            37.3905082
          ]
        ]
      },
      "properties": {
        "highway": "footway",
        "lit": "yes",
        "name": "Pasaje Maestro G\u00f3mez Laserna",
        "smoothness": "good",
        "surface": "paving_stones"
      }
    },
    {
      "type": "Feature",
      "geometry": {
        "type": "LineString",
        "coordinates": [
          [
            -5.9894308,
            37.3894961
          ],
          [
            -5.9894937,
            37.3892833
          ],
          [
            -5.9894817,
            37.3891819
          ],
          [
            -5.9894998,
            37.3890243
          ]
        ]
      },
      "properties": {
        "highway": "pedestrian",
        "name": "Diamela",
        "surface": "paving_stones"
      }
    },
    {
      "type": "Feature",
      "geometry": {
        "type": "LineString",
        "coordinates": [
          [
            -5.9852081,
            37.3936021
          ],
          [
            -5.9853176,
            37.3937851
          ],
          [
            -5.9855498,
            37.3941425
          ],
          [
            -5.9856341,
            37.3942244
          ],
          [
            -5.9858239,
            37.3943749
          ],
          [
            -5.9862658,
            37.3947939
          ]
        ]
      },
      "properties": {
        "highway": "residential",
        "lit": "yes",
        "maxheight": "2",
        "maxspeed": "20",
        "maxwidth": "2",
        "name": "Calle Matahacas",
        "oneway": "yes",
        "sidewalk": "no",
        "smoothness": "good",
        "surface": "sett"
      }
    },
    {
      "type": "Feature",
      "geometry": {
        "type": "LineString",
        "coordinates": [
          [
            -5.9937994,
            37.3946181
          ],
          [
            -5.9936991,
            37.3946414
          ],
          [
            -5.9936076,
            37.3946738
          ],
          [
            -5.9933831,
            37.394809
          ],
          [
            -5.993259,
            37.3949493
          ],
          [
            -5.993196,
            37.3950332
          ],
          [
            -5.9929313,
            37.3951124
          ],
          [
            -5.9927367,
            37.3951285
          ]
        ]
      },
      "properties": {
        "highway": "living_street",
        "maxspeed": "20",
        "maxwidth": "1.9",
        "name": "Calle Don Pedro Ni\u00f1o",
        "oneway": "yes",
        "sidewalk": "no",
        "source:width": "ARCore",
        "surface": "asphalt",
        "width": "3.9"
      }
    },
    {
      "type": "Feature",
      "geometry": {
        "type": "LineString",
        "coordinates": [
          [
            -5.9872194,
            37.3934606
          ],
          [
            -5.9871965,
            37.3934031
          ]
        ]
      },
      "properties": {
        "highway": "residential",
        "lit": "yes",
        "name": "Plaza Ponce de Le\u00f3n",
        "name:etymology:wikidata": "Q185974",
        "oneway": "yes",
        "sidewalk": "both",
        "surface": "cobblestone"
      }
    },
    {
      "type": "Feature",
      "geometry": {
        "type": "LineString",
        "coordinates": [
          [
            -5.9838731,
            37.3848269
          ],
          [
            -5.9839393,
            37.3848426
          ],
          [
            -5.983999,
            37.3848616
          ],
          [
            -5.984088,
            37.3848901
          ],
          [
            -5.9847718,
            37.3852053
          ],
          [
            -5.9852844,
            37.3854351
          ],
          [
            -5.9855225,
            37.3855194
          ],
          [
            -5.9857012,
            37.3855083
          ],
          [
            -5.9857481,
            37.3855054
          ]
        ]
      },
      "properties": {
        "highway": "residential",
        "lanes": "1",
        "name": "Calle Demetrio de los R\u00edos",
        "oneway": "yes",
        "source": "ide.Sevilla",
        "surface": "asphalt"
      }
    },
    {
      "type": "Feature",
      "geometry": {
        "type": "LineString",
        "coordinates": [
          [
            -5.9891093,
            37.3885161
          ],
          [
            -5.989202,
            37.3890059
          ],
          [
            -5.9892717,
            37.3892348
          ],
          [
            -5.9892638,
            37.389364
          ],
          [
            -5.9892328,
            37.3895124
          ],
          [
            -5.9892252,
            37.3895447
          ]
        ]
      },
      "properties": {
        "highway": "living_street",
        "lit": "yes",
        "maxwidth": "2",
        "name": "Calle V\u00edrgenes",
        "oneway": "yes",
        "sidewalk": "no",
        "surface": "asphalt"
      }
    },
    {
      "type": "Feature",
      "geometry": {
        "type": "LineString",
        "coordinates": [
          [
            -5.9878468,
            37.3867698
          ],
          [
            -5.9877017,
            37.3866334
          ],
          [
            -5.9874039,
            37.3863996
          ],
          [
            -5.9873012,
            37.3863145
          ],
          [
            -5.9871796,
            37.3862189
          ],
          [
            -5.9869242,
            37.3860187
          ],
          [
            -5.9868349,
            37.3859478
          ],
          [
            -5.9867896,
            37.3859181
          ]
        ]
      },
      "properties": {
        "highway": "living_street",
        "name": "Calle Santa Mar\u00eda la Blanca",
        "oneway": "yes",
        "sidewalk": "both",
        "surface": "sett"
      }
    },
    {
      "type": "Feature",
      "geometry": {
        "type": "LineString",
        "coordinates": [
          [
            -5.9877017,
            37.3866334
          ],
          [
            -5.9876741,
            37.3866555
          ],
          [
            -5.9872789,
            37.3869726
          ],
          [
            -5.987171,
            37.3870401
          ]
        ]
      },
      "properties": {
        "highway": "pedestrian",
        "name": "Callej\u00f3n Dos Hermanas",
        "surface": "sett"
      }
    },
    {
      "type": "Feature",
      "geometry": {
        "type": "LineString",
        "coordinates": [
          [
            -5.9917839,
            37.3860148
          ],
          [
            -5.9917735,
            37.3859419
          ],
          [
            -5.991766,
            37.3859221
          ],
          [
            -5.991829,
            37.3858886
          ],
          [
            -5.9918249,
            37.3858734
          ],
          [
            -5.9918306,
            37.3858648
          ],
          [
            -5.9917954,
            37.385823
          ],
          [
            -5.9917614,
            37.3857997
          ]
        ]
      },
      "properties": {
        "highway": "pedestrian",
        "lit": "no",
        "name": "Barreduela Santa Marta",
        "surface": "sett"
      }
    },
    {
      "type": "Feature",
      "geometry": {
        "type": "LineString",
        "coordinates": [
          [
            -5.9917614,
            37.3857997
          ],
          [
            -5.9917528,
            37.3858051
          ],
          [
            -5.9917071,
            37.3858293
          ],
          [
            -5.9916174,
            37.3858441
          ],
          [
            -5.991582,
            37.38574
          ],
          [
            -5.9916308,
            37.3857047
          ],
          [
            -5.99177,
            37.3857943
          ],
          [
            -5.9917614,
            37.3857997
          ]
        ]
      },
      "properties": {
        "area": "yes",
        "highway": "pedestrian",
        "name": "Plaza de Santa Marta",
        "surface": "cobblestone"
      }
    },
    {
      "type": "Feature",
      "geometry": {
        "type": "LineString",
        "coordinates": [
          [
            -5.9917275,
            37.3863327
          ],
          [
            -5.9917475,
            37.3862905
          ],
          [
            -5.9918919,
            37.386226
          ]
        ]
      },
      "properties": {
        "highway": "living_street",
        "name": "Plaza Virgen de los Reyes",
        "oneway": "yes",
        "surface": "sett"
      }
    },
    {
      "type": "Feature",
      "geometry": {
        "type": "LineString",
        "coordinates": [
          [
            -5.9924178,
            37.3863092
          ],
          [
            -5.9923579,
            37.3862974
          ],
          [
            -5.9919805,
            37.3862735
          ],
          [
            -5.9919349,
            37.3862552
          ],
          [
            -5.9918919,
            37.386226
          ],
          [
            -5.9917942,
            37.3861324
          ],
          [
            -5.9917354,
            37.3860938
          ]
        ]
      },
      "properties": {
        "highway": "living_street",
        "lit": "yes",
        "name": "Plaza Virgen de los Reyes",
        "oneway": "yes",
        "surface": "sett"
      }
    },
    {
      "type": "Feature",
      "geometry": {
        "type": "LineString",
        "coordinates": [
          [
            -5.9872328,
            37.3898356
          ],
          [
            -5.9872584,
            37.3898621
          ],
          [
            -5.987304,
            37.3899091
          ],
          [
            -5.987754,
            37.3902962
          ],
          [
            -5.9878222,
            37.3903854
          ],
          [
            -5.9879237,
            37.3904476
          ],
          [
            -5.9880871,
            37.3905198
          ],
          [
            -5.9882733,
            37.3905568
          ]
        ]
      },
      "properties": {
        "highway": "residential",
        "maxspeed": "30",
        "name": "Calle de las Caballerizas",
        "oneway": "yes",
        "sidewalk": "no",
        "surface": "asphalt"
      }
    },
    {
      "type": "Feature",
      "geometry": {
        "type": "LineString",
        "coordinates": [
          [
            -5.9902474,
            37.3900712
          ],
          [
            -5.9902359,
            37.3900255
          ],
          [
            -5.9901541,
            37.3898126
          ],
          [
            -5.9900571,
            37.389696
          ],
          [
            -5.9899855,
            37.3896018
          ]
        ]
      },
      "properties": {
        "highway": "living_street",
        "name": "Calle Candilejo",
        "oneway": "yes",
        "sidewalk:both:width": "0.90",
        "smoothness": "good",
        "surface": "asphalt"
      }
    },
    {
      "type": "Feature",
      "geometry": {
        "type": "LineString",
        "coordinates": [
          [
            -5.9857481,
            37.3855054
          ],
          [
            -5.9856149,
            37.3853362
          ],
          [
            -5.9846436,
            37.3849036
          ],
          [
            -5.9845458,
            37.3848704
          ],
          [
            -5.9840716,
            37.3846623
          ]
        ]
      },
      "properties": {
        "emergency": "yes",
        "foot": "yes",
        "highway": "residential",
        "maxspeed": "50",
        "motor_vehicle": "no",
        "name": "Calle Demetrio de los R\u00edos",
        "oneway": "yes",
        "surface": "asphalt"
      }
    },
    {
      "type": "Feature",
      "geometry": {
        "type": "LineString",
        "coordinates": [
          [
            -5.9916714,
            37.3943202
          ],
          [
            -5.9915791,
            37.3943801
          ],
          [
            -5.9915598,
            37.3944818
          ],
          [
            -5.9915682,
            37.3945713
          ],
          [
            -5.9915671,
            37.3945907
          ],
          [
            -5.9915614,
            37.3946144
          ],
          [
            -5.9915251,
            37.3947402
          ],
          [
            -5.9914639,
            37.3948447
          ],
          [
            -5.9913344,
            37.395097
          ],
          [
            -5.9912904,
            37.3953094
          ]
        ]
      },
      "properties": {
        "highway": "pedestrian",
        "name": "Calle Regina",
        "surface": "paving_stones"
      }
    },
    {
      "type": "Feature",
      "geometry": {
        "type": "LineString",
        "coordinates": [
          [
            -5.9939443,
            37.392805
          ],
          [
            -5.9939086,
            37.3925487
          ],
          [
            -5.9938862,
            37.392392
          ]
        ]
      },
      "properties": {
        "highway": "pedestrian",
        "name": "Calle Vargas Campos",
        "surface": "sett"
      }
    },
    {
      "type": "Feature",
      "geometry": {
        "type": "LineString",
        "coordinates": [
          [
            -5.9892252,
            37.3895447
          ],
          [
            -5.9890052,
            37.3897909
          ],
          [
            -5.9889903,
            37.3898544
          ]
        ]
      },
      "properties": {
        "foot": "yes",
        "highway": "living_street",
        "lit": "yes",
        "maxwidth": "2",
        "motor_vehicle": "destination",
        "name": "Calle V\u00edrgenes",
        "oneway": "yes",
        "sidewalk": "no",
        "surface": "asphalt"
      }
    },
    {
      "type": "Feature",
      "geometry": {
        "type": "LineString",
        "coordinates": [
          [
            -5.9870335,
            37.3850095
          ],
          [
            -5.9869799,
            37.3849864
          ],
          [
            -5.9870311,
            37.3849063
          ],
          [
            -5.9870894,
            37.3848151
          ],
          [
            -5.9871838,
            37.3848493
          ],
          [
            -5.987125,
            37.3849469
          ],
          [
            -5.9870778,
            37.3850252
          ],
          [
            -5.9870335,
            37.3850095
          ],
          [
            -5.9869938,
            37.3850823
          ],
          [
            -5.9868446,
            37.3850304
          ],
          [
            -5.9869297,
            37.3848691
          ],
          [
            -5.9870128,
            37.3847118
          ],
          [
            -5.9871017,
            37.3845546
          ],
          [
            -5.9872637,
            37.3846111
          ],
          [
            -5.9874189,
            37.384666
          ]
        ]
      },
      "properties": {
        "highway": "footway",
        "surface": "compacted"
      }
    },
    {
      "type": "Feature",
      "geometry": {
        "type": "LineString",
        "coordinates": [
          [
            -5.9869632,
            37.3851363
          ],
          [
            -5.9869938,
            37.3850823
          ],
          [
            -5.9871403,
            37.3851423
          ]
        ]
      },
      "properties": {
        "highway": "footway",
        "surface": "compacted"
      }
    },
    {
      "type": "Feature",
      "geometry": {
        "type": "LineString",
        "coordinates": [
          [
            -5.9870475,
            37.3852854
          ],
          [
            -5.9869044,
            37.3852391
          ],
          [
            -5.9867518,
            37.3851824
          ],
          [
            -5.9868446,
            37.3850304
          ]
        ]
      },
      "properties": {
        "highway": "footway",
        "surface": "compacted"
      }
    },
    {
      "type": "Feature",
      "geometry": {
        "type": "LineString",
        "coordinates": [
          [
            -5.9874868,
            37.3853892
          ],
          [
            -5.987466,
            37.3853702
          ],
          [
            -5.9873531,
            37.3853111
          ],
          [
            -5.9871913,
            37.3852395
          ],
          [
            -5.987101,
            37.3852082
          ],
          [
            -5.9871403,
            37.3851423
          ],
          [
            -5.9872291,
            37.3849932
          ],
          [
            -5.9873287,
            37.3848263
          ],
          [
            -5.9874189,
            37.384666
          ],
          [
            -5.9875018,
            37.384536
          ]
        ]
      },
      "properties": {
        "highway": "footway",
        "surface": "paving_stones"
      }
    },
    {
      "type": "Feature",
      "geometry": {
        "type": "LineString",
        "coordinates": [
          [
            -5.9868614,
            37.3853152
          ],
          [
            -5.986898,
            37.3852489
          ],
          [
            -5.9869044,
            37.3852391
          ],
          [
            -5.9869285,
            37.3852008
          ],
          [
            -5.9868901,
            37.3851841
          ],
          [
            -5.9869273,
            37.3851211
          ],
          [
            -5.9869632,
            37.3851363
          ],
          [
            -5.9870101,
            37.3851545
          ],
          [
            -5.9869728,
            37.3852137
          ],
          [
            -5.9869285,
            37.3852008
          ]
        ]
      },
      "properties": {
        "highway": "footway",
        "surface": "compacted"
      }
    },
    {
      "type": "Feature",
      "geometry": {
        "type": "LineString",
        "coordinates": [
          [
            -5.987101,
            37.3852082
          ],
          [
            -5.9870475,
            37.3852854
          ]
        ]
      },
      "properties": {
        "highway": "footway",
        "surface": "compacted"
      }
    },
    {
      "type": "Feature",
      "geometry": {
        "type": "LineString",
        "coordinates": [
          [
            -5.987125,
            37.3849469
          ],
          [
            -5.9872291,
            37.3849932
          ],
          [
            -5.9873223,
            37.3850304
          ],
          [
            -5.9874913,
            37.3851355
          ],
          [
            -5.9875671,
            37.3850605
          ],
          [
            -5.9875426,
            37.3850318
          ],
          [
            -5.9875473,
            37.3849226
          ],
          [
            -5.9875794,
            37.3848846
          ],
          [
            -5.9876111,
            37.3848821
          ],
          [
            -5.9876187,
            37.3848729
          ],
          [
            -5.9876153,
            37.384845
          ],
          [
            -5.9876048,
            37.384839
          ],
          [
            -5.9875729,
            37.3848402
          ],
          [
            -5.9875639,
            37.3848496
          ],
          [
            -5.987567,
            37.3848793
          ],
          [
            -5.9875794,
            37.3848846
          ]
        ]
      },
      "properties": {
        "highway": "footway"
      }
    },
    {
      "type": "Feature",
      "geometry": {
        "type": "LineString",
        "coordinates": [
          [
            -5.9876187,
            37.3848729
          ],
          [
            -5.987742,
            37.3849199
          ],
          [
            -5.9876098,
            37.3850906
          ]
        ]
      },
      "properties": {
        "highway": "footway",
        "surface": "compacted"
      }
    },
    {
      "type": "Feature",
      "geometry": {
        "type": "LineString",
        "coordinates": [
          [
            -5.9875671,
            37.3850605
          ],
          [
            -5.9876098,
            37.3850906
          ],
          [
            -5.9877107,
            37.3851511
          ]
        ]
      },
      "properties": {
        "highway": "footway",
        "surface": "paving_stones"
      }
    },
    {
      "type": "Feature",
      "geometry": {
        "type": "LineString",
        "coordinates": [
          [
            -5.987878,
            37.3850575
          ],
          [
            -5.9878474,
            37.3850188
          ]
        ]
      },
      "properties": {
        "handrail": "no",
        "highway": "steps",
        "ramp": "no"
      }
    },
    {
      "type": "Feature",
      "geometry": {
        "type": "LineString",
        "coordinates": [
          [
            -5.9880816,
            37.3849541
          ],
          [
            -5.9880507,
            37.3849685
          ],
          [
            -5.987878,
            37.3850575
          ],
          [
            -5.9877107,
            37.3851511
          ]
        ]
      },
      "properties": {
        "highway": "footway",
        "surface": "paving_stones"
      }
    },
    {
      "type": "Feature",
      "geometry": {
        "type": "LineString",
        "coordinates": [
          [
            -5.994562,
            37.3861791
          ],
          [
            -5.9941846,
            37.3862153
          ]
        ]
      },
      "properties": {
        "highway": "pedestrian",
        "name": "Calle Federico S\u00e1nchez Bedoya",
        "smoothness": "good",
        "surface": "sett"
      }
    },
    {
      "type": "Feature",
      "geometry": {
        "type": "LineString",
        "coordinates": [
          [
            -5.9855297,
            37.3854169
          ],
          [
            -5.9857481,
            37.3855054
          ]
        ]
      },
      "properties": {
        "highway": "primary",
        "lanes": "4",
        "lanes:backward": "1",
        "lanes:forward": "3",
        "name": "Calle Demetrio de los R\u00edos"
      }
    },
    {
      "type": "Feature",
      "geometry": {
        "type": "LineString",
        "coordinates": [
          [
            -5.9909893,
            37.3922119
          ],
          [
            -5.9910137,
            37.3921048
          ]
        ]
      },
      "properties": {
        "highway": "living_street",
        "name": "Calle Santillana",
        "oneway": "yes",
        "sidewalk": "both",
        "smoothness": "excellent",
        "surface": "paving_stones",
        "wikidata": "Q119480219"
      }
    },
    {
      "type": "Feature",
      "geometry": {
        "type": "LineString",
        "coordinates": [
          [
            -5.9910137,
            37.3921048
          ],
          [
            -5.9910688,
            37.3918869
          ],
          [
            -5.9911099,
            37.3916985
          ]
        ]
      },
      "properties": {
        "highway": "living_street",
        "name": "Calle Santillana",
        "oneway": "yes",
        "sidewalk": "no",
        "smoothness": "bad",
        "surface": "sett",
        "wikidata": "Q119480219"
      }
    },
    {
      "type": "Feature",
      "geometry": {
        "type": "LineString",
        "coordinates": [
          [
            -5.9919426,
            37.3928517
          ],
          [
            -5.9919315,
            37.3930086
          ]
        ]
      },
      "properties": {
        "handrail": "yes",
        "highway": "steps",
        "incline": "up",
        "lit": "yes",
        "ramp": "no",
        "source": "PNOA",
        "step_count": "40",
        "width": "18"
      }
    },
    {
      "type": "Feature",
      "geometry": {
        "type": "LineString",
        "coordinates": [
          [
            -5.992061,
            37.3928572
          ],
          [
            -5.9920522,
            37.3930151
          ]
        ]
      },
      "properties": {
        "conveying": "yes",
        "highway": "steps",
        "image": "https://images.mapillary.com/f2t_x3Rq_LHu4unvo6yi6g/thumb-2048.jpg",
        "incline": "up",
        "lit": "yes",
        "mapillary": "3673806726065009",
        "source": "PNOA",
        "width": "3"
      }
    },
    {
      "type": "Feature",
      "geometry": {
        "type": "LineString",
        "coordinates": [
          [
            -5.992213,
            37.3929314
          ],
          [
            -5.9921946,
            37.3931425
          ],
          [
            -5.9921935,
            37.3931455
          ],
          [
            -5.9921915,
            37.3931481
          ],
          [
            -5.9921877,
            37.3931498
          ],
          [
            -5.9921839,
            37.3931506
          ],
          [
            -5.9921809,
            37.3931493
          ],
          [
            -5.9921788,
            37.393147
          ],
          [
            -5.9921773,
            37.3931441
          ],
          [
            -5.9921764,
            37.3931404
          ],
          [
            -5.9921919,
            37.3929546
          ],
          [
            -5.9921919,
            37.3929497
          ],
          [
            -5.9921916,
            37.3929445
          ],
          [
            -5.9921887,
            37.3929416
          ],
          [
            -5.9921854,
            37.3929392
          ],
          [
            -5.9921809,
            37.3929408
          ],
          [
            -5.9921768,
            37.3929433
          ],
          [
            -5.9921758,
            37.3929473
          ],
          [
            -5.992175,
            37.3929516
          ],
          [
            -5.9921504,
            37.3932466
          ],
          [
            -5.9921143,
            37.3932441
          ]
        ]
      },
      "properties": {
        "highway": "footway",
        "incline": "up",
        "lit": "yes",
        "ramp": "yes"
      }
    },
    {
      "type": "Feature",
      "geometry": {
        "type": "LineString",
        "coordinates": [
          [
            -5.994915,
            37.3852162
          ],
          [
            -5.9948662,
            37.3852203
          ],
          [
            -5.9948483,
            37.3851755
          ],
          [
            -5.994833,
            37.3851197
          ],
          [
            -5.994682,
            37.3851337
          ],
          [
            -5.9946515,
            37.3850151
          ],
          [
            -5.9946459,
            37.3849932
          ],
          [
            -5.9946133,
            37.3849979
          ],
          [
            -5.9946478,
            37.3851374
          ],
          [
            -5.9946545,
            37.3851534
          ],
          [
            -5.9946695,
            37.3851674
          ],
          [
            -5.9947696,
            37.3852136
          ],
          [
            -5.994804,
            37.3852276
          ],
          [
            -5.9948526,
            37.3852326
          ],
          [
            -5.9949194,
            37.3852264
          ],
          [
            -5.994915,
            37.3852162
          ]
        ]
      },
      "properties": {
        "area": "yes",
        "highway": "pedestrian",
        "source": "ide.Sevilla",
        "source:date": "2011"
      }
    },
    {
      "type": "Feature",
      "geometry": {
        "type": "LineString",
        "coordinates": [
          [
            -5.9947286,
            37.3865292
          ],
          [
            -5.9955218,
            37.3863722
          ],
          [
            -5.9959976,
            37.386248
          ]
        ]
      },
      "properties": {
        "highway": "living_street",
        "lanes": "1",
        "lit": "yes",
        "name": "Calle Garc\u00eda de Vinuesa",
        "oneway": "yes",
        "sidewalk": "both",
        "surface": "cobblestone"
      }
    },
    {
      "type": "Feature",
      "geometry": {
        "type": "LineString",
        "coordinates": [
          [
            -5.9931001,
            37.3910879
          ],
          [
            -5.9931264,
            37.3910878
          ],
          [
            -5.9931628,
            37.3910877
          ]
        ]
      },
      "properties": {
        "highway": "footway",
        "source": "photograph",
        "surface": "paving_stones",
        "tunnel": "building_passage"
      }
    },
    {
      "type": "Feature",
      "geometry": {
        "type": "LineString",
        "coordinates": [
          [
            -5.9940113,
            37.3923753
          ],
          [
            -5.9938862,
            37.392392
          ],
          [
            -5.9936105,
            37.3924168
          ]
        ]
      },
      "properties": {
        "highway": "pedestrian",
        "name": "Francisco de Pelsmaeker",
        "source": "ide.Sevilla",
        "source:name": "photograph",
        "surface": "sett"
      }
    },
    {
      "type": "Feature",
      "geometry": {
        "type": "LineString",
        "coordinates": [
          [
            -5.9878293,
            37.3859672
          ],
          [
            -5.9877791,
            37.3859191
          ],
          [
            -5.9877871,
            37.3859139
          ],
          [
            -5.987795,
            37.3859086
          ],
          [
            -5.9878171,
            37.3858939
          ],
          [
            -5.9878763,
            37.385946
          ],
          [
            -5.9878613,
            37.3859528
          ],
          [
            -5.9878293,
            37.3859672
          ]
        ]
      },
      "properties": {
        "area": "yes",
        "highway": "pedestrian",
        "name": "Calle Mariscal",
        "surface": "paving_stones"
      }
    },
    {
      "type": "Feature",
      "geometry": {
        "type": "LineString",
        "coordinates": [
          [
            -5.9916082,
            37.3875141
          ],
          [
            -5.9916418,
            37.387398
          ]
        ]
      },
      "properties": {
        "highway": "living_street",
        "name": "Calle Segovias"
      }
    },
    {
      "type": "Feature",
      "geometry": {
        "type": "LineString",
        "coordinates": [
          [
            -5.9921601,
            37.3876209
          ],
          [
            -5.9921238,
            37.3878134
          ]
        ]
      },
      "properties": {
        "highway": "footway",
        "surface": "paving_stones"
      }
    },
    {
      "type": "Feature",
      "geometry": {
        "type": "LineString",
        "coordinates": [
          [
            -5.9860839,
            37.3856363
          ],
          [
            -5.9863037,
            37.38525
          ]
        ]
      },
      "properties": {
        "highway": "primary",
        "lanes": "5",
        "maxspeed": "50",
        "name": "Avenida de Men\u00e9ndez Pelayo",
        "sidewalk": "both",
        "surface": "asphalt",
        "website": "https://sevillapedia.wikanda.es/wiki/Avenida_de_Men%C3%A9ndez_Pelayo_%28Sevilla%29"
      }
    },
    {
      "type": "Feature",
      "geometry": {
        "type": "LineString",
        "coordinates": [
          [
            -5.9937739,
            37.3893628
          ],
          [
            -5.9938212,
            37.389347
          ],
          [
            -5.9938523,
            37.3893239
          ],
          [
            -5.9940063,
            37.389195
          ],
          [
            -5.9940444,
            37.3891629
          ]
        ]
      },
      "properties": {
        "highway": "living_street",
        "lit": "yes",
        "name": "Calle Francisco Bruna",
        "oneway": "yes",
        "sidewalk": "both",
        "surface": "sett"
      }
    },
    {
      "type": "Feature",
      "geometry": {
        "type": "LineString",
        "coordinates": [
          [
            -5.9863232,
            37.3852172
          ],
          [
            -5.9863625,
            37.3851429
          ]
        ]
      },
      "properties": {
        "highway": "primary",
        "lanes": "5",
        "maxspeed": "50",
        "name": "Avenida Men\u00e9ndez Pelayo",
        "sidewalk": "both",
        "surface": "asphalt"
      }
    },
    {
      "type": "Feature",
      "geometry": {
        "type": "LineString",
        "coordinates": [
          [
            -5.9863625,
            37.3851429
          ],
          [
            -5.9865541,
            37.3847674
          ],
          [
            -5.986586,
            37.3847048
          ]
        ]
      },
      "properties": {
        "highway": "primary",
        "lanes": "7",
        "maxspeed": "50",
        "name": "Avenida de Men\u00e9ndez Pelayo",
        "sidewalk": "both",
        "surface": "asphalt"
      }
    },
    {
      "type": "Feature",
      "geometry": {
        "type": "LineString",
        "coordinates": [
          [
            -5.9885059,
            37.386565
          ],
          [
            -5.988355,
            37.3865238
          ],
          [
            -5.988318,
            37.3865358
          ],
          [
            -5.9882333,
            37.3865664
          ],
          [
            -5.9881441,
            37.3865996
          ],
          [
            -5.9879068,
            37.3867354
          ],
          [
            -5.9878468,
            37.3867698
          ]
        ]
      },
      "properties": {
        "highway": "residential",
        "lane_markings": "no",
        "name": "Calle Xim\u00e9nez de Enciso",
        "oneway": "yes",
        "sidewalk": "right",
        "surface": "paving_stones"
      }
    },
    {
      "type": "Feature",
      "geometry": {
        "type": "LineString",
        "coordinates": [
          [
            -5.9902662,
            37.3929787
          ],
          [
            -5.9903823,
            37.3932741
          ],
          [
            -5.9904105,
            37.3933662
          ],
          [
            -5.9904581,
            37.3935725
          ],
          [
            -5.9904589,
            37.393596
          ]
        ]
      },
      "properties": {
        "highway": "pedestrian",
        "name": "Calle Santa \u00c1ngela de la Cruz",
        "name:etymology:wikidata": "Q252055",
        "old_name": "Calle Sor \u00c1ngela de la Cruz",
        "surface": "sett"
      }
    },
    {
      "type": "Feature",
      "geometry": {
        "type": "LineString",
        "coordinates": [
          [
            -5.9904589,
            37.393596
          ],
          [
            -5.9904449,
            37.3937066
          ],
          [
            -5.9904433,
            37.393815
          ],
          [
            -5.9903519,
            37.394472
          ],
          [
            -5.9902736,
            37.3948652
          ]
        ]
      },
      "properties": {
        "highway": "living_street",
        "name": "Calle Santa \u00c1ngela de la Cruz",
        "name:etymology:wikidata": "Q252055",
        "old_name": "Calle Sor \u00c1ngela de la Cruz",
        "oneway": "yes",
        "sidewalk:both:width": "0.60",
        "surface": "asphalt"
      }
    },
    {
      "type": "Feature",
      "geometry": {
        "type": "LineString",
        "coordinates": [
          [
            -5.9914049,
            37.3886361
          ],
          [
            -5.9914774,
            37.3885185
          ],
          [
            -5.9915105,
            37.3884274
          ]
        ]
      },
      "properties": {
        "highway": "living_street",
        "lit": "yes",
        "name": "Calle Estrella",
        "oneway": "yes",
        "sidewalk": "no",
        "surface": "sett"
      }
    },
    {
      "type": "Feature",
      "geometry": {
        "type": "LineString",
        "coordinates": [
          [
            -5.9922148,
            37.3951476
          ],
          [
            -5.9922277,
            37.3950858
          ],
          [
            -5.9923824,
            37.3947599
          ],
          [
            -5.9924612,
            37.3945746
          ],
          [
            -5.9925037,
            37.3945455
          ]
        ]
      },
      "properties": {
        "highway": "living_street",
        "name": "Calle Amparo",
        "oneway": "yes",
        "sidewalk": "no",
        "surface": "sett"
      }
    },
    {
      "type": "Feature",
      "geometry": {
        "type": "LineString",
        "coordinates": [
          [
            -5.9915671,
            37.3945907
          ],
          [
            -5.9903519,
            37.394472
          ]
        ]
      },
      "properties": {
        "highway": "living_street",
        "motor_vehicle": "private",
        "name": "Calle Jer\u00f3nimo Hern\u00e1ndez",
        "oneway": "yes",
        "sidewalk:both:width": "1.20",
        "surface": "asphalt"
      }
    },
    {
      "type": "Feature",
      "geometry": {
        "type": "LineString",
        "coordinates": [
          [
            -5.9925689,
            37.3945994
          ],
          [
            -5.992547,
            37.3945813
          ],
          [
            -5.9925037,
            37.3945455
          ],
          [
            -5.9925063,
            37.3944314
          ],
          [
            -5.9925444,
            37.394366
          ]
        ]
      },
      "properties": {
        "highway": "living_street",
        "lit": "yes",
        "name": "Plaza del Pozo Santo",
        "oneway": "yes",
        "surface": "sett"
      }
    },
    {
      "type": "Feature",
      "geometry": {
        "type": "LineString",
        "coordinates": [
          [
            -5.9938214,
            37.3878857
          ],
          [
            -5.9938221,
            37.3878955
          ],
          [
            -5.993827,
            37.3879624
          ],
          [
            -5.9938101,
            37.3879895
          ],
          [
            -5.9937745,
            37.3879965
          ],
          [
            -5.9936865,
            37.3880137
          ]
        ]
      },
      "properties": {
        "highway": "living_street",
        "lit": "yes",
        "name": "Calle Cabo Noval",
        "source": "ide.Sevilla",
        "source:date": "2011",
        "surface": "sett"
      }
    },
    {
      "type": "Feature",
      "geometry": {
        "type": "LineString",
        "coordinates": [
          [
            -5.9931881,
            37.3941115
          ],
          [
            -5.9931432,
            37.3941188
          ],
          [
            -5.9930828,
            37.3938593
          ]
        ]
      },
      "properties": {
        "highway": "pedestrian",
        "indoor": "yes",
        "name": "Pasaje de los Azahares",
        "source": "ide.Sevilla",
        "source:date": "2011",
        "surface": "paving_stones"
      }
    },
    {
      "type": "Feature",
      "geometry": {
        "type": "LineString",
        "coordinates": [
          [
            -5.9943616,
            37.3882602
          ],
          [
            -5.9944735,
            37.3882546
          ]
        ]
      },
      "properties": {
        "highway": "footway",
        "lit": "no",
        "name": "Arquillo del Ayuntamiento",
        "smoothness": "intermediate",
        "surface": "paving_stones",
        "tunnel": "building_passage"
      }
    },
    {
      "type": "Feature",
      "geometry": {
        "type": "LineString",
        "coordinates": [
          [
            -5.9889071,
            37.3901471
          ],
          [
            -5.9888571,
            37.3903751
          ],
          [
            -5.9888565,
            37.3905044
          ]
        ]
      },
      "properties": {
        "access": "yes",
        "bicycle": "yes",
        "cycleway": "no",
        "foot": "yes",
        "highway": "living_street",
        "motor_vehicle": "designated",
        "name": "Calle De\u00e1n L\u00f3pez Cepero",
        "oneway": "no",
        "surface": "paving_stones",
        "width": "1.5"
      }
    },
    {
      "type": "Feature",
      "geometry": {
        "type": "LineString",
        "coordinates": [
          [
            -5.9941999,
            37.3894025
          ],
          [
            -5.9940256,
            37.3893993
          ],
          [
            -5.993866,
            37.3893674
          ],
          [
            -5.9937739,
            37.3893628
          ]
        ]
      },
      "properties": {
        "bicycle": "yes",
        "highway": "pedestrian",
        "lit": "yes",
        "maxspeed": "10",
        "name": "Calle Entre C\u00e1rceles",
        "surface": "paving_stones"
      }
    },
    {
      "type": "Feature",
      "geometry": {
        "type": "LineString",
        "coordinates": [
          [
            -5.9955903,
            37.3926841
          ],
          [
            -5.9955851,
            37.3926644
          ],
          [
            -5.995553,
            37.3925461
          ],
          [
            -5.9955422,
            37.3925257
          ],
          [
            -5.9955259,
            37.392495
          ],
          [
            -5.9955039,
            37.3925016
          ],
          [
            -5.9954895,
            37.3925003
          ],
          [
            -5.995395,
            37.3925254
          ],
          [
            -5.9953255,
            37.3925438
          ],
          [
            -5.9952757,
            37.3925795
          ],
          [
            -5.995187,
            37.3925748
          ],
          [
            -5.9951838,
            37.3925771
          ],
          [
            -5.9951025,
            37.3925697
          ],
          [
            -5.9949992,
            37.3925599
          ],
          [
            -5.9949325,
            37.3925535
          ],
          [
            -5.994913,
            37.3925694
          ],
          [
            -5.9948936,
            37.3925852
          ],
          [
            -5.9948014,
            37.3926076
          ],
          [
            -5.9947904,
            37.3926103
          ],
          [
            -5.9948093,
            37.3926929
          ],
          [
            -5.9948225,
            37.3927163
          ],
          [
            -5.9948463,
            37.3927274
          ],
          [
            -5.9948745,
            37.3927298
          ],
          [
            -5.9948735,
            37.3927213
          ],
          [
            -5.9949197,
            37.392718
          ],
          [
            -5.9949181,
            37.3927035
          ],
          [
            -5.9954107,
            37.3926719
          ],
          [
            -5.9955903,
            37.3926841
          ]
        ]
      },
      "properties": {
        "area": "yes",
        "highway": "pedestrian",
        "lit": "yes",
        "name": "Plaza de la Campana",
        "smoothness": "good",
        "source": "Bing",
        "source:date": "2013",
        "surface": "paving_stones"
      }
    },
    {
      "type": "Feature",
      "geometry": {
        "type": "LineString",
        "coordinates": [
          [
            -5.991108,
            37.390753
          ],
          [
            -5.9911281,
            37.3907046
          ],
          [
            -5.99121,
            37.3905069
          ],
          [
            -5.991201,
            37.3904702
          ],
          [
            -5.9911657,
            37.390412
          ],
          [
            -5.9911574,
            37.3903671
          ]
        ]
      },
      "properties": {
        "highway": "living_street",
        "name": "Calle P\u00e9rez Gald\u00f3s",
        "oneway": "yes",
        "smoothness": "bad",
        "source": "ide.Sevilla",
        "source:date": "2011",
        "surface": "sett",
        "wikidata": "Q119472078"
      }
    },
    {
      "type": "Feature",
      "geometry": {
        "type": "LineString",
        "coordinates": [
          [
            -5.9912973,
            37.3898078
          ],
          [
            -5.9915843,
            37.3897938
          ],
          [
            -5.9917361,
            37.3897864
          ],
          [
            -5.992184,
            37.3897557
          ],
          [
            -5.9923374,
            37.3897447
          ]
        ]
      },
      "properties": {
        "highway": "living_street",
        "name": "Calle Cuesta del Rosario",
        "oneway": "yes",
        "sidewalk:both:width": "1.20",
        "smoothness": "good",
        "surface": "paving_stones"
      }
    },
    {
      "type": "Feature",
      "geometry": {
        "type": "LineString",
        "coordinates": [
          [
            -5.9923374,
            37.3897447
          ],
          [
            -5.9930919,
            37.3896906
          ],
          [
            -5.9931417,
            37.389687
          ],
          [
            -5.9931855,
            37.3896809
          ],
          [
            -5.9932245,
            37.3896574
          ]
        ]
      },
      "properties": {
        "highway": "living_street",
        "lit": "yes",
        "name": "Calle Villegas",
        "oneway": "yes",
        "sidewalk": "both",
        "surface": "sett"
      }
    },
    {
      "type": "Feature",
      "geometry": {
        "type": "LineString",
        "coordinates": [
          [
            -5.9912806,
            37.3854112
          ],
          [
            -5.9912318,
            37.3854405
          ]
        ]
      },
      "properties": {
        "highway": "pedestrian",
        "incline": "up",
        "name": "Calle Joaqu\u00edn Romero Murube",
        "ramp": "yes",
        "surface": "unhewn_cobblestone"
      }
    },
    {
      "type": "Feature",
      "geometry": {
        "type": "LineString",
        "coordinates": [
          [
            -5.9907623,
            37.3859224
          ],
          [
            -5.9908049,
            37.3859452
          ],
          [
            -5.9908552,
            37.3860997
          ]
        ]
      },
      "properties": {
        "highway": "living_street",
        "lit": "yes",
        "name": "Calle Rodrigo Caro",
        "oneway": "yes",
        "sidewalk": "both",
        "surface": "sett"
      }
    },
    {
      "type": "Feature",
      "geometry": {
        "type": "LineString",
        "coordinates": [
          [
            -5.9917712,
            37.3850704
          ],
          [
            -5.9917343,
            37.3850275
          ]
        ]
      },
      "properties": {
        "highway": "footway",
        "surface": "sett",
        "tunnel": "building_passage"
      }
    },
    {
      "type": "Feature",
      "geometry": {
        "type": "LineString",
        "coordinates": [
          [
            -5.9859712,
            37.3901359
          ],
          [
            -5.9861148,
            37.3899966
          ]
        ]
      },
      "properties": {
        "highway": "pedestrian",
        "name": "Barreduela D. Jos\u00e9 Robles",
        "smoothness": "intermediate",
        "surface": "sett"
      }
    },
    {
      "type": "Feature",
      "geometry": {
        "type": "LineString",
        "coordinates": [
          [
            -5.9916446,
            37.3911984
          ],
          [
            -5.9916803,
            37.3912024
          ],
          [
            -5.9921588,
            37.3912557
          ]
        ]
      },
      "properties": {
        "highway": "pedestrian",
        "name": "Calle Don Alonso el Sabio",
        "surface": "paving_stones",
        "wikidata": "Q119713852"
      }
    },
    {
      "type": "Feature",
      "geometry": {
        "type": "LineString",
        "coordinates": [
          [
            -5.991342,
            37.387499
          ],
          [
            -5.9914073,
            37.3873334
          ],
          [
            -5.9914597,
            37.387209
          ],
          [
            -5.9914698,
            37.3871171
          ],
          [
            -5.9914582,
            37.3870376
          ],
          [
            -5.9914562,
            37.3869938
          ],
          [
            -5.9914667,
            37.3869358
          ],
          [
            -5.9917275,
            37.3863327
          ]
        ]
      },
      "properties": {
        "highway": "pedestrian",
        "lanes": "1",
        "lit": "yes",
        "maxwidth": "2",
        "name": "Calle Don Remondo",
        "oneway": "yes",
        "sidewalk": "both",
        "surface": "sett"
      }
    },
    {
      "type": "Feature",
      "geometry": {
        "type": "LineString",
        "coordinates": [
          [
            -5.9948092,
            37.3927572
          ],
          [
            -5.9947435,
            37.3924838
          ],
          [
            -5.9947182,
            37.3923752
          ]
        ]
      },
      "properties": {
        "highway": "pedestrian",
        "lit": "yes",
        "name": "Calle Santa Mar\u00eda de Gracia",
        "surface": "paving_stones"
      }
    },
    {
      "type": "Feature",
      "geometry": {
        "type": "LineString",
        "coordinates": [
          [
            -5.9943641,
            37.3921702
          ],
          [
            -5.994368,
            37.3920399
          ],
          [
            -5.9945216,
            37.3920295
          ],
          [
            -5.9948197,
            37.3920068
          ]
        ]
      },
      "properties": {
        "highway": "pedestrian",
        "name": "Calle Azofaifo",
        "surface": "paving_stones"
      }
    },
    {
      "type": "Feature",
      "geometry": {
        "type": "LineString",
        "coordinates": [
          [
            -5.989673,
            37.385107
          ],
          [
            -5.9896054,
            37.3851386
          ],
          [
            -5.9894951,
            37.385187
          ]
        ]
      },
      "properties": {
        "highway": "pedestrian",
        "surface": "paving_stones"
      }
    },
    {
      "type": "Feature",
      "geometry": {
        "type": "LineString",
        "coordinates": [
          [
            -5.9889932,
            37.3909636
          ],
          [
            -5.9889456,
            37.3910203
          ],
          [
            -5.9888263,
            37.391228
          ]
        ]
      },
      "properties": {
        "highway": "living_street",
        "maxspeed": "30",
        "name": "Calle Alh\u00f3ndiga",
        "name:etymology:wikidata": "Q17455727",
        "oneway": "yes",
        "sidewalk": "no",
        "surface": "asphalt"
      }
    },
    {
      "type": "Feature",
      "geometry": {
        "type": "LineString",
        "coordinates": [
          [
            -5.989338,
            37.3904755
          ],
          [
            -5.98973,
            37.3905873
          ],
          [
            -5.9898838,
            37.390613
          ],
          [
            -5.9899311,
            37.3906118
          ],
          [
            -5.9899575,
            37.3906135
          ],
          [
            -5.9902597,
            37.390688
          ],
          [
            -5.9903158,
            37.3907032
          ],
          [
            -5.9904187,
            37.3907379
          ]
        ]
      },
      "properties": {
        "highway": "living_street",
        "name": "Calle Boteros",
        "oneway": "yes",
        "sidewalk": "no",
        "surface": "asphalt",
        "wikidata": "Q119472074"
      }
    },
    {
      "type": "Feature",
      "geometry": {
        "type": "LineString",
        "coordinates": [
          [
            -5.9889932,
            37.3909636
          ],
          [
            -5.9890035,
            37.390975
          ],
          [
            -5.9891929,
            37.3910874
          ],
          [
            -5.9893946,
            37.3911719
          ],
          [
            -5.9895891,
            37.391281
          ],
          [
            -5.9896389,
            37.3913496
          ],
          [
            -5.9896362,
            37.3914677
          ]
        ]
      },
      "properties": {
        "highway": "pedestrian",
        "name": "Calle Descalzos",
        "surface": "paving_stones"
      }
    },
    {
      "type": "Feature",
      "geometry": {
        "type": "LineString",
        "coordinates": [
          [
            -5.9889903,
            37.3898544
          ],
          [
            -5.9897003,
            37.3899727
          ]
        ]
      },
      "properties": {
        "highway": "living_street",
        "maxspeed": "20",
        "motor_vehicle": "destination",
        "name": "Calle \u00c1guilas",
        "note": "La se\u00f1al de circulaci\u00f3n prohibida lleva una nota. Textualmente \"Excepto residentes, servicio p\u00fablico, garajes autorizados, hoteles y de 8 a 12 H y de 16 a 18 H carga y descarga\"",
        "oneway": "yes",
        "psv": "yes",
        "sidewalk:left:width": "1.00",
        "source:maxspeed": "sign",
        "surface": "asphalt"
      }
    },
    {
      "type": "Feature",
      "geometry": {
        "type": "LineString",
        "coordinates": [
          [
            -5.9882711,
            37.3899225
          ],
          [
            -5.9884237,
            37.3899169
          ]
        ]
      },
      "properties": {
        "highway": "living_street",
        "maxspeed": "20",
        "motor_vehicle": "destination",
        "name": "Calle \u00c1guilas",
        "note": "La se\u00f1al de circulaci\u00f3n prohibida lleva una nota. Textualmente \"Excepto residentes, servicio p\u00fablico, garajes autorizados, hoteles y de 8 a 12 H y de 16 a 18 H carga y descarga\"",
        "oneway": "yes",
        "psv": "yes",
        "source:maxspeed": "sign",
        "surface": "asphalt"
      }
    },
    {
      "type": "Feature",
      "geometry": {
        "type": "LineString",
        "coordinates": [
          [
            -5.9884237,
            37.3899169
          ],
          [
            -5.988741,
            37.3898573
          ],
          [
            -5.9889659,
            37.3898286
          ],
          [
            -5.9889903,
            37.3898544
          ]
        ]
      },
      "properties": {
        "highway": "living_street",
        "maxheight": "3",
        "maxspeed": "20",
        "maxwidth": "1.90",
        "motor_vehicle": "destination",
        "name": "Calle \u00c1guilas",
        "note": "La se\u00f1al de circulaci\u00f3n prohibida lleva una nota. Textualmente \"Excepto residentes, servicio p\u00fablico, garajes autorizados, hoteles y de 8 a 12 H y de 16 a 18 H carga y descarga\"",
        "oneway": "yes",
        "psv": "yes",
        "sidewalk": "no",
        "smoothness": "excellent",
        "source:maxspeed": "sign",
        "surface": "asphalt"
      }
    },
    {
      "type": "Feature",
      "geometry": {
        "type": "LineString",
        "coordinates": [
          [
            -5.9889659,
            37.3898286
          ],
          [
            -5.9888793,
            37.3896614
          ]
        ]
      },
      "properties": {
        "highway": "pedestrian",
        "name": "Calle Amistad",
        "surface": "paving_stones"
      }
    },
    {
      "type": "Feature",
      "geometry": {
        "type": "LineString",
        "coordinates": [
          [
            -5.9880053,
            37.3891761
          ],
          [
            -5.9879359,
            37.3889104
          ]
        ]
      },
      "properties": {
        "access": "destination",
        "foot": "yes",
        "highway": "living_street",
        "lit": "yes",
        "motor_vehicle": "destination",
        "name": "Calle Lirio",
        "oneway": "no",
        "surface": "sett"
      }
    },
    {
      "type": "Feature",
      "geometry": {
        "type": "LineString",
        "coordinates": [
          [
            -5.9883751,
            37.3888878
          ],
          [
            -5.9883747,
            37.3888337
          ],
          [
            -5.988383,
            37.3887026
          ]
        ]
      },
      "properties": {
        "highway": "pedestrian",
        "name": "Calle Conde de Ibarra",
        "surface": "paving_stones"
      }
    },
    {
      "type": "Feature",
      "geometry": {
        "type": "LineString",
        "coordinates": [
          [
            -5.9871055,
            37.3881638
          ],
          [
            -5.9871463,
            37.3881851
          ],
          [
            -5.9872084,
            37.3882187
          ],
          [
            -5.9873313,
            37.3882746
          ],
          [
            -5.9875948,
            37.3883022
          ],
          [
            -5.9878206,
            37.388398
          ],
          [
            -5.9878734,
            37.3883179
          ],
          [
            -5.9880451,
            37.388089
          ],
          [
            -5.9882576,
            37.3878573
          ],
          [
            -5.9883676,
            37.3877742
          ]
        ]
      },
      "properties": {
        "highway": "living_street",
        "maxspeed": "30",
        "name": "Calle Lev\u00edes",
        "oneway": "yes",
        "sidewalk": "no",
        "surface": "cobblestone"
      }
    },
    {
      "type": "Feature",
      "geometry": {
        "type": "LineString",
        "coordinates": [
          [
            -5.9859623,
            37.3890175
          ],
          [
            -5.9857044,
            37.389195
          ],
          [
            -5.9854659,
            37.3893597
          ],
          [
            -5.9853101,
            37.3895641
          ]
        ]
      },
      "properties": {
        "highway": "pedestrian",
        "lit": "yes",
        "name": "Calle Vidrio",
        "surface": "paving_stones"
      }
    },
    {
      "type": "Feature",
      "geometry": {
        "type": "LineString",
        "coordinates": [
          [
            -5.9858539,
            37.3897386
          ],
          [
            -5.9860509,
            37.3897386
          ],
          [
            -5.9863659,
            37.3897314
          ],
          [
            -5.9866352,
            37.3897422
          ],
          [
            -5.9868141,
            37.3897749
          ],
          [
            -5.9868337,
            37.3897776
          ]
        ]
      },
      "properties": {
        "highway": "residential",
        "lane_markings": "no",
        "name": "Calle San Esteban",
        "oneway": "yes",
        "sidewalk": "no",
        "smoothness": "excellent",
        "surface": "asphalt"
      }
    },
    {
      "type": "Feature",
      "geometry": {
        "type": "LineString",
        "coordinates": [
          [
            -5.9913076,
            37.3936352
          ],
          [
            -5.9908606,
            37.3936062
          ],
          [
            -5.990494,
            37.3935976
          ],
          [
            -5.9904589,
            37.393596
          ]
        ]
      },
      "properties": {
        "highway": "living_street",
        "maxspeed": "30",
        "name": "Calle Alc\u00e1zares",
        "oneway": "yes",
        "sidewalk:both:width": "0.60",
        "surface": "asphalt"
      }
    },
    {
      "type": "Feature",
      "geometry": {
        "type": "LineString",
        "coordinates": [
          [
            -5.9850652,
            37.3875993
          ],
          [
            -5.985301,
            37.3870537
          ],
          [
            -5.985406,
            37.3868645
          ],
          [
            -5.9855616,
            37.3865843
          ]
        ]
      },
      "properties": {
        "highway": "primary",
        "lanes": "4",
        "maxspeed": "50",
        "name": "Avenida de Men\u00e9ndez Pelayo",
        "sidewalk": "both",
        "surface": "asphalt",
        "website": "https://sevillapedia.wikanda.es/wiki/Avenida_de_Men%C3%A9ndez_Pelayo_%28Sevilla%29"
      }
    },
    {
      "type": "Feature",
      "geometry": {
        "type": "LineString",
        "coordinates": [
          [
            -5.9893394,
            37.3862938
          ],
          [
            -5.9893026,
            37.3863097
          ],
          [
            -5.9891553,
            37.386142
          ]
        ]
      },
      "properties": {
        "highway": "pedestrian",
        "name": "Calle Carlos Alonso",
        "surface": "cobblestone"
      }
    },
    {
      "type": "Feature",
      "geometry": {
        "type": "LineString",
        "coordinates": [
          [
            -5.9859582,
            37.3854955
          ],
          [
            -5.9859714,
            37.3854791
          ],
          [
            -5.9859943,
            37.3854864
          ],
          [
            -5.9860239,
            37.3854861
          ],
          [
            -5.986048,
            37.3854754
          ],
          [
            -5.9864447,
            37.3846842
          ],
          [
            -5.9864466,
            37.3846456
          ],
          [
            -5.9866732,
            37.3842024
          ],
          [
            -5.9869438,
            37.383673
          ],
          [
            -5.9869441,
            37.3836144
          ],
          [
            -5.9870345,
            37.3834193
          ],
          [
            -5.9871028,
            37.3833621
          ],
          [
            -5.9871729,
            37.3832249
          ],
          [
            -5.9871465,
            37.383157
          ],
          [
            -5.9872204,
            37.383132
          ],
          [
            -5.9873086,
            37.3829595
          ],
          [
            -5.9873707,
            37.3827937
          ]
        ]
      },
      "properties": {
        "highway": "footway"
      }
    },
    {
      "type": "Feature",
      "geometry": {
        "type": "LineString",
        "coordinates": [
          [
            -5.9865255,
            37.3851821
          ],
          [
            -5.9865624,
            37.3851133
          ],
          [
            -5.9865663,
            37.385106
          ],
          [
            -5.9869884,
            37.3843242
          ],
          [
            -5.9870009,
            37.3843011
          ],
          [
            -5.9870114,
            37.3842806
          ],
          [
            -5.9876351,
            37.3830619
          ],
          [
            -5.987815,
            37.3827103
          ],
          [
            -5.9881982,
            37.3820608
          ],
          [
            -5.9883069,
            37.3819091
          ],
          [
            -5.9884381,
            37.3817734
          ],
          [
            -5.9884474,
            37.3817657
          ],
          [
            -5.988459,
            37.3817561
          ],
          [
            -5.9885527,
            37.3816786
          ],
          [
            -5.9887457,
            37.3815473
          ],
          [
            -5.9889834,
            37.3814826
          ],
          [
            -5.9891584,
            37.3814584
          ],
          [
            -5.9892348,
            37.3814607
          ],
          [
            -5.9892753,
            37.3814619
          ]
        ]
      },
      "properties": {
        "highway": "footway",
        "surface": "paving_stones"
      }
    },
    {
      "type": "Feature",
      "geometry": {
        "type": "LineString",
        "coordinates": [
          [
            -5.9956213,
            37.3889893
          ],
          [
            -5.9955786,
            37.3889924
          ],
          [
            -5.9949806,
            37.3890374
          ],
          [
            -5.9949559,
            37.3890392
          ],
          [
            -5.9949281,
            37.3890413
          ]
        ]
      },
      "properties": {
        "bicycle": "yes",
        "highway": "pedestrian",
        "lit": "yes",
        "maxspeed": "10",
        "name": "Plaza Nueva",
        "name:etymology:wikidata": "Q5518485",
        "surface": "paving_stones"
      }
    },
    {
      "type": "Feature",
      "geometry": {
        "type": "LineString",
        "coordinates": [
          [
            -5.9909062,
            37.3882106
          ],
          [
            -5.9909092,
            37.3882817
          ]
        ]
      },
      "properties": {
        "highway": "living_street",
        "lit": "yes",
        "name": "Calle Abades",
        "oneway": "yes",
        "sidewalk": "no",
        "surface": "sett"
      }
    },
    {
      "type": "Feature",
      "geometry": {
        "type": "LineString",
        "coordinates": [
          [
            -5.9871796,
            37.3862189
          ],
          [
            -5.9873564,
            37.386174
          ],
          [
            -5.9875394,
            37.3861321
          ],
          [
            -5.9877196,
            37.3860452
          ],
          [
            -5.9878389,
            37.3859764
          ]
        ]
      },
      "properties": {
        "highway": "pedestrian",
        "name": "Calle Doncellas",
        "surface": "paving_stones"
      }
    },
    {
      "type": "Feature",
      "geometry": {
        "type": "LineString",
        "coordinates": [
          [
            -5.9914983,
            37.3883795
          ],
          [
            -5.9914836,
            37.3881109
          ],
          [
            -5.9915055,
            37.3879643
          ]
        ]
      },
      "properties": {
        "highway": "pedestrian",
        "lit": "yes",
        "name": "Calle Estrella",
        "surface": "paving_stones"
      }
    },
    {
      "type": "Feature",
      "geometry": {
        "type": "LineString",
        "coordinates": [
          [
            -5.9895596,
            37.3874982
          ],
          [
            -5.9895531,
            37.3875777
          ]
        ]
      },
      "properties": {
        "highway": "residential",
        "lane_markings": "no",
        "name": "Calle Fabiola",
        "oneway": "yes",
        "sidewalk": "no",
        "smoothness": "bad",
        "surface": "sett"
      }
    },
    {
      "type": "Feature",
      "geometry": {
        "type": "LineString",
        "coordinates": [
          [
            -5.9925585,
            37.3894138
          ],
          [
            -5.992347,
            37.389732
          ],
          [
            -5.9923374,
            37.3897447
          ]
        ]
      },
      "properties": {
        "bicycle": "no",
        "highway": "pedestrian",
        "lit": "yes",
        "name": "Calle Francos",
        "surface": "paving_stones"
      }
    },
    {
      "type": "Feature",
      "geometry": {
        "type": "LineString",
        "coordinates": [
          [
            -5.9926409,
            37.3887722
          ],
          [
            -5.9926008,
            37.3889064
          ],
          [
            -5.9925749,
            37.3890468
          ],
          [
            -5.9925694,
            37.3891791
          ],
          [
            -5.9925669,
            37.3892286
          ],
          [
            -5.9925585,
            37.3894138
          ]
        ]
      },
      "properties": {
        "highway": "pedestrian",
        "lit": "yes",
        "name": "Calle Francos",
        "surface": "paving_stones"
      }
    },
    {
      "type": "Feature",
      "geometry": {
        "type": "LineString",
        "coordinates": [
          [
            -5.9940642,
            37.3891399
          ],
          [
            -5.9940697,
            37.3891189
          ],
          [
            -5.9940701,
            37.3890958
          ],
          [
            -5.9940686,
            37.3890615
          ],
          [
            -5.9939806,
            37.3887345
          ],
          [
            -5.9938871,
            37.3884319
          ],
          [
            -5.9938049,
            37.3882131
          ]
        ]
      },
      "properties": {
        "highway": "living_street",
        "lit": "yes",
        "maxspeed": "20",
        "name": "Plaza de San Francisco",
        "oneway": "yes",
        "sidewalk": "both",
        "smoothness": "intermediate",
        "source:maxspeed": "sign",
        "surface": "sett"
      }
    },
    {
      "type": "Feature",
      "geometry": {
        "type": "LineString",
        "coordinates": [
          [
            -5.9880136,
            37.3862009
          ],
          [
            -5.9881092,
            37.3861191
          ]
        ]
      },
      "properties": {
        "highway": "pedestrian",
        "surface": "paving_stones"
      }
    },
    {
      "type": "Feature",
      "geometry": {
        "type": "LineString",
        "coordinates": [
          [
            -5.987982,
            37.3948333
          ],
          [
            -5.9879464,
            37.3949443
          ],
          [
            -5.9879325,
            37.3950828
          ],
          [
            -5.9879717,
            37.3955027
          ],
          [
            -5.9879697,
            37.3955352
          ],
          [
            -5.9878799,
            37.3960284
          ],
          [
            -5.9878459,
            37.3961432
          ]
        ]
      },
      "properties": {
        "highway": "living_street",
        "name": "Calle Bustos Tavera",
        "oneway": "yes",
        "sidewalk": "both",
        "source": "PNOA",
        "source:date": "2009",
        "surface": "sett",
        "width": "3"
      }
    },
    {
      "type": "Feature",
      "geometry": {
        "type": "LineString",
        "coordinates": [
          [
            -5.9852731,
            37.3957734
          ],
          [
            -5.9853579,
            37.3956943
          ],
          [
            -5.9854255,
            37.3956158
          ],
          [
            -5.9855586,
            37.3955148
          ],
          [
            -5.9860535,
            37.3952071
          ],
          [
            -5.9862741,
            37.3950696
          ],
          [
            -5.9864664,
            37.3949767
          ]
        ]
      },
      "properties": {
        "foot": "yes",
        "highway": "living_street",
        "maxheight": "2",
        "maxspeed": "20",
        "maxwidth": "2",
        "motor_vehicle": "destination",
        "motorcar": "destination",
        "name": "Calle Enladrillada",
        "oneway": "yes",
        "sidewalk": "both",
        "smoothness": "intermediate",
        "source": "PNOA",
        "surface": "sett"
      }
    },
    {
      "type": "Feature",
      "geometry": {
        "type": "LineString",
        "coordinates": [
          [
            -5.9911469,
            37.3883375
          ],
          [
            -5.9911671,
            37.3883212
          ],
          [
            -5.9912523,
            37.3881862
          ],
          [
            -5.9913159,
            37.3881067
          ],
          [
            -5.9914243,
            37.3880119
          ],
          [
            -5.9915055,
            37.3879643
          ],
          [
            -5.9917277,
            37.3878195
          ],
          [
            -5.9918727,
            37.3876941
          ],
          [
            -5.991972,
            37.3876131
          ],
          [
            -5.9921601,
            37.3876209
          ],
          [
            -5.9924627,
            37.3874476
          ],
          [
            -5.9928494,
            37.3871842
          ],
          [
            -5.9929691,
            37.3870837
          ],
          [
            -5.9930275,
            37.3870255
          ],
          [
            -5.9930565,
            37.386955
          ]
        ]
      },
      "properties": {
        "highway": "living_street",
        "lit": "yes",
        "name": "Calle Argote de Molina",
        "name:etymology:wikidata": "Q629108",
        "oneway": "yes",
        "sidewalk": "both",
        "surface": "sett"
      }
    },
    {
      "type": "Feature",
      "geometry": {
        "type": "LineString",
        "coordinates": [
          [
            -5.9911469,
            37.3883375
          ],
          [
            -5.991128,
            37.3883576
          ],
          [
            -5.9911197,
            37.3884328
          ],
          [
            -5.9911036,
            37.3884674
          ]
        ]
      },
      "properties": {
        "highway": "living_street",
        "lit": "yes",
        "name": "Calle Argote de Molina",
        "name:etymology:wikidata": "Q629108",
        "oneway": "yes",
        "sidewalk": "no",
        "surface": "sett"
      }
    },
    {
      "type": "Feature",
      "geometry": {
        "type": "LineString",
        "coordinates": [
          [
            -5.9911469,
            37.3883375
          ],
          [
            -5.9910925,
            37.3883211
          ],
          [
            -5.990979,
            37.3882956
          ],
          [
            -5.9909092,
            37.3882817
          ]
        ]
      },
      "properties": {
        "highway": "living_street",
        "lit": "yes",
        "name": "Calle Bamberg",
        "oneway": "yes",
        "sidewalk": "no",
        "surface": "sett"
      }
    },
    {
      "type": "Feature",
      "geometry": {
        "type": "LineString",
        "coordinates": [
          [
            -5.9885754,
            37.3907023
          ],
          [
            -5.9889828,
            37.3909521
          ],
          [
            -5.9889932,
            37.3909636
          ]
        ]
      },
      "properties": {
        "highway": "pedestrian",
        "name": "Calle Descalzos",
        "surface": "paving_stones"
      }
    },
    {
      "type": "Feature",
      "geometry": {
        "type": "LineString",
        "coordinates": [
          [
            -5.988952,
            37.3946028
          ],
          [
            -5.9890494,
            37.3945179
          ],
          [
            -5.9892253,
            37.3941635
          ],
          [
            -5.9895362,
            37.3935041
          ]
        ]
      },
      "properties": {
        "highway": "residential",
        "maxspeed": "30",
        "name": "Calle Do\u00f1a Mar\u00eda Coronel",
        "oneway": "yes",
        "sidewalk": "both",
        "surface": "cobblestone"
      }
    },
    {
      "type": "Feature",
      "geometry": {
        "type": "LineString",
        "coordinates": [
          [
            -5.9870421,
            37.3907329
          ],
          [
            -5.986924,
            37.3906496
          ],
          [
            -5.9866114,
            37.3903503
          ],
          [
            -5.9864006,
            37.390202
          ]
        ]
      },
      "properties": {
        "access": "destination",
        "highway": "living_street",
        "lit": "yes",
        "motor_vehicle": "destination",
        "name": "Calle Imperial",
        "oneway": "yes",
        "surface": "sett"
      }
    },
    {
      "type": "Feature",
      "geometry": {
        "type": "LineString",
        "coordinates": [
          [
            -5.9862366,
            37.3913346
          ],
          [
            -5.986187,
            37.3913254
          ],
          [
            -5.9860487,
            37.3912031
          ],
          [
            -5.9858076,
            37.3909744
          ],
          [
            -5.9855611,
            37.39077
          ],
          [
            -5.9854832,
            37.3907054
          ]
        ]
      },
      "properties": {
        "highway": "residential",
        "lane_markings": "no",
        "lit": "yes",
        "maxheight": "3",
        "maxspeed": "20",
        "name": "Calle Santiago",
        "oneway": "yes",
        "sidewalk": "no",
        "surface": "asphalt"
      }
    },
    {
      "type": "Feature",
      "geometry": {
        "type": "LineString",
        "coordinates": [
          [
            -5.9883783,
            37.3905909
          ],
          [
            -5.9885756,
            37.3906564
          ]
        ]
      },
      "properties": {
        "highway": "residential",
        "name": "Plaza de San Ildefonso",
        "oneway": "yes",
        "sidewalk": "both",
        "surface": "asphalt"
      }
    },
    {
      "type": "Feature",
      "geometry": {
        "type": "LineString",
        "coordinates": [
          [
            -5.9888263,
            37.391228
          ],
          [
            -5.9883453,
            37.390963
          ],
          [
            -5.98817,
            37.3912382
          ]
        ]
      },
      "properties": {
        "cycleway:both": "no",
        "highway": "residential",
        "name": "Plaza de San Leandro",
        "oneway": "yes",
        "sidewalk": "both",
        "surface": "asphalt"
      }
    },
    {
      "type": "Feature",
      "geometry": {
        "type": "LineString",
        "coordinates": [
          [
            -5.9898308,
            37.3924823
          ],
          [
            -5.9898975,
            37.3924826
          ],
          [
            -5.9900515,
            37.3924832
          ],
          [
            -5.9901525,
            37.3924907
          ],
          [
            -5.9902278,
            37.3924994
          ],
          [
            -5.9903092,
            37.3925164
          ],
          [
            -5.9903812,
            37.3925392
          ]
        ]
      },
      "properties": {
        "bicycle": "permissive",
        "emergency": "yes",
        "foot": "yes",
        "goods": "designated",
        "highway": "residential",
        "lanes": "2",
        "lit": "yes",
        "motor_vehicle": "destination",
        "name": "Plaza de San Pedro",
        "note": "Destination para acceso parking p\u00fablico",
        "psv": "yes",
        "sidewalk": "both",
        "surface": "asphalt",
        "vehicle": "no"
      }
    },
    {
      "type": "Feature",
      "geometry": {
        "type": "LineString",
        "coordinates": [
          [
            -5.98585,
            37.3878056
          ],
          [
            -5.9857604,
            37.3880218
          ]
        ]
      },
      "properties": {
        "highway": "living_street",
        "name": "Calle San Clemente",
        "sidewalk": "no",
        "surface": "sett"
      }
    },
    {
      "type": "Feature",
      "geometry": {
        "type": "LineString",
        "coordinates": [
          [
            -5.98585,
            37.3878056
          ],
          [
            -5.9852365,
            37.3876423
          ],
          [
            -5.9851859,
            37.3876288
          ],
          [
            -5.9851629,
            37.3876227
          ],
          [
            -5.9850652,
            37.3875993
          ]
        ]
      },
      "properties": {
        "highway": "residential",
        "maxspeed": "30",
        "name": "Pasaje de Zamora",
        "oneway": "yes",
        "sidewalk": "no",
        "surface": "cobblestone"
      }
    },
    {
      "type": "Feature",
      "geometry": {
        "type": "LineString",
        "coordinates": [
          [
            -5.9877107,
            37.3851511
          ],
          [
            -5.9877094,
            37.3852085
          ]
        ]
      },
      "properties": {
        "highway": "steps",
        "surface": "paving_stones"
      }
    },
    {
      "type": "Feature",
      "geometry": {
        "type": "LineString",
        "coordinates": [
          [
            -5.9902474,
            37.3900712
          ],
          [
            -5.9902927,
            37.3901012
          ],
          [
            -5.9904398,
            37.3901936
          ],
          [
            -5.9904633,
            37.3901956
          ]
        ]
      },
      "properties": {
        "highway": "living_street",
        "maxspeed": "20",
        "name": "Calle Alfalfa",
        "oneway": "yes",
        "smoothness": "intermediate",
        "source:maxspeed": "sign",
        "surface": "sett"
      }
    },
    {
      "type": "Feature",
      "geometry": {
        "type": "LineString",
        "coordinates": [
          [
            -5.9897003,
            37.3899727
          ],
          [
            -5.9895772,
            37.3902148
          ],
          [
            -5.989338,
            37.3904755
          ]
        ]
      },
      "properties": {
        "highway": "living_street",
        "name": "Calle Cabeza del Rey Don Pedro",
        "oneway": "yes",
        "sidewalk:both:width": "0.50",
        "smoothness": "good",
        "surface": "asphalt"
      }
    },
    {
      "type": "Feature",
      "geometry": {
        "type": "LineString",
        "coordinates": [
          [
            -5.9925999,
            37.3918581
          ],
          [
            -5.9928645,
            37.3919795
          ],
          [
            -5.9930004,
            37.392056
          ],
          [
            -5.9930986,
            37.392101
          ],
          [
            -5.9932586,
            37.3921572
          ],
          [
            -5.993323,
            37.392177
          ],
          [
            -5.993382,
            37.3921903
          ],
          [
            -5.9934387,
            37.3921948
          ],
          [
            -5.993594,
            37.3921938
          ]
        ]
      },
      "properties": {
        "highway": "pedestrian",
        "name": "Calle Goyeneta",
        "surface": "paving_stones"
      }
    },
    {
      "type": "Feature",
      "geometry": {
        "type": "LineString",
        "coordinates": [
          [
            -5.9911473,
            37.3901195
          ],
          [
            -5.9911933,
            37.3901222
          ],
          [
            -5.9912113,
            37.3901233
          ]
        ]
      },
      "properties": {
        "highway": "pedestrian",
        "lit": "yes",
        "name": "Calle Rafael Gonzalez Serna",
        "old_name": "Calle Huelva",
        "surface": "paving_stones"
      }
    },
    {
      "type": "Feature",
      "geometry": {
        "type": "LineString",
        "coordinates": [
          [
            -5.9852679,
            37.3919311
          ],
          [
            -5.985252,
            37.3919783
          ],
          [
            -5.9852113,
            37.3920748
          ],
          [
            -5.9851055,
            37.3922948
          ],
          [
            -5.9850847,
            37.3923346
          ]
        ]
      },
      "properties": {
        "highway": "residential",
        "lit": "yes",
        "maxspeed": "30",
        "name": "Calle Muro de los Navarros",
        "oneway": "yes",
        "sidewalk": "both",
        "sidewalk:both:width": "1.00",
        "smoothness": "intermediate",
        "surface": "sett"
      }
    },
    {
      "type": "Feature",
      "geometry": {
        "type": "LineString",
        "coordinates": [
          [
            -5.9869633,
            37.3919298
          ],
          [
            -5.9867181,
            37.3917544
          ],
          [
            -5.9865545,
            37.3916157
          ],
          [
            -5.9864373,
            37.3915163
          ],
          [
            -5.9862691,
            37.3913497
          ],
          [
            -5.9862366,
            37.3913346
          ]
        ]
      },
      "properties": {
        "cycleway:both": "no",
        "highway": "residential",
        "lane_markings": "no",
        "lit": "yes",
        "maxheight": "3",
        "maxwidth": "2",
        "name": "Calle Santiago",
        "oneway": "yes",
        "sidewalk": "no",
        "surface": "sett"
      }
    },
    {
      "type": "Feature",
      "geometry": {
        "type": "LineString",
        "coordinates": [
          [
            -5.994752,
            37.3943036
          ],
          [
            -5.9946498,
            37.3945046
          ],
          [
            -5.9945678,
            37.3948275
          ],
          [
            -5.994551,
            37.3949175
          ],
          [
            -5.9944805,
            37.395295
          ]
        ]
      },
      "properties": {
        "highway": "living_street",
        "lit": "yes",
        "name": "Calle Amor de Dios",
        "oneway": "yes",
        "sidewalk:left:width": "1.00",
        "smoothness": "excellent",
        "source:width": "ARCore",
        "surface": "asphalt",
        "width": "2.8"
      }
    },
    {
      "type": "Feature",
      "geometry": {
        "type": "LineString",
        "coordinates": [
          [
            -5.9860676,
            37.3942103
          ],
          [
            -5.9860532,
            37.3942176
          ],
          [
            -5.9858919,
            37.39433
          ],
          [
            -5.985838,
            37.3943667
          ],
          [
            -5.9858239,
            37.3943749
          ]
        ]
      },
      "properties": {
        "highway": "pedestrian",
        "lit": "yes",
        "name": "Pasaje Virgen de los Gitanos",
        "name:etymology:wikidata": "Q10995787",
        "smoothness": "excellent",
        "surface": "paving_stones"
      }
    },
    {
      "type": "Feature",
      "geometry": {
        "type": "LineString",
        "coordinates": [
          [
            -5.9884941,
            37.3948702
          ],
          [
            -5.9885338,
            37.3948629
          ],
          [
            -5.988952,
            37.3946028
          ]
        ]
      },
      "properties": {
        "highway": "residential",
        "maxspeed": "30",
        "name": "Calle Do\u00f1a Mar\u00eda Coronel",
        "oneway": "yes",
        "sidewalk:both:width": "1.60",
        "surface": "cobblestone"
      }
    },
    {
      "type": "Feature",
      "geometry": {
        "type": "LineString",
        "coordinates": [
          [
            -5.9895362,
            37.3935041
          ],
          [
            -5.9895899,
            37.3933438
          ],
          [
            -5.9897774,
            37.392651
          ],
          [
            -5.9897854,
            37.3926216
          ],
          [
            -5.9898308,
            37.3924823
          ]
        ]
      },
      "properties": {
        "highway": "residential",
        "lit": "yes",
        "maxspeed": "30",
        "name": "Calle Do\u00f1a Mar\u00eda Coronel",
        "oneway": "yes",
        "sidewalk:both:width": "0.70",
        "surface": "cobblestone"
      }
    },
    {
      "type": "Feature",
      "geometry": {
        "type": "LineString",
        "coordinates": [
          [
            -5.9885473,
            37.3936309
          ],
          [
            -5.9887563,
            37.3938605
          ],
          [
            -5.9892253,
            37.3941635
          ]
        ]
      },
      "properties": {
        "highway": "residential",
        "maxspeed": "30",
        "name": "Calle Gerona",
        "name:etymology:wikidata": "Q7038",
        "oneway": "yes",
        "sidewalk:both:width": "0.80",
        "surface": "cobblestone"
      }
    },
    {
      "type": "Feature",
      "geometry": {
        "type": "LineString",
        "coordinates": [
          [
            -5.995514,
            37.3859418
          ],
          [
            -5.9949127,
            37.3861285
          ],
          [
            -5.9947974,
            37.3861502
          ],
          [
            -5.994562,
            37.3861791
          ]
        ]
      },
      "properties": {
        "highway": "living_street",
        "name": "Calle Federico S\u00e1nchez Bedoya",
        "sidewalk:left:width": "1.30",
        "sidewalk:right:width": "1.00",
        "surface": "sett"
      }
    },
    {
      "type": "Feature",
      "geometry": {
        "type": "LineString",
        "coordinates": [
          [
            -5.988742,
            37.3867656
          ],
          [
            -5.9886879,
            37.3867269
          ],
          [
            -5.9886158,
            37.3866647
          ],
          [
            -5.9885432,
            37.3865962
          ],
          [
            -5.9885059,
            37.386565
          ]
        ]
      },
      "properties": {
        "highway": "living_street",
        "name": "Calle Fabiola",
        "oneway": "yes",
        "sidewalk:right:width": "1.20",
        "surface": "cobblestone"
      }
    },
    {
      "type": "Feature",
      "geometry": {
        "type": "LineString",
        "coordinates": [
          [
            -5.9934248,
            37.3873669
          ],
          [
            -5.9934212,
            37.3873573
          ],
          [
            -5.9934003,
            37.3871956
          ],
          [
            -5.9933487,
            37.3867972
          ],
          [
            -5.9933405,
            37.3867388
          ]
        ]
      },
      "properties": {
        "highway": "living_street",
        "name": "Calle Hernando Col\u00f3n",
        "oneway": "yes",
        "sidewalk:both:width": "1.00",
        "surface": "cobblestone"
      }
    },
    {
      "type": "Feature",
      "geometry": {
        "type": "LineString",
        "coordinates": [
          [
            -5.9848538,
            37.3895772
          ],
          [
            -5.9848997,
            37.3896863
          ],
          [
            -5.985205,
            37.3899768
          ]
        ]
      },
      "properties": {
        "highway": "residential",
        "lane_markings": "no",
        "maxweight": "5.5",
        "maxwidth": "3",
        "name": "Calle Muro de los Navarros",
        "oneway": "yes",
        "sidewalk:left:width": "0.80",
        "sidewalk:right:width": "1.50",
        "surface": "asphalt"
      }
    },
    {
      "type": "Feature",
      "geometry": {
        "type": "LineString",
        "coordinates": [
          [
            -5.985205,
            37.3899768
          ],
          [
            -5.9855894,
            37.3903592
          ],
          [
            -5.9856058,
            37.3903866
          ],
          [
            -5.9856155,
            37.3904149
          ],
          [
            -5.985614,
            37.3904348
          ],
          [
            -5.9856099,
            37.3904481
          ],
          [
            -5.9855058,
            37.3905803
          ],
          [
            -5.9854909,
            37.3906212
          ],
          [
            -5.9854832,
            37.3907054
          ]
        ]
      },
      "properties": {
        "highway": "residential",
        "lane_markings": "no",
        "lit": "yes",
        "maxweight": "5.5",
        "maxwidth": "3",
        "name": "Calle Muro de los Navarros",
        "oneway": "yes",
        "sidewalk:both:width": "0.60",
        "surface": "asphalt"
      }
    },
    {
      "type": "Feature",
      "geometry": {
        "type": "LineString",
        "coordinates": [
          [
            -5.9905164,
            37.3916168
          ],
          [
            -5.9906748,
            37.3915997
          ],
          [
            -5.9908431,
            37.3915923
          ],
          [
            -5.9908956,
            37.3915994
          ],
          [
            -5.9909704,
            37.3916343
          ],
          [
            -5.9909975,
            37.391658
          ],
          [
            -5.9910582,
            37.3916887
          ],
          [
            -5.9911099,
            37.3916985
          ]
        ]
      },
      "properties": {
        "highway": "living_street",
        "name": "Calle Ortiz de Z\u00fa\u00f1iga",
        "oneway": "yes",
        "sidewalk:both:width": "0.40",
        "surface": "cobblestone"
      }
    },
    {
      "type": "Feature",
      "geometry": {
        "type": "LineString",
        "coordinates": [
          [
            -5.9927765,
            37.3880904
          ],
          [
            -5.9922436,
            37.3880746
          ]
        ]
      },
      "properties": {
        "highway": "footway",
        "lit": "yes"
      }
    },
    {
      "type": "Feature",
      "geometry": {
        "type": "LineString",
        "coordinates": [
          [
            -5.9921461,
            37.3895955
          ],
          [
            -5.9921804,
            37.3897459
          ],
          [
            -5.992184,
            37.3897557
          ]
        ]
      },
      "properties": {
        "highway": "pedestrian",
        "lit": "no",
        "name": "Calle Capataz Luis Le\u00f3n V\u00e1zquez",
        "surface": "paving_stones"
      }
    },
    {
      "type": "Feature",
      "geometry": {
        "type": "LineString",
        "coordinates": [
          [
            -5.9918844,
            37.3893783
          ],
          [
            -5.9920214,
            37.3894371
          ],
          [
            -5.9921294,
            37.3895124
          ],
          [
            -5.9921461,
            37.3895955
          ]
        ]
      },
      "properties": {
        "highway": "steps",
        "name": "Calle Capataz Luis Le\u00f3n V\u00e1zquez",
        "surface": "paving_stones"
      }
    },
    {
      "type": "Feature",
      "geometry": {
        "type": "LineString",
        "coordinates": [
          [
            -5.9907485,
            37.3892174
          ],
          [
            -5.990375,
            37.3890756
          ]
        ]
      },
      "properties": {
        "highway": "pedestrian",
        "lit": "yes",
        "motor_vehicle": "destination",
        "name": "Calle San Isidoro",
        "name:etymology:wikidata": "Q166876",
        "sidewalk": "both",
        "surface": "sett"
      }
    },
    {
      "type": "Feature",
      "geometry": {
        "type": "LineString",
        "coordinates": [
          [
            -5.9910756,
            37.3892533
          ],
          [
            -5.9911693,
            37.3892046
          ]
        ]
      },
      "properties": {
        "highway": "living_street",
        "lit": "yes",
        "motor_vehicle": "destination",
        "name": "Calle San Isidoro",
        "name:etymology:wikidata": "Q166876",
        "oneway": "yes",
        "surface": "sett"
      }
    },
    {
      "type": "Feature",
      "geometry": {
        "type": "LineString",
        "coordinates": [
          [
            -5.9914269,
            37.3891907
          ],
          [
            -5.9912154,
            37.3892134
          ],
          [
            -5.9911693,
            37.3892046
          ]
        ]
      },
      "properties": {
        "highway": "living_street",
        "lit": "yes",
        "motor_vehicle": "destination",
        "name": "Calle San Isidoro",
        "name:etymology:wikidata": "Q166876",
        "surface": "sett"
      }
    },
    {
      "type": "Feature",
      "geometry": {
        "type": "LineString",
        "coordinates": [
          [
            -5.9910756,
            37.3892533
          ],
          [
            -5.9908591,
            37.3892291
          ],
          [
            -5.9907485,
            37.3892174
          ]
        ]
      },
      "properties": {
        "highway": "living_street",
        "lit": "yes",
        "motor_vehicle": "destination",
        "name": "Calle San Isidoro",
        "name:etymology:wikidata": "Q166876",
        "surface": "sett"
      }
    },
    {
      "type": "Feature",
      "geometry": {
        "type": "LineString",
        "coordinates": [
          [
            -5.9925164,
            37.3866832
          ],
          [
            -5.9925104,
            37.3864248
          ],
          [
            -5.9925035,
            37.3863884
          ],
          [
            -5.9924821,
            37.3863537
          ],
          [
            -5.9924553,
            37.3863244
          ],
          [
            -5.9924178,
            37.3863092
          ]
        ]
      },
      "properties": {
        "highway": "living_street",
        "lit": "yes",
        "maxspeed": "20",
        "name": "Calle Cardenal Carlos Amigo",
        "oneway": "yes",
        "surface": "sett",
        "width": "5"
      }
    },
    {
      "type": "Feature",
      "geometry": {
        "type": "LineString",
        "coordinates": [
          [
            -5.9915966,
            37.3901388
          ],
          [
            -5.9915916,
            37.3902463
          ]
        ]
      },
      "properties": {
        "highway": "footway"
      }
    },
    {
      "type": "Feature",
      "geometry": {
        "type": "LineString",
        "coordinates": [
          [
            -5.9944862,
            37.3906901
          ],
          [
            -5.9948254,
            37.3906646
          ],
          [
            -5.9950239,
            37.3906548
          ],
          [
            -5.9950987,
            37.3906513
          ],
          [
            -5.9952168,
            37.390631
          ]
        ]
      },
      "properties": {
        "highway": "footway",
        "name": "Pasaje del Ateneo",
        "surface": "paving_stones",
        "tunnel": "building_passage"
      }
    },
    {
      "type": "Feature",
      "geometry": {
        "type": "LineString",
        "coordinates": [
          [
            -5.9942751,
            37.3914092
          ],
          [
            -5.9942481,
            37.3912929
          ],
          [
            -5.9941917,
            37.3912962
          ]
        ]
      },
      "properties": {
        "highway": "pedestrian",
        "name": "Callej\u00f3n Almiralte Torralva"
      }
    },
    {
      "type": "Feature",
      "geometry": {
        "type": "LineString",
        "coordinates": [
          [
            -5.9931645,
            37.3911253
          ],
          [
            -5.9931628,
            37.3910877
          ]
        ]
      },
      "properties": {
        "highway": "steps",
        "incline": "up",
        "source": "survey",
        "surface": "paving_stones",
        "tunnel": "building_passage"
      }
    },
    {
      "type": "Feature",
      "geometry": {
        "type": "LineString",
        "coordinates": [
          [
            -5.9931645,
            37.3911253
          ],
          [
            -5.9931665,
            37.3911713
          ],
          [
            -5.9932536,
            37.3911685
          ]
        ]
      },
      "properties": {
        "highway": "footway",
        "surface": "paving_stones"
      }
    },
    {
      "type": "Feature",
      "geometry": {
        "type": "LineString",
        "coordinates": [
          [
            -5.9947435,
            37.3924838
          ],
          [
            -5.9944088,
            37.3925203
          ],
          [
            -5.9939086,
            37.3925487
          ]
        ]
      },
      "properties": {
        "highway": "pedestrian",
        "lit": "yes",
        "name": "Calle Vargas Campos",
        "surface": "sett"
      }
    },
    {
      "type": "Feature",
      "geometry": {
        "type": "LineString",
        "coordinates": [
          [
            -5.9921696,
            37.3851886
          ],
          [
            -5.992109,
            37.3852139
          ],
          [
            -5.9920436,
            37.3851978
          ],
          [
            -5.9920118,
            37.3851496
          ],
          [
            -5.9920321,
            37.3850977
          ],
          [
            -5.9920927,
            37.3850724
          ],
          [
            -5.9921581,
            37.3850886
          ],
          [
            -5.9921899,
            37.3851367
          ],
          [
            -5.9921696,
            37.3851886
          ]
        ]
      },
      "properties": {
        "highway": "footway",
        "lit": "yes",
        "smoothness": "good",
        "surface": "paving_stones"
      }
    },
    {
      "type": "Feature",
      "geometry": {
        "type": "LineString",
        "coordinates": [
          [
            -5.994673,
            37.3852874
          ],
          [
            -5.9946772,
            37.3854036
          ],
          [
            -5.9946799,
            37.3854807
          ],
          [
            -5.9946806,
            37.3854992
          ]
        ]
      },
      "properties": {
        "highway": "footway",
        "image": "https://photos.app.goo.gl/yCsgogndgkfBB4Ad6",
        "mapillary": "137871058319786",
        "surface": "paving_stones",
        "tunnel": "building_passage"
      }
    },
    {
      "type": "Feature",
      "geometry": {
        "type": "LineString",
        "coordinates": [
          [
            -5.9875906,
            37.3852203
          ],
          [
            -5.987618,
            37.3852663
          ],
          [
            -5.9876334,
            37.3852906
          ]
        ]
      },
      "properties": {
        "highway": "steps"
      }
    },
    {
      "type": "Feature",
      "geometry": {
        "type": "LineString",
        "coordinates": [
          [
            -5.9878474,
            37.3850188
          ],
          [
            -5.9878118,
            37.3849636
          ],
          [
            -5.987742,
            37.3849199
          ]
        ]
      },
      "properties": {
        "highway": "footway"
      }
    },
    {
      "type": "Feature",
      "geometry": {
        "type": "LineString",
        "coordinates": [
          [
            -5.9877107,
            37.3851511
          ],
          [
            -5.9876497,
            37.3851689
          ],
          [
            -5.9875906,
            37.3852203
          ]
        ]
      },
      "properties": {
        "highway": "footway"
      }
    },
    {
      "type": "Feature",
      "geometry": {
        "type": "LineString",
        "coordinates": [
          [
            -5.988448,
            37.3852106
          ],
          [
            -5.9884325,
            37.3852617
          ],
          [
            -5.9884052,
            37.3852668
          ],
          [
            -5.9883837,
            37.3852645
          ],
          [
            -5.9883601,
            37.3852542
          ],
          [
            -5.9883406,
            37.385236
          ],
          [
            -5.9883355,
            37.3852155
          ],
          [
            -5.9883354,
            37.3852005
          ],
          [
            -5.988347,
            37.3851812
          ],
          [
            -5.9883723,
            37.3851635
          ],
          [
            -5.9884333,
            37.3851832
          ]
        ]
      },
      "properties": {
        "highway": "footway",
        "lit": "no",
        "source": "ide.Sevilla"
      }
    },
    {
      "type": "Feature",
      "geometry": {
        "type": "LineString",
        "coordinates": [
          [
            -5.9884614,
            37.3851723
          ],
          [
            -5.9884803,
            37.3851226
          ],
          [
            -5.988509,
            37.3851185
          ],
          [
            -5.9885333,
            37.3851202
          ],
          [
            -5.988554,
            37.3851309
          ],
          [
            -5.9885693,
            37.3851478
          ],
          [
            -5.9885771,
            37.3851696
          ],
          [
            -5.9885777,
            37.3851855
          ],
          [
            -5.9885648,
            37.3852039
          ],
          [
            -5.9885412,
            37.3852209
          ],
          [
            -5.9884783,
            37.3852008
          ]
        ]
      },
      "properties": {
        "highway": "footway",
        "lit": "no",
        "source": "ide.Sevilla"
      }
    },
    {
      "type": "Feature",
      "geometry": {
        "type": "LineString",
        "coordinates": [
          [
            -5.9884784,
            37.3851829
          ],
          [
            -5.9884714,
            37.3851761
          ],
          [
            -5.9884614,
            37.3851723
          ],
          [
            -5.9884503,
            37.3851724
          ],
          [
            -5.9884403,
            37.3851762
          ],
          [
            -5.9884333,
            37.3851832
          ],
          [
            -5.9884309,
            37.3851917
          ],
          [
            -5.9884333,
            37.3852003
          ],
          [
            -5.9884393,
            37.3852066
          ],
          [
            -5.988448,
            37.3852106
          ],
          [
            -5.9884597,
            37.3852114
          ],
          [
            -5.9884706,
            37.3852079
          ],
          [
            -5.9884783,
            37.3852008
          ],
          [
            -5.988481,
            37.3851919
          ],
          [
            -5.9884784,
            37.3851829
          ]
        ]
      },
      "properties": {
        "highway": "footway",
        "lit": "yes",
        "source": "ide.Sevilla",
        "surface": "paving_stones"
      }
    },
    {
      "type": "Feature",
      "geometry": {
        "type": "LineString",
        "coordinates": [
          [
            -5.9883723,
            37.3851635
          ],
          [
            -5.9883587,
            37.3851409
          ],
          [
            -5.9883511,
            37.3851271
          ]
        ]
      },
      "properties": {
        "access": "yes",
        "handrail": "no",
        "highway": "steps",
        "incline": "down",
        "lit": "no",
        "ramp": "no",
        "source": "ide.Sevilla",
        "step_count": "4",
        "surface": "paving_stones"
      }
    },
    {
      "type": "Feature",
      "geometry": {
        "type": "LineString",
        "coordinates": [
          [
            -5.9884325,
            37.3852617
          ],
          [
            -5.9884456,
            37.3852829
          ],
          [
            -5.9884513,
            37.3852926
          ]
        ]
      },
      "properties": {
        "highway": "footway",
        "lit": "no",
        "source": "ide.Sevilla",
        "surface": "paving_stones",
        "wheelchair": "no"
      }
    },
    {
      "type": "Feature",
      "geometry": {
        "type": "LineString",
        "coordinates": [
          [
            -5.9885333,
            37.3851202
          ],
          [
            -5.988542,
            37.3850978
          ],
          [
            -5.9885496,
            37.3850771
          ]
        ]
      },
      "properties": {
        "handrail": "no",
        "highway": "steps",
        "incline": "down",
        "lit": "no",
        "source": "ide.Sevilla"
      }
    },
    {
      "type": "Feature",
      "geometry": {
        "type": "LineString",
        "coordinates": [
          [
            -5.9885777,
            37.3851855
          ],
          [
            -5.9886051,
            37.3851906
          ],
          [
            -5.9886318,
            37.385194
          ]
        ]
      },
      "properties": {
        "highway": "footway",
        "lit": "no",
        "source": "ide.Sevilla",
        "wheelchair": "yes"
      }
    },
    {
      "type": "Feature",
      "geometry": {
        "type": "LineString",
        "coordinates": [
          [
            -5.9885412,
            37.3852209
          ],
          [
            -5.9885534,
            37.3852405
          ],
          [
            -5.9885617,
            37.3852544
          ]
        ]
      },
      "properties": {
        "highway": "footway",
        "lit": "no",
        "source": "ide.Sevilla",
        "surface": "paving_stones"
      }
    },
    {
      "type": "Feature",
      "geometry": {
        "type": "LineString",
        "coordinates": [
          [
            -5.9883354,
            37.3852005
          ],
          [
            -5.9883175,
            37.3851967
          ],
          [
            -5.9883079,
            37.3851947
          ],
          [
            -5.988279,
            37.3851892
          ]
        ]
      },
      "properties": {
        "access": "yes",
        "handrail": "no",
        "highway": "steps",
        "incline": "down",
        "lit": "no",
        "source": "ide.Sevilla",
        "step_count": "4"
      }
    },
    {
      "type": "Feature",
      "geometry": {
        "type": "LineString",
        "coordinates": [
          [
            -5.9884803,
            37.3851226
          ],
          [
            -5.9884666,
            37.3850995
          ],
          [
            -5.988459,
            37.3850847
          ]
        ]
      },
      "properties": {
        "handrail": "no",
        "highway": "steps",
        "incline": "down",
        "lit": "no",
        "source": "ide.Sevilla"
      }
    },
    {
      "type": "Feature",
      "geometry": {
        "type": "LineString",
        "coordinates": [
          [
            -5.9883837,
            37.3852645
          ],
          [
            -5.9883729,
            37.3852876
          ],
          [
            -5.9883668,
            37.3853019
          ]
        ]
      },
      "properties": {
        "access": "yes",
        "handrail": "no",
        "highway": "steps",
        "incline": "down",
        "lit": "no",
        "source": "ide.Sevilla",
        "step_count": "2",
        "tactile_paving": "no"
      }
    },
    {
      "type": "Feature",
      "geometry": {
        "type": "LineString",
        "coordinates": [
          [
            -5.9884333,
            37.3852003
          ],
          [
            -5.9883406,
            37.385236
          ]
        ]
      },
      "properties": {
        "highway": "footway",
        "lit": "no",
        "source": "ide.Sevilla"
      }
    },
    {
      "type": "Feature",
      "geometry": {
        "type": "LineString",
        "coordinates": [
          [
            -5.9885693,
            37.3851478
          ],
          [
            -5.9885963,
            37.3851371
          ],
          [
            -5.9886095,
            37.3851322
          ]
        ]
      },
      "properties": {
        "handrail": "no",
        "highway": "steps",
        "incline": "down",
        "lit": "no",
        "source": "ide.Sevilla"
      }
    },
    {
      "type": "Feature",
      "geometry": {
        "type": "LineString",
        "coordinates": [
          [
            -5.9948649,
            37.3867318
          ],
          [
            -5.9948509,
            37.3867365
          ],
          [
            -5.994837,
            37.3867411
          ],
          [
            -5.9947597,
            37.3867421
          ],
          [
            -5.9947258,
            37.3867362
          ],
          [
            -5.9946919,
            37.3867303
          ],
          [
            -5.9946954,
            37.3866794
          ],
          [
            -5.9947061,
            37.3865875
          ],
          [
            -5.9947018,
            37.3865789
          ],
          [
            -5.9946926,
            37.3865743
          ],
          [
            -5.9947394,
            37.3865641
          ],
          [
            -5.9947862,
            37.3865539
          ],
          [
            -5.9947764,
            37.3865748
          ],
          [
            -5.9947882,
            37.3866086
          ],
          [
            -5.9948373,
            37.3867088
          ],
          [
            -5.9948649,
            37.3867318
          ]
        ]
      },
      "properties": {
        "area": "yes",
        "highway": "pedestrian",
        "name": "Calle Jimios",
        "source": "ide.Sevilla",
        "surface": "paving_stones"
      }
    },
    {
      "type": "Feature",
      "geometry": {
        "type": "LineString",
        "coordinates": [
          [
            -5.9948509,
            37.3867365
          ],
          [
            -5.9949101,
            37.3868472
          ],
          [
            -5.9950004,
            37.3870002
          ]
        ]
      },
      "properties": {
        "highway": "living_street",
        "name": "Calle Jimios",
        "oneway": "yes",
        "sidewalk": "both",
        "smoothness": "excellent",
        "surface": "paving_stones"
      }
    },
    {
      "type": "Feature",
      "geometry": {
        "type": "LineString",
        "coordinates": [
          [
            -5.9947286,
            37.3865292
          ],
          [
            -5.9947394,
            37.3865641
          ],
          [
            -5.9947673,
            37.3866599
          ],
          [
            -5.9948509,
            37.3867365
          ]
        ]
      },
      "properties": {
        "highway": "living_street",
        "name": "Calle Jimios",
        "oneway": "yes",
        "surface": "paving_stones"
      }
    },
    {
      "type": "Feature",
      "geometry": {
        "type": "LineString",
        "coordinates": [
          [
            -5.9925669,
            37.3892286
          ],
          [
            -5.9928387,
            37.3892357
          ]
        ]
      },
      "properties": {
        "highway": "footway",
        "lit": "yes",
        "surface": "paving_stones"
      }
    },
    {
      "type": "Feature",
      "geometry": {
        "type": "LineString",
        "coordinates": [
          [
            -5.9940566,
            37.390654
          ],
          [
            -5.9940211,
            37.3907223
          ]
        ]
      },
      "properties": {
        "access": "private",
        "highway": "pedestrian",
        "name": "Calle Moreno L\u00f3pez",
        "surface": "paving_stones"
      }
    },
    {
      "type": "Feature",
      "geometry": {
        "type": "LineString",
        "coordinates": [
          [
            -5.9950162,
            37.3852243
          ],
          [
            -5.9949258,
            37.3852413
          ]
        ]
      },
      "properties": {
        "highway": "residential",
        "maxheight:signed": "no",
        "name": "Calle Almirantazgo",
        "oneway": "yes",
        "sidewalk": "no",
        "surface": "asphalt",
        "tunnel": "building_passage"
      }
    },
    {
      "type": "Feature",
      "geometry": {
        "type": "LineString",
        "coordinates": [
          [
            -5.9949322,
            37.3852562
          ],
          [
            -5.9949092,
            37.3852625
          ],
          [
            -5.9948689,
            37.3852679
          ],
          [
            -5.9948186,
            37.3852663
          ],
          [
            -5.9947667,
            37.3852538
          ],
          [
            -5.9947593,
            37.3852699
          ],
          [
            -5.9946327,
            37.3852129
          ],
          [
            -5.9946451,
            37.3851976
          ],
          [
            -5.9946163,
            37.3851631
          ],
          [
            -5.9945962,
            37.3851103
          ],
          [
            -5.9945859,
            37.38506
          ],
          [
            -5.9945648,
            37.3849572
          ],
          [
            -5.9945548,
            37.3849582
          ],
          [
            -5.9945484,
            37.3849593
          ],
          [
            -5.9945482,
            37.38498
          ],
          [
            -5.9945393,
            37.3849971
          ],
          [
            -5.994525,
            37.3850094
          ],
          [
            -5.9945057,
            37.3850175
          ],
          [
            -5.9945067,
            37.3850228
          ],
          [
            -5.9941078,
            37.3851117
          ],
          [
            -5.9941068,
            37.3851062
          ],
          [
            -5.9940793,
            37.3851077
          ],
          [
            -5.9940549,
            37.3850996
          ],
          [
            -5.9940401,
            37.3850876
          ],
          [
            -5.9940303,
            37.3850662
          ],
          [
            -5.9940224,
            37.3850662
          ],
          [
            -5.9940446,
            37.3851758
          ],
          [
            -5.9940585,
            37.3852448
          ],
          [
            -5.9943615,
            37.3851757
          ],
          [
            -5.9943986,
            37.3851688
          ],
          [
            -5.9944283,
            37.3852081
          ],
          [
            -5.9945218,
            37.3852118
          ],
          [
            -5.994589,
            37.3852125
          ],
          [
            -5.99462,
            37.3852897
          ],
          [
            -5.994673,
            37.3852874
          ],
          [
            -5.9947376,
            37.3852846
          ],
          [
            -5.994907,
            37.3852773
          ],
          [
            -5.9949089,
            37.3852717
          ],
          [
            -5.9949354,
            37.3852636
          ],
          [
            -5.9949322,
            37.3852562
          ]
        ]
      },
      "properties": {
        "area": "yes",
        "highway": "pedestrian",
        "lit": "yes",
        "surface": "sett"
      }
    },
    {
      "type": "Feature",
      "geometry": {
        "type": "LineString",
        "coordinates": [
          [
            -5.9950279,
            37.385517
          ],
          [
            -5.9948904,
            37.3855603
          ],
          [
            -5.994875,
            37.3855651
          ]
        ]
      },
      "properties": {
        "highway": "footway",
        "surface": "paving_stones",
        "tunnel": "building_passage"
      }
    },
    {
      "type": "Feature",
      "geometry": {
        "type": "LineString",
        "coordinates": [
          [
            -5.9883406,
            37.385236
          ],
          [
            -5.9883139,
            37.3852457
          ],
          [
            -5.9882991,
            37.3852509
          ]
        ]
      },
      "properties": {
        "access": "yes",
        "handrail": "no",
        "highway": "steps",
        "incline": "down",
        "lit": "no",
        "source": "ide.Sevilla",
        "step_count": "3"
      }
    },
    {
      "type": "Feature",
      "geometry": {
        "type": "LineString",
        "coordinates": [
          [
            -5.9885693,
            37.3851478
          ],
          [
            -5.9884784,
            37.3851829
          ]
        ]
      },
      "properties": {
        "highway": "footway",
        "lit": "no",
        "source": "ide.Sevilla"
      }
    },
    {
      "type": "Feature",
      "geometry": {
        "type": "LineString",
        "coordinates": [
          [
            -5.9880529,
            37.3859047
          ],
          [
            -5.9880684,
            37.3859408
          ],
          [
            -5.9880808,
            37.3859698
          ],
          [
            -5.9881078,
            37.3860508
          ],
          [
            -5.9881485,
            37.3861017
          ],
          [
            -5.9881421,
            37.3861077
          ],
          [
            -5.9881334,
            37.3861149
          ],
          [
            -5.9881199,
            37.386126
          ],
          [
            -5.9881092,
            37.3861191
          ],
          [
            -5.9880993,
            37.3861127
          ],
          [
            -5.9879582,
            37.3860219
          ],
          [
            -5.98788,
            37.3859715
          ],
          [
            -5.9880529,
            37.3859047
          ]
        ]
      },
      "properties": {
        "area": "yes",
        "highway": "pedestrian",
        "name": "Calle Cruces",
        "surface": "paving_stones"
      }
    },
    {
      "type": "Feature",
      "geometry": {
        "type": "LineString",
        "coordinates": [
          [
            -5.98788,
            37.3859715
          ],
          [
            -5.9878484,
            37.3859856
          ],
          [
            -5.9878389,
            37.3859764
          ],
          [
            -5.9878293,
            37.3859672
          ],
          [
            -5.9878613,
            37.3859528
          ],
          [
            -5.9878763,
            37.385946
          ],
          [
            -5.9879656,
            37.3859014
          ],
          [
            -5.9879847,
            37.3859222
          ],
          [
            -5.9880429,
            37.3858813
          ],
          [
            -5.9880479,
            37.385893
          ],
          [
            -5.9880529,
            37.3859047
          ],
          [
            -5.98788,
            37.3859715
          ]
        ]
      },
      "properties": {
        "area": "yes",
        "highway": "pedestrian",
        "name": "Calle Doncellas",
        "surface": "paving_stones"
      }
    },
    {
      "type": "Feature",
      "geometry": {
        "type": "LineString",
        "coordinates": [
          [
            -5.9880479,
            37.385893
          ],
          [
            -5.9880881,
            37.3858716
          ],
          [
            -5.9882768,
            37.3858099
          ]
        ]
      },
      "properties": {
        "highway": "pedestrian",
        "name": "Calle Doncellas",
        "surface": "paving_stones"
      }
    },
    {
      "type": "Feature",
      "geometry": {
        "type": "LineString",
        "coordinates": [
          [
            -5.9872648,
            37.3854523
          ],
          [
            -5.9871573,
            37.3855096
          ],
          [
            -5.9870994,
            37.3855638
          ],
          [
            -5.9869927,
            37.385698
          ],
          [
            -5.9867896,
            37.3859181
          ]
        ]
      },
      "properties": {
        "highway": "pedestrian",
        "name": "Calle Cano y Cueto"
      }
    },
    {
      "type": "Feature",
      "geometry": {
        "type": "LineString",
        "coordinates": [
          [
            -5.9939821,
            37.3928336
          ],
          [
            -5.9939846,
            37.3928658
          ],
          [
            -5.9939898,
            37.3929347
          ],
          [
            -5.9939986,
            37.3929344
          ],
          [
            -5.9940002,
            37.3929657
          ],
          [
            -5.9939321,
            37.3929691
          ],
          [
            -5.9939315,
            37.392962
          ],
          [
            -5.9938447,
            37.3929663
          ],
          [
            -5.9938453,
            37.3929747
          ],
          [
            -5.9937645,
            37.3929786
          ],
          [
            -5.9937185,
            37.3929809
          ],
          [
            -5.9937177,
            37.3928747
          ],
          [
            -5.9937245,
            37.3928597
          ],
          [
            -5.9937345,
            37.3928505
          ],
          [
            -5.9937458,
            37.392846
          ],
          [
            -5.9939821,
            37.3928336
          ]
        ]
      },
      "properties": {
        "area": "yes",
        "highway": "pedestrian",
        "lit": "yes",
        "name": "Plaza Villas\u00eds",
        "source": "ide.Sevilla",
        "surface": "paving_stones",
        "wikidata": "Q6080141"
      }
    },
    {
      "type": "Feature",
      "geometry": {
        "type": "LineString",
        "coordinates": [
          [
            -5.9942422,
            37.393368
          ],
          [
            -5.9942095,
            37.3929638
          ]
        ]
      },
      "properties": {
        "highway": "pedestrian",
        "name": "Pasaje Francisco Molina",
        "wheelchair": "yes"
      }
    },
    {
      "type": "Feature",
      "geometry": {
        "type": "LineString",
        "coordinates": [
          [
            -5.994497,
            37.3918427
          ],
          [
            -5.9945115,
            37.3919311
          ],
          [
            -5.9945201,
            37.3920162
          ],
          [
            -5.9945216,
            37.3920295
          ]
        ]
      },
      "properties": {
        "access": "private",
        "highway": "pedestrian",
        "name": "Calle Azofaifo",
        "surface": "paving_stones"
      }
    },
    {
      "type": "Feature",
      "geometry": {
        "type": "LineString",
        "coordinates": [
          [
            -5.9902278,
            37.3924994
          ],
          [
            -5.9900837,
            37.3924173
          ],
          [
            -5.990024,
            37.3923832
          ],
          [
            -5.9898438,
            37.3923213
          ]
        ]
      },
      "properties": {
        "highway": "residential",
        "lanes": "1",
        "name": "Plaza de San Pedro",
        "oneway": "yes",
        "surface": "asphalt"
      }
    },
    {
      "type": "Feature",
      "geometry": {
        "type": "LineString",
        "coordinates": [
          [
            -5.9905164,
            37.3916168
          ],
          [
            -5.9905209,
            37.3916504
          ],
          [
            -5.9904902,
            37.391723
          ]
        ]
      },
      "properties": {
        "highway": "pedestrian"
      }
    },
    {
      "type": "Feature",
      "geometry": {
        "type": "LineString",
        "coordinates": [
          [
            -5.991369,
            37.3928266
          ],
          [
            -5.9911997,
            37.3928031
          ],
          [
            -5.9909926,
            37.3927754
          ],
          [
            -5.9907949,
            37.3927492
          ],
          [
            -5.9905545,
            37.392713
          ],
          [
            -5.9903804,
            37.3926697
          ],
          [
            -5.9903295,
            37.3926566
          ]
        ]
      },
      "properties": {
        "colonnade:right": "open",
        "covered": "colonnade",
        "highway": "footway",
        "lit": "yes",
        "surface": "paving_stones"
      }
    },
    {
      "type": "Feature",
      "geometry": {
        "type": "LineString",
        "coordinates": [
          [
            -5.9949922,
            37.3909366
          ],
          [
            -5.9950222,
            37.3906701
          ],
          [
            -5.9950239,
            37.3906548
          ]
        ]
      },
      "properties": {
        "highway": "footway",
        "name": "Pasaje del Ateneo",
        "surface": "paving_stones",
        "tunnel": "building_passage"
      }
    },
    {
      "type": "Feature",
      "geometry": {
        "type": "LineString",
        "coordinates": [
          [
            -5.9948254,
            37.3906646
          ],
          [
            -5.9948232,
            37.3907288
          ]
        ]
      },
      "properties": {
        "highway": "footway",
        "surface": "paving_stones",
        "tunnel": "building_passage"
      }
    },
    {
      "type": "Feature",
      "geometry": {
        "type": "LineString",
        "coordinates": [
          [
            -5.9856553,
            37.3919353
          ],
          [
            -5.9856202,
            37.3921517
          ]
        ]
      },
      "properties": {
        "highway": "pedestrian",
        "name": "Calle Cenicero",
        "source": "ide.Sevilla"
      }
    },
    {
      "type": "Feature",
      "geometry": {
        "type": "LineString",
        "coordinates": [
          [
            -5.9849486,
            37.3928665
          ],
          [
            -5.9850162,
            37.3928272
          ],
          [
            -5.9851485,
            37.3927503
          ],
          [
            -5.9853397,
            37.3925972
          ],
          [
            -5.9856153,
            37.3924037
          ]
        ]
      },
      "properties": {
        "highway": "pedestrian",
        "name": "Calle Leoncillos",
        "surface": "paving_stones"
      }
    },
    {
      "type": "Feature",
      "geometry": {
        "type": "LineString",
        "coordinates": [
          [
            -5.9863385,
            37.3906021
          ],
          [
            -5.9861022,
            37.3907919
          ]
        ]
      },
      "properties": {
        "highway": "living_street",
        "name": "Calle Caleria",
        "sidewalk": "both",
        "surface": "sett"
      }
    },
    {
      "type": "Feature",
      "geometry": {
        "type": "LineString",
        "coordinates": [
          [
            -5.9887978,
            37.391501
          ],
          [
            -5.9888263,
            37.391228
          ]
        ]
      },
      "properties": {
        "cycleway:both": "no",
        "highway": "residential",
        "lane_markings": "no",
        "name": "Calle Alh\u00f3ndiga",
        "name:etymology:wikidata": "Q17455727",
        "oneway": "yes",
        "sidewalk": "both",
        "source": "ide.Sevilla",
        "surface": "asphalt"
      }
    },
    {
      "type": "Feature",
      "geometry": {
        "type": "LineString",
        "coordinates": [
          [
            -5.988025,
            37.3929372
          ],
          [
            -5.9880629,
            37.3929328
          ],
          [
            -5.9881011,
            37.3929283
          ],
          [
            -5.9881453,
            37.3929231
          ],
          [
            -5.98851,
            37.3928804
          ]
        ]
      },
      "properties": {
        "check_date:surface": "2024-06-30",
        "highway": "living_street",
        "lit": "yes",
        "motor_vehicle": "destination",
        "name": "Calle Juan de Mesa",
        "oneway": "no",
        "psv": "yes",
        "sidewalk": "both",
        "surface": "asphalt"
      }
    },
    {
      "type": "Feature",
      "geometry": {
        "type": "LineString",
        "coordinates": [
          [
            -5.9896362,
            37.3914677
          ],
          [
            -5.9895951,
            37.3919892
          ],
          [
            -5.9895608,
            37.3924227
          ],
          [
            -5.9895584,
            37.3924538
          ],
          [
            -5.9895526,
            37.3925271
          ]
        ]
      },
      "properties": {
        "highway": "living_street",
        "lit": "yes",
        "name": "Plaza del Cristo de Burgos",
        "name:etymology:wikidata": "Q98498500",
        "old_name": "Plaza Arg\u00fcelles",
        "oneway": "yes",
        "sidewalk": "both",
        "surface": "asphalt"
      }
    },
    {
      "type": "Feature",
      "geometry": {
        "type": "LineString",
        "coordinates": [
          [
            -5.993344,
            37.3940863
          ],
          [
            -5.9931881,
            37.3941115
          ]
        ]
      },
      "properties": {
        "highway": "pedestrian",
        "indoor": "yes",
        "name": "Pasaje de los Azahares",
        "source": "ide.Sevilla",
        "source:date": "2011",
        "surface": "paving_stones",
        "tunnel": "building_passage"
      }
    },
    {
      "type": "Feature",
      "geometry": {
        "type": "LineString",
        "coordinates": [
          [
            -5.9933275,
            37.3938229
          ],
          [
            -5.9933892,
            37.394079
          ],
          [
            -5.993344,
            37.3940863
          ]
        ]
      },
      "properties": {
        "highway": "pedestrian",
        "indoor": "yes",
        "name": "Pasaje de los Azahares",
        "source": "ide.Sevilla",
        "source:date": "2011",
        "surface": "paving_stones"
      }
    },
    {
      "type": "Feature",
      "geometry": {
        "type": "LineString",
        "coordinates": [
          [
            -5.9927081,
            37.3904206
          ],
          [
            -5.9927058,
            37.3904009
          ]
        ]
      },
      "properties": {
        "highway": "footway",
        "name": "Calle C\u00f3rdoba"
      }
    },
    {
      "type": "Feature",
      "geometry": {
        "type": "LineString",
        "coordinates": [
          [
            -5.9927058,
            37.3904009
          ],
          [
            -5.9926962,
            37.3903156
          ]
        ]
      },
      "properties": {
        "highway": "footway",
        "tunnel": "building_passage"
      }
    },
    {
      "type": "Feature",
      "geometry": {
        "type": "LineString",
        "coordinates": [
          [
            -5.9940444,
            37.3891629
          ],
          [
            -5.9940642,
            37.3891399
          ]
        ]
      },
      "properties": {
        "highway": "living_street",
        "lit": "yes",
        "maxspeed": "20",
        "name": "Plaza de San Francisco",
        "oneway": "yes",
        "sidewalk": "both",
        "source:maxspeed": "sign",
        "surface": "sett"
      }
    },
    {
      "type": "Feature",
      "geometry": {
        "type": "LineString",
        "coordinates": [
          [
            -5.9850258,
            37.3852771
          ],
          [
            -5.9849342,
            37.3852349
          ],
          [
            -5.9849444,
            37.3852204
          ]
        ]
      },
      "properties": {
        "access": "yes",
        "highway": "steps",
        "incline": "up"
      }
    },
    {
      "type": "Feature",
      "geometry": {
        "type": "LineString",
        "coordinates": [
          [
            -5.985113,
            37.3851495
          ],
          [
            -5.9850297,
            37.3851133
          ],
          [
            -5.9850185,
            37.3851287
          ]
        ]
      },
      "properties": {
        "access": "yes",
        "highway": "steps",
        "incline": "up"
      }
    },
    {
      "type": "Feature",
      "geometry": {
        "type": "LineString",
        "coordinates": [
          [
            -5.9845913,
            37.3850009
          ],
          [
            -5.9855297,
            37.3854169
          ]
        ]
      },
      "properties": {
        "bridge": "yes",
        "highway": "primary",
        "incline": "down",
        "lanes": "4",
        "lanes:backward": "1",
        "lanes:forward": "3",
        "layer": "4",
        "name": "Calle Demetrio de los R\u00edos"
      }
    },
    {
      "type": "Feature",
      "geometry": {
        "type": "LineString",
        "coordinates": [
          [
            -5.9863037,
            37.38525
          ],
          [
            -5.9863232,
            37.3852172
          ]
        ]
      },
      "properties": {
        "highway": "primary",
        "lanes": "5",
        "maxspeed": "50",
        "name": "Avenida de Men\u00e9ndez Pelayo",
        "sidewalk": "both",
        "surface": "asphalt",
        "website": "https://sevillapedia.wikanda.es/wiki/Avenida_de_Men%C3%A9ndez_Pelayo_%28Sevilla%29"
      }
    },
    {
      "type": "Feature",
      "geometry": {
        "type": "LineString",
        "coordinates": [
          [
            -5.9859112,
            37.3859569
          ],
          [
            -5.9859774,
            37.385829
          ],
          [
            -5.9860018,
            37.3857819
          ]
        ]
      },
      "properties": {
        "highway": "primary",
        "lanes": "4",
        "maxspeed": "50",
        "name": "Avenida de Men\u00e9ndez Pelayo",
        "sidewalk": "both",
        "surface": "asphalt",
        "website": "https://sevillapedia.wikanda.es/wiki/Avenida_de_Men%C3%A9ndez_Pelayo_%28Sevilla%29"
      }
    },
    {
      "type": "Feature",
      "geometry": {
        "type": "LineString",
        "coordinates": [
          [
            -5.9855616,
            37.3865843
          ],
          [
            -5.9856318,
            37.3864594
          ],
          [
            -5.9856527,
            37.3864222
          ],
          [
            -5.9857296,
            37.3862854
          ],
          [
            -5.9858667,
            37.3860415
          ],
          [
            -5.9859112,
            37.3859569
          ]
        ]
      },
      "properties": {
        "highway": "primary",
        "lanes": "4",
        "maxspeed": "50",
        "name": "Avenida de Men\u00e9ndez Pelayo",
        "sidewalk": "both",
        "surface": "asphalt",
        "website": "https://sevillapedia.wikanda.es/wiki/Avenida_de_Men%C3%A9ndez_Pelayo_%28Sevilla%29"
      }
    },
    {
      "type": "Feature",
      "geometry": {
        "type": "LineString",
        "coordinates": [
          [
            -5.9876552,
            37.385276
          ],
          [
            -5.9877106,
            37.3852371
          ],
          [
            -5.9877094,
            37.3852085
          ]
        ]
      },
      "properties": {
        "footway": "sidewalk",
        "highway": "footway",
        "surface": "paved"
      }
    },
    {
      "type": "Feature",
      "geometry": {
        "type": "LineString",
        "coordinates": [
          [
            -5.9918496,
            37.3930821
          ],
          [
            -5.9918316,
            37.3930719
          ],
          [
            -5.991787,
            37.3930467
          ],
          [
            -5.9917566,
            37.3930252
          ],
          [
            -5.9917287,
            37.3930011
          ],
          [
            -5.9917144,
            37.3929841
          ],
          [
            -5.9916948,
            37.3929473
          ],
          [
            -5.9916904,
            37.3929352
          ],
          [
            -5.991688,
            37.3929284
          ],
          [
            -5.9916801,
            37.3929029
          ],
          [
            -5.9916701,
            37.3928872
          ],
          [
            -5.9916553,
            37.3928751
          ]
        ]
      },
      "properties": {
        "highway": "footway",
        "image": "https://images.mapillary.com/k9M_pr00mdouti9zUHTWAw/thumb-2048.jpg",
        "layer": "6",
        "lit": "yes",
        "mapillary": "755826158460407"
      }
    },
    {
      "type": "Feature",
      "geometry": {
        "type": "LineString",
        "coordinates": [
          [
            -5.9916777,
            37.392937
          ],
          [
            -5.9916292,
            37.3929479
          ]
        ]
      },
      "properties": {
        "highway": "steps",
        "image": "https://images.mapillary.com/Qm_OBj0TkZa_DAzzagWmHQ/thumb-2048.jpg",
        "layer": "6",
        "lit": "yes",
        "mapillary": "506007650426279"
      }
    },
    {
      "type": "Feature",
      "geometry": {
        "type": "LineString",
        "coordinates": [
          [
            -5.9916796,
            37.3929426
          ],
          [
            -5.9916316,
            37.3929534
          ],
          [
            -5.9916292,
            37.3929479
          ],
          [
            -5.9916273,
            37.3929425
          ],
          [
            -5.9916757,
            37.3929312
          ],
          [
            -5.9916777,
            37.392937
          ],
          [
            -5.9916796,
            37.3929426
          ]
        ]
      },
      "properties": {
        "area": "yes",
        "highway": "steps",
        "image": "https://images.mapillary.com/Qm_OBj0TkZa_DAzzagWmHQ/thumb-2048.jpg",
        "layer": "6",
        "lit": "yes",
        "mapillary": "506007650426279"
      }
    },
    {
      "type": "Feature",
      "geometry": {
        "type": "LineString",
        "coordinates": [
          [
            -5.9916292,
            37.3929479
          ],
          [
            -5.9916193,
            37.3929511
          ],
          [
            -5.9916117,
            37.3929543
          ],
          [
            -5.9915991,
            37.3929611
          ]
        ]
      },
      "properties": {
        "highway": "footway",
        "layer": "6",
        "lit": "yes"
      }
    },
    {
      "type": "Feature",
      "geometry": {
        "type": "LineString",
        "coordinates": [
          [
            -5.9916316,
            37.3929534
          ],
          [
            -5.9916216,
            37.3929575
          ],
          [
            -5.9916164,
            37.3929603
          ],
          [
            -5.9916107,
            37.3929637
          ],
          [
            -5.9916101,
            37.3929642
          ],
          [
            -5.991606,
            37.3929675
          ],
          [
            -5.9915991,
            37.3929611
          ],
          [
            -5.9915941,
            37.3929577
          ],
          [
            -5.9916022,
            37.3929526
          ],
          [
            -5.991611,
            37.3929486
          ],
          [
            -5.9916188,
            37.3929456
          ],
          [
            -5.9916273,
            37.3929425
          ],
          [
            -5.9916292,
            37.3929479
          ],
          [
            -5.9916316,
            37.3929534
          ]
        ]
      },
      "properties": {
        "area": "yes",
        "highway": "footway",
        "layer": "6",
        "lit": "yes"
      }
    },
    {
      "type": "Feature",
      "geometry": {
        "type": "LineString",
        "coordinates": [
          [
            -5.9915991,
            37.3929611
          ],
          [
            -5.9915806,
            37.392975
          ]
        ]
      },
      "properties": {
        "highway": "steps",
        "layer": "6",
        "lit": "yes"
      }
    },
    {
      "type": "Feature",
      "geometry": {
        "type": "LineString",
        "coordinates": [
          [
            -5.991606,
            37.3929675
          ],
          [
            -5.991591,
            37.3929816
          ],
          [
            -5.9915806,
            37.392975
          ],
          [
            -5.9915737,
            37.3929709
          ],
          [
            -5.9915941,
            37.3929577
          ],
          [
            -5.9915991,
            37.3929611
          ],
          [
            -5.991606,
            37.3929675
          ]
        ]
      },
      "properties": {
        "area": "yes",
        "highway": "steps",
        "layer": "6",
        "lit": "yes"
      }
    },
    {
      "type": "Feature",
      "geometry": {
        "type": "LineString",
        "coordinates": [
          [
            -5.9921157,
            37.3936155
          ],
          [
            -5.992105,
            37.3936105
          ],
          [
            -5.9920909,
            37.3936041
          ],
          [
            -5.9920805,
            37.393598
          ],
          [
            -5.9920734,
            37.3935917
          ],
          [
            -5.9920669,
            37.3935834
          ],
          [
            -5.9920652,
            37.3935761
          ],
          [
            -5.9920627,
            37.3935617
          ],
          [
            -5.9920647,
            37.3935492
          ],
          [
            -5.9920675,
            37.3935339
          ],
          [
            -5.9920675,
            37.3935297
          ],
          [
            -5.9920613,
            37.3935277
          ],
          [
            -5.9920537,
            37.3935268
          ],
          [
            -5.9920559,
            37.3935167
          ],
          [
            -5.9920711,
            37.3935151
          ],
          [
            -5.9920788,
            37.3935171
          ],
          [
            -5.992081,
            37.3935198
          ],
          [
            -5.9920836,
            37.393527
          ],
          [
            -5.9920816,
            37.3935407
          ],
          [
            -5.9920805,
            37.3935539
          ],
          [
            -5.9920796,
            37.3935642
          ],
          [
            -5.9920802,
            37.3935745
          ],
          [
            -5.9920813,
            37.3935794
          ],
          [
            -5.9920858,
            37.3935852
          ],
          [
            -5.9920951,
            37.3935908
          ],
          [
            -5.9921146,
            37.3936002
          ],
          [
            -5.9921248,
            37.3936052
          ],
          [
            -5.9921205,
            37.3936109
          ],
          [
            -5.9921157,
            37.3936155
          ]
        ]
      },
      "properties": {
        "area": "yes",
        "handrail": "yes",
        "highway": "steps",
        "layer": "6",
        "lit": "yes",
        "ramp": "no",
        "surface": "paving_stones"
      }
    },
    {
      "type": "Feature",
      "geometry": {
        "type": "LineString",
        "coordinates": [
          [
            -5.9921205,
            37.3936109
          ],
          [
            -5.9921135,
            37.3936077
          ],
          [
            -5.9921047,
            37.3936033
          ],
          [
            -5.9920975,
            37.3935999
          ],
          [
            -5.9920924,
            37.3935971
          ],
          [
            -5.9920856,
            37.393593
          ],
          [
            -5.99208,
            37.3935888
          ],
          [
            -5.9920759,
            37.3935837
          ],
          [
            -5.9920738,
            37.3935785
          ],
          [
            -5.9920725,
            37.3935715
          ],
          [
            -5.992072,
            37.3935648
          ],
          [
            -5.9920732,
            37.3935541
          ],
          [
            -5.9920741,
            37.3935479
          ],
          [
            -5.9920751,
            37.3935424
          ],
          [
            -5.9920756,
            37.3935371
          ],
          [
            -5.9920763,
            37.3935296
          ],
          [
            -5.9920759,
            37.3935241
          ],
          [
            -5.9920729,
            37.3935215
          ],
          [
            -5.9920594,
            37.3935205
          ]
        ]
      },
      "properties": {
        "handrail": "yes",
        "highway": "steps",
        "incline": "up",
        "layer": "6",
        "lit": "yes",
        "ramp": "no",
        "step_count": "32",
        "surface": "paving_stones"
      }
    },
    {
      "type": "Feature",
      "geometry": {
        "type": "LineString",
        "coordinates": [
          [
            -5.9915485,
            37.3935918
          ],
          [
            -5.9915254,
            37.3936207
          ],
          [
            -5.9914955,
            37.3936679
          ],
          [
            -5.9914819,
            37.3936932
          ],
          [
            -5.9914712,
            37.3937211
          ],
          [
            -5.9914724,
            37.3937369
          ],
          [
            -5.991478,
            37.3937534
          ],
          [
            -5.9914879,
            37.3937664
          ],
          [
            -5.9914947,
            37.3937711
          ],
          [
            -5.9915238,
            37.393781
          ],
          [
            -5.9915429,
            37.393781
          ],
          [
            -5.9915589,
            37.3937781
          ],
          [
            -5.9915717,
            37.3937734
          ],
          [
            -5.9915844,
            37.3937654
          ],
          [
            -5.9915924,
            37.3937572
          ],
          [
            -5.9915988,
            37.3937458
          ],
          [
            -5.9916,
            37.3937363
          ],
          [
            -5.9915992,
            37.3937192
          ],
          [
            -5.9915952,
            37.3937011
          ],
          [
            -5.9915824,
            37.3936739
          ],
          [
            -5.9915721,
            37.3936533
          ],
          [
            -5.9915593,
            37.3936242
          ],
          [
            -5.9915529,
            37.3936083
          ],
          [
            -5.9915485,
            37.3935918
          ]
        ]
      },
      "properties": {
        "highway": "footway",
        "layer": "5",
        "lit": "yes"
      }
    },
    {
      "type": "Feature",
      "geometry": {
        "type": "LineString",
        "coordinates": [
          [
            -5.9915485,
            37.3935918
          ],
          [
            -5.9915521,
            37.3935649
          ]
        ]
      },
      "properties": {
        "highway": "footway",
        "layer": "6",
        "lit": "yes"
      }
    },
    {
      "type": "Feature",
      "geometry": {
        "type": "LineString",
        "coordinates": [
          [
            -5.9918496,
            37.3930821
          ],
          [
            -5.9919038,
            37.3931046
          ],
          [
            -5.9919918,
            37.3930974
          ],
          [
            -5.9920255,
            37.3931017
          ],
          [
            -5.9920411,
            37.3931037
          ],
          [
            -5.9920605,
            37.3931153
          ],
          [
            -5.9920679,
            37.3931198
          ],
          [
            -5.9921029,
            37.3931507
          ],
          [
            -5.9921192,
            37.39318
          ],
          [
            -5.9921226,
            37.3932049
          ]
        ]
      },
      "properties": {
        "covered": "yes",
        "highway": "footway",
        "layer": "4",
        "lit": "yes",
        "surface": "paving_stones"
      }
    },
    {
      "type": "Feature",
      "geometry": {
        "type": "LineString",
        "coordinates": [
          [
            -5.9916553,
            37.3928751
          ],
          [
            -5.9916373,
            37.3928689
          ],
          [
            -5.9916187,
            37.3928693
          ],
          [
            -5.9915995,
            37.3928724
          ],
          [
            -5.9915803,
            37.3928823
          ],
          [
            -5.9915561,
            37.392906
          ],
          [
            -5.9915448,
            37.3929266
          ],
          [
            -5.9915381,
            37.3929504
          ],
          [
            -5.9915397,
            37.3929728
          ],
          [
            -5.9915505,
            37.3929988
          ],
          [
            -5.9915574,
            37.3930054
          ],
          [
            -5.9915747,
            37.3930221
          ],
          [
            -5.9916238,
            37.393048
          ],
          [
            -5.9916463,
            37.3930642
          ],
          [
            -5.9916677,
            37.3930915
          ],
          [
            -5.9916756,
            37.3931103
          ],
          [
            -5.9916762,
            37.3931354
          ],
          [
            -5.9916711,
            37.3931574
          ],
          [
            -5.9916638,
            37.3931896
          ],
          [
            -5.9916565,
            37.3932281
          ],
          [
            -5.9916574,
            37.3932385
          ]
        ]
      },
      "properties": {
        "highway": "footway",
        "image": "https://images.mapillary.com/9v5yfITxu0L3mkt2NKW_2A/thumb-2048.jpg",
        "layer": "6",
        "lit": "yes",
        "mapillary": "293034149201546"
      }
    },
    {
      "type": "Feature",
      "geometry": {
        "type": "LineString",
        "coordinates": [
          [
            -5.9916574,
            37.3932385
          ],
          [
            -5.99166,
            37.3932495
          ],
          [
            -5.9916665,
            37.3932616
          ],
          [
            -5.9916818,
            37.3932765
          ],
          [
            -5.9916959,
            37.3932823
          ],
          [
            -5.9917253,
            37.3932877
          ],
          [
            -5.9917382,
            37.3932873
          ]
        ]
      },
      "properties": {
        "highway": "footway",
        "layer": "6",
        "lit": "yes"
      }
    },
    {
      "type": "Feature",
      "geometry": {
        "type": "LineString",
        "coordinates": [
          [
            -5.9919333,
            37.393186
          ],
          [
            -5.9919564,
            37.3931932
          ],
          [
            -5.9919751,
            37.3932039
          ],
          [
            -5.9919846,
            37.3932237
          ],
          [
            -5.9919875,
            37.3932479
          ],
          [
            -5.9919829,
            37.3932649
          ],
          [
            -5.9919632,
            37.393285
          ],
          [
            -5.9919254,
            37.3932998
          ],
          [
            -5.9918972,
            37.3933038
          ],
          [
            -5.9918538,
            37.3933133
          ],
          [
            -5.9918262,
            37.3933236
          ],
          [
            -5.9918019,
            37.3933392
          ],
          [
            -5.9917805,
            37.3933625
          ],
          [
            -5.9917738,
            37.3933787
          ],
          [
            -5.9917771,
            37.3934127
          ],
          [
            -5.9917952,
            37.3934365
          ],
          [
            -5.991816,
            37.3934508
          ],
          [
            -5.9918561,
            37.3934651
          ],
          [
            -5.9918899,
            37.3934745
          ],
          [
            -5.9919209,
            37.3934889
          ],
          [
            -5.991933,
            37.3934959
          ],
          [
            -5.9919502,
            37.3935098
          ],
          [
            -5.9919669,
            37.3935307
          ],
          [
            -5.9919725,
            37.3935434
          ],
          [
            -5.9919765,
            37.3935694
          ],
          [
            -5.9919793,
            37.3935868
          ],
          [
            -5.9919909,
            37.3936115
          ],
          [
            -5.9920072,
            37.3936283
          ],
          [
            -5.9920267,
            37.3936391
          ],
          [
            -5.9920515,
            37.3936451
          ],
          [
            -5.9920718,
            37.3936444
          ],
          [
            -5.9920957,
            37.3936394
          ],
          [
            -5.9921161,
            37.393628
          ],
          [
            -5.9921264,
            37.3936159
          ],
          [
            -5.9921348,
            37.3936026
          ],
          [
            -5.9921408,
            37.3935896
          ],
          [
            -5.9921408,
            37.3935678
          ],
          [
            -5.992136,
            37.3935507
          ],
          [
            -5.992124,
            37.3935317
          ],
          [
            -5.9921029,
            37.3935155
          ],
          [
            -5.9920714,
            37.3934997
          ]
        ]
      },
      "properties": {
        "highway": "footway",
        "layer": "6",
        "lit": "yes",
        "surface": "paving_stones"
      }
    },
    {
      "type": "Feature",
      "geometry": {
        "type": "LineString",
        "coordinates": [
          [
            -5.9917382,
            37.3932873
          ],
          [
            -5.9917512,
            37.3932868
          ],
          [
            -5.9917828,
            37.3932783
          ],
          [
            -5.9918132,
            37.3932573
          ],
          [
            -5.9918442,
            37.3932232
          ],
          [
            -5.9918634,
            37.3932071
          ],
          [
            -5.9918989,
            37.393191
          ],
          [
            -5.9919333,
            37.393186
          ]
        ]
      },
      "properties": {
        "highway": "footway",
        "image": "https://images.mapillary.com/4YKh5TfKuNUqeAyt7PRrTQ/thumb-2048.jpg",
        "layer": "6",
        "lit": "yes",
        "mapillary": "739682250056872"
      }
    },
    {
      "type": "Feature",
      "geometry": {
        "type": "LineString",
        "coordinates": [
          [
            -5.991795,
            37.3927429
          ],
          [
            -5.9919785,
            37.3927662
          ],
          [
            -5.9922251,
            37.3927886
          ],
          [
            -5.9922641,
            37.3927902
          ],
          [
            -5.9923109,
            37.3927901
          ]
        ]
      },
      "properties": {
        "bicycle": "permissive",
        "emergency": "yes",
        "foot": "yes",
        "goods": "designated",
        "highway": "living_street",
        "lit": "yes",
        "motor_vehicle": "no",
        "motorcar": "designated",
        "name": "Plaza de la Encarnaci\u00f3n",
        "psv": "yes",
        "sidewalk": "both",
        "source": "PNOA",
        "surface": "sett",
        "vehicle": "no"
      }
    },
    {
      "type": "Feature",
      "geometry": {
        "type": "LineString",
        "coordinates": [
          [
            -5.991621,
            37.3927197
          ],
          [
            -5.991795,
            37.3927429
          ]
        ]
      },
      "properties": {
        "bicycle": "permissive",
        "covered": "yes",
        "emergency": "yes",
        "foot": "yes",
        "goods": "designated",
        "highway": "living_street",
        "lit": "yes",
        "maxheight": "default",
        "motor_vehicle": "no",
        "motorcar": "designated",
        "name": "Plaza de la Encarnaci\u00f3n",
        "psv": "yes",
        "sidewalk": "both",
        "source": "PNOA",
        "surface": "sett",
        "tunnel": "covered",
        "vehicle": "no"
      }
    },
    {
      "type": "Feature",
      "geometry": {
        "type": "LineString",
        "coordinates": [
          [
            -5.9920714,
            37.3934997
          ],
          [
            -5.9920475,
            37.3934876
          ],
          [
            -5.9920279,
            37.393474
          ],
          [
            -5.9920036,
            37.3934458
          ],
          [
            -5.9919976,
            37.3934319
          ],
          [
            -5.9919932,
            37.3934198
          ],
          [
            -5.9919925,
            37.3934056
          ],
          [
            -5.9919928,
            37.3933951
          ],
          [
            -5.991994,
            37.3933847
          ],
          [
            -5.9919992,
            37.3933726
          ]
        ]
      },
      "properties": {
        "highway": "footway",
        "image": "https://images.mapillary.com/44FoHqUczdI4HO8RHDY0VQ/thumb-2048.jpg",
        "layer": "6",
        "lit": "yes",
        "mapillary": "461918388232652",
        "surface": "paving_stones"
      }
    },
    {
      "type": "Feature",
      "geometry": {
        "type": "LineString",
        "coordinates": [
          [
            -5.9921226,
            37.3932049
          ],
          [
            -5.9921143,
            37.3932441
          ],
          [
            -5.9921108,
            37.3932609
          ],
          [
            -5.992077,
            37.3933024
          ],
          [
            -5.9919992,
            37.3933726
          ]
        ]
      },
      "properties": {
        "highway": "footway",
        "image": "https://images.mapillary.com/aY_ivShJeRxF_5wE-zG_jg/thumb-2048.jpg",
        "layer": "5",
        "lit": "yes",
        "mapillary": "803744510347896",
        "tunnel": "covered"
      }
    },
    {
      "type": "Feature",
      "geometry": {
        "type": "LineString",
        "coordinates": [
          [
            -5.9919038,
            37.3931046
          ],
          [
            -5.9918811,
            37.3931213
          ],
          [
            -5.9918476,
            37.3931613
          ],
          [
            -5.99183,
            37.3931847
          ],
          [
            -5.9918061,
            37.3932138
          ],
          [
            -5.9917591,
            37.3932561
          ],
          [
            -5.9916566,
            37.3932899
          ],
          [
            -5.9915689,
            37.3933279
          ],
          [
            -5.991537,
            37.3933773
          ],
          [
            -5.9915338,
            37.3934343
          ],
          [
            -5.9915402,
            37.3934926
          ],
          [
            -5.9915521,
            37.3935649
          ]
        ]
      },
      "properties": {
        "highway": "footway",
        "layer": "4",
        "lit": "yes",
        "tunnel": "culvert"
      }
    },
    {
      "type": "Feature",
      "geometry": {
        "type": "LineString",
        "coordinates": [
          [
            -5.9920953,
            37.3930199
          ],
          [
            -5.9921046,
            37.3928587
          ]
        ]
      },
      "properties": {
        "handrail": "yes",
        "highway": "steps",
        "image": "https://images.mapillary.com/f2t_x3Rq_LHu4unvo6yi6g/thumb-2048.jpg",
        "incline": "down",
        "lit": "yes",
        "mapillary": "3673806726065009",
        "ramp": "no"
      }
    },
    {
      "type": "Feature",
      "geometry": {
        "type": "LineString",
        "coordinates": [
          [
            -5.9947974,
            37.3861502
          ],
          [
            -5.9947916,
            37.3861053
          ],
          [
            -5.9947426,
            37.3857241
          ]
        ]
      },
      "properties": {
        "access": "private",
        "highway": "living_street",
        "surface": "paving_stones"
      }
    },
    {
      "type": "Feature",
      "geometry": {
        "type": "LineString",
        "coordinates": [
          [
            -5.9939606,
            37.3851938
          ],
          [
            -5.9940446,
            37.3851758
          ],
          [
            -5.9945859,
            37.38506
          ],
          [
            -5.9946054,
            37.3850558
          ]
        ]
      },
      "properties": {
        "highway": "pedestrian",
        "name": "Calle Almirantazgo"
      }
    },
    {
      "type": "Feature",
      "geometry": {
        "type": "LineString",
        "coordinates": [
          [
            -5.9912113,
            37.3901233
          ],
          [
            -5.9913761,
            37.3901287
          ],
          [
            -5.9915966,
            37.3901388
          ],
          [
            -5.9916942,
            37.3901374
          ],
          [
            -5.9922409,
            37.3901019
          ],
          [
            -5.9923426,
            37.3900937
          ]
        ]
      },
      "properties": {
        "highway": "pedestrian",
        "name": "Calle Huelva",
        "surface": "sett"
      }
    },
    {
      "type": "Feature",
      "geometry": {
        "type": "LineString",
        "coordinates": [
          [
            -5.9929113,
            37.3895428
          ],
          [
            -5.992922,
            37.3894467
          ]
        ]
      },
      "properties": {
        "highway": "pedestrian",
        "lit": "yes",
        "surface": "paving_stones",
        "tunnel": "building_passage"
      }
    },
    {
      "type": "Feature",
      "geometry": {
        "type": "LineString",
        "coordinates": [
          [
            -5.9929988,
            37.3892617
          ],
          [
            -5.9930484,
            37.3892655
          ]
        ]
      },
      "properties": {
        "handrail": "yes",
        "highway": "steps",
        "incline": "up",
        "lit": "yes",
        "ramp": "no",
        "step_count": "7",
        "surface": "paving_stones"
      }
    },
    {
      "type": "Feature",
      "geometry": {
        "type": "LineString",
        "coordinates": [
          [
            -5.9933618,
            37.3893186
          ],
          [
            -5.9932766,
            37.3893216
          ]
        ]
      },
      "properties": {
        "highway": "footway"
      }
    },
    {
      "type": "Feature",
      "geometry": {
        "type": "LineString",
        "coordinates": [
          [
            -5.9928387,
            37.3892357
          ],
          [
            -5.9929076,
            37.3892547
          ]
        ]
      },
      "properties": {
        "handrail": "yes",
        "highway": "steps",
        "incline": "down",
        "lit": "yes",
        "ramp": "no",
        "step_count": "7",
        "surface": "paving_stones"
      }
    },
    {
      "type": "Feature",
      "geometry": {
        "type": "LineString",
        "coordinates": [
          [
            -5.9932766,
            37.3893216
          ],
          [
            -5.9932166,
            37.3893178
          ]
        ]
      },
      "properties": {
        "handrail": "yes",
        "highway": "steps",
        "incline": "up",
        "ramp": "no",
        "tunnel": "building_passage"
      }
    },
    {
      "type": "Feature",
      "geometry": {
        "type": "LineString",
        "coordinates": [
          [
            -5.9929076,
            37.3892547
          ],
          [
            -5.9929988,
            37.3892617
          ]
        ]
      },
      "properties": {
        "highway": "footway",
        "lit": "yes",
        "surface": "paving_stones"
      }
    },
    {
      "type": "Feature",
      "geometry": {
        "type": "LineString",
        "coordinates": [
          [
            -5.9932166,
            37.3893178
          ],
          [
            -5.9931367,
            37.3893117
          ],
          [
            -5.9931414,
            37.3892726
          ],
          [
            -5.9930848,
            37.3892683
          ]
        ]
      },
      "properties": {
        "highway": "footway",
        "tunnel": "building_passage"
      }
    },
    {
      "type": "Feature",
      "geometry": {
        "type": "LineString",
        "coordinates": [
          [
            -5.9873041,
            37.3878413
          ],
          [
            -5.9871459,
            37.387749
          ]
        ]
      },
      "properties": {
        "highway": "pedestrian"
      }
    },
    {
      "type": "Feature",
      "geometry": {
        "type": "LineString",
        "coordinates": [
          [
            -5.9940047,
            37.3887284
          ],
          [
            -5.9939806,
            37.3887345
          ]
        ]
      },
      "properties": {
        "highway": "footway",
        "lit": "yes",
        "smoothness": "intermediate",
        "surface": "paving_stones"
      }
    },
    {
      "type": "Feature",
      "geometry": {
        "type": "LineString",
        "coordinates": [
          [
            -5.9941152,
            37.3891148
          ],
          [
            -5.9941078,
            37.3890891
          ],
          [
            -5.9940047,
            37.3887284
          ],
          [
            -5.9938811,
            37.3882812
          ],
          [
            -5.9938353,
            37.3881833
          ],
          [
            -5.9937904,
            37.3880453
          ],
          [
            -5.9937745,
            37.3879965
          ]
        ]
      },
      "properties": {
        "highway": "footway",
        "lit": "yes",
        "name": "Plaza de San Francisco",
        "smoothness": "good",
        "surface": "sett"
      }
    },
    {
      "type": "Feature",
      "geometry": {
        "type": "LineString",
        "coordinates": [
          [
            -5.9963135,
            37.3881465
          ],
          [
            -5.9955323,
            37.3882041
          ],
          [
            -5.9949115,
            37.3882499
          ],
          [
            -5.9948954,
            37.3882546
          ],
          [
            -5.9948355,
            37.3882719
          ]
        ]
      },
      "properties": {
        "highway": "footway",
        "name": "Plaza Nueva",
        "smoothness": "excellent",
        "surface": "paving_stones"
      }
    },
    {
      "type": "Feature",
      "geometry": {
        "type": "LineString",
        "coordinates": [
          [
            -5.9949731,
            37.388966
          ],
          [
            -5.9949806,
            37.3890374
          ]
        ]
      },
      "properties": {
        "highway": "footway",
        "lit": "yes",
        "smoothness": "good",
        "surface": "paving_stones"
      }
    },
    {
      "type": "Feature",
      "geometry": {
        "type": "LineString",
        "coordinates": [
          [
            -5.9954935,
            37.3886096
          ],
          [
            -5.9951888,
            37.3886312
          ],
          [
            -5.9949375,
            37.388649
          ]
        ]
      },
      "properties": {
        "highway": "footway",
        "lit": "yes",
        "name": "Plaza Nueva",
        "surface": "paving_stones"
      }
    },
    {
      "type": "Feature",
      "geometry": {
        "type": "LineString",
        "coordinates": [
          [
            -5.9961622,
            37.3883954
          ],
          [
            -5.9960697,
            37.3884019
          ],
          [
            -5.9955586,
            37.3884381
          ],
          [
            -5.9949189,
            37.3884835
          ]
        ]
      },
      "properties": {
        "highway": "footway",
        "lit": "yes",
        "name": "Plaza Nueva",
        "surface": "paving_stones"
      }
    },
    {
      "type": "Feature",
      "geometry": {
        "type": "LineString",
        "coordinates": [
          [
            -5.9962111,
            37.3888311
          ],
          [
            -5.9961187,
            37.3888377
          ],
          [
            -5.9956083,
            37.3888739
          ],
          [
            -5.9949678,
            37.3889193
          ]
        ]
      },
      "properties": {
        "highway": "footway",
        "lit": "yes",
        "name": "Plaza Nueva"
      }
    },
    {
      "type": "Feature",
      "geometry": {
        "type": "LineString",
        "coordinates": [
          [
            -5.9949132,
            37.3884331
          ],
          [
            -5.995553,
            37.3883877
          ],
          [
            -5.9960641,
            37.3883515
          ],
          [
            -5.9961565,
            37.3883449
          ],
          [
            -5.9961622,
            37.3883954
          ],
          [
            -5.9961807,
            37.38856
          ],
          [
            -5.9962111,
            37.3888311
          ],
          [
            -5.9962164,
            37.3888779
          ],
          [
            -5.9961239,
            37.3888844
          ],
          [
            -5.9956136,
            37.3889206
          ],
          [
            -5.9954171,
            37.3889345
          ],
          [
            -5.9949731,
            37.388966
          ],
          [
            -5.9949678,
            37.3889193
          ],
          [
            -5.9949375,
            37.388649
          ],
          [
            -5.9949189,
            37.3884835
          ],
          [
            -5.9949132,
            37.3884331
          ],
          [
            -5.9949094,
            37.3883985
          ],
          [
            -5.9949061,
            37.3883642
          ],
          [
            -5.994903,
            37.3883331
          ],
          [
            -5.9948954,
            37.3882546
          ]
        ]
      },
      "properties": {
        "highway": "footway",
        "lit": "yes",
        "name": "Plaza Nueva",
        "surface": "paving_stones"
      }
    },
    {
      "type": "Feature",
      "geometry": {
        "type": "LineString",
        "coordinates": [
          [
            -5.9904997,
            37.3902961
          ],
          [
            -5.9908514,
            37.3903957
          ],
          [
            -5.9910184,
            37.390443
          ]
        ]
      },
      "properties": {
        "highway": "pedestrian",
        "lit": "yes",
        "name": "Plaza de la Alfalfa",
        "smoothness": "excellent",
        "surface": "paving_stones",
        "wikidata": "Q11699802"
      }
    },
    {
      "type": "Feature",
      "geometry": {
        "type": "LineString",
        "coordinates": [
          [
            -5.9879411,
            37.3933056
          ],
          [
            -5.9879352,
            37.3933492
          ],
          [
            -5.987921,
            37.3933672
          ],
          [
            -5.9872504,
            37.3935384
          ]
        ]
      },
      "properties": {
        "highway": "residential",
        "lit": "yes",
        "name": "Plaza Ponce de Le\u00f3n",
        "name:etymology:wikidata": "Q185974",
        "oneway": "yes",
        "sidewalk": "both",
        "surface": "cobblestone"
      }
    },
    {
      "type": "Feature",
      "geometry": {
        "type": "LineString",
        "coordinates": [
          [
            -5.9878764,
            37.3931588
          ],
          [
            -5.9879035,
            37.3932203
          ]
        ]
      },
      "properties": {
        "highway": "residential",
        "lane_markings": "no",
        "lit": "yes",
        "name": "Plaza Ponce de Le\u00f3n",
        "name:etymology:wikidata": "Q185974",
        "oneway": "yes",
        "sidewalk": "both",
        "surface": "asphalt"
      }
    },
    {
      "type": "Feature",
      "geometry": {
        "type": "LineString",
        "coordinates": [
          [
            -5.9927253,
            37.3851628
          ],
          [
            -5.9924427,
            37.3847696
          ],
          [
            -5.9924112,
            37.3845778
          ]
        ]
      },
      "properties": {
        "highway": "footway",
        "lit": "yes",
        "name": "Plaza del Triunfo",
        "smoothness": "intermediate",
        "surface": "paving_stones"
      }
    },
    {
      "type": "Feature",
      "geometry": {
        "type": "LineString",
        "coordinates": [
          [
            -5.9923579,
            37.3862974
          ],
          [
            -5.9923123,
            37.386073
          ],
          [
            -5.9922349,
            37.3856827
          ],
          [
            -5.9922263,
            37.3856393
          ],
          [
            -5.9921621,
            37.3853154
          ],
          [
            -5.9921552,
            37.3852804
          ],
          [
            -5.9923072,
            37.3852107
          ]
        ]
      },
      "properties": {
        "highway": "footway",
        "lit": "yes",
        "name": "Plaza Virgen de los Reyes",
        "smoothness": "good",
        "surface": "paving_stones"
      }
    },
    {
      "type": "Feature",
      "geometry": {
        "type": "LineString",
        "coordinates": [
          [
            -5.9939455,
            37.3850692
          ],
          [
            -5.9937406,
            37.3850848
          ],
          [
            -5.9929938,
            37.3851418
          ],
          [
            -5.9927253,
            37.3851628
          ],
          [
            -5.9923849,
            37.3851883
          ],
          [
            -5.9923072,
            37.3852107
          ]
        ]
      },
      "properties": {
        "highway": "pedestrian",
        "name": "Calle Fray Ceferino Gonz\u00e1lez",
        "name:etymology:wikidata": "Q2712900"
      }
    },
    {
      "type": "Feature",
      "geometry": {
        "type": "LineString",
        "coordinates": [
          [
            -5.9940697,
            37.3891189
          ],
          [
            -5.9940953,
            37.3891166
          ],
          [
            -5.9941152,
            37.3891148
          ],
          [
            -5.9941724,
            37.3891096
          ],
          [
            -5.9944118,
            37.3890884
          ],
          [
            -5.9949281,
            37.3890413
          ]
        ]
      },
      "properties": {
        "bicycle": "yes",
        "highway": "pedestrian",
        "lit": "yes",
        "maxspeed": "10",
        "name": "Calle Granada",
        "source": "catastro",
        "surface": "paving_stones"
      }
    },
    {
      "type": "Feature",
      "geometry": {
        "type": "LineString",
        "coordinates": [
          [
            -5.9937904,
            37.3880453
          ],
          [
            -5.9941955,
            37.3880223
          ],
          [
            -5.9943655,
            37.3879305
          ]
        ]
      },
      "properties": {
        "highway": "footway",
        "lit": "yes",
        "smoothness": "bad",
        "surface": "sett"
      }
    },
    {
      "type": "Feature",
      "geometry": {
        "type": "LineString",
        "coordinates": [
          [
            -5.9944735,
            37.3882546
          ],
          [
            -5.994608,
            37.388246
          ],
          [
            -5.9944253,
            37.3881284
          ],
          [
            -5.9944474,
            37.3881071
          ],
          [
            -5.9944734,
            37.3880837
          ],
          [
            -5.9945007,
            37.3880559
          ]
        ]
      },
      "properties": {
        "highway": "footway",
        "name": "Avenida de la Constituci\u00f3n",
        "smoothness": "intermediate",
        "surface": "paving_stones"
      }
    },
    {
      "type": "Feature",
      "geometry": {
        "type": "LineString",
        "coordinates": [
          [
            -5.9938811,
            37.3882812
          ],
          [
            -5.9941268,
            37.3882705
          ],
          [
            -5.9943616,
            37.3882602
          ]
        ]
      },
      "properties": {
        "highway": "footway",
        "name": "Plaza de San Francisco",
        "smoothness": "good",
        "surface": "paving_stones"
      }
    },
    {
      "type": "Feature",
      "geometry": {
        "type": "LineString",
        "coordinates": [
          [
            -5.9947119,
            37.3856172
          ],
          [
            -5.9947109,
            37.3856125
          ],
          [
            -5.9946806,
            37.3854992
          ]
        ]
      },
      "properties": {
        "highway": "footway",
        "surface": "paving_stones"
      }
    },
    {
      "type": "Feature",
      "geometry": {
        "type": "LineString",
        "coordinates": [
          [
            -5.994875,
            37.3855651
          ],
          [
            -5.9947109,
            37.3856125
          ],
          [
            -5.9945566,
            37.385657
          ]
        ]
      },
      "properties": {
        "highway": "footway",
        "surface": "paving_stones"
      }
    },
    {
      "type": "Feature",
      "geometry": {
        "type": "LineString",
        "coordinates": [
          [
            -5.991945,
            37.3928321
          ],
          [
            -5.9919426,
            37.3928517
          ]
        ]
      },
      "properties": {
        "highway": "footway",
        "lit": "yes"
      }
    },
    {
      "type": "Feature",
      "geometry": {
        "type": "LineString",
        "coordinates": [
          [
            -5.9920633,
            37.392842
          ],
          [
            -5.992061,
            37.3928572
          ]
        ]
      },
      "properties": {
        "highway": "footway",
        "lit": "yes"
      }
    },
    {
      "type": "Feature",
      "geometry": {
        "type": "LineString",
        "coordinates": [
          [
            -5.9921062,
            37.3928457
          ],
          [
            -5.9921046,
            37.3928587
          ]
        ]
      },
      "properties": {
        "highway": "footway",
        "lit": "yes"
      }
    },
    {
      "type": "Feature",
      "geometry": {
        "type": "LineString",
        "coordinates": [
          [
            -5.9916227,
            37.3938597
          ],
          [
            -5.9914585,
            37.393868
          ],
          [
            -5.9913769,
            37.3938256
          ],
          [
            -5.9913507,
            37.3937907
          ],
          [
            -5.9913749,
            37.3936399
          ]
        ]
      },
      "properties": {
        "highway": "footway",
        "lit": "yes",
        "surface": "paving_stones"
      }
    },
    {
      "type": "Feature",
      "geometry": {
        "type": "LineString",
        "coordinates": [
          [
            -5.9922257,
            37.3927333
          ],
          [
            -5.9919113,
            37.3927014
          ],
          [
            -5.9914842,
            37.392658
          ]
        ]
      },
      "properties": {
        "highway": "footway",
        "lit": "yes"
      }
    },
    {
      "type": "Feature",
      "geometry": {
        "type": "LineString",
        "coordinates": [
          [
            -5.9922571,
            37.3928583
          ],
          [
            -5.9922194,
            37.3928552
          ],
          [
            -5.9921062,
            37.3928457
          ],
          [
            -5.9920633,
            37.392842
          ],
          [
            -5.991945,
            37.3928321
          ],
          [
            -5.9914693,
            37.392792
          ]
        ]
      },
      "properties": {
        "highway": "footway",
        "lit": "yes",
        "surface": "paving_stones"
      }
    },
    {
      "type": "Feature",
      "geometry": {
        "type": "LineString",
        "coordinates": [
          [
            -5.9914639,
            37.3928404
          ],
          [
            -5.991369,
            37.3928266
          ]
        ]
      },
      "properties": {
        "highway": "footway",
        "lit": "yes",
        "surface": "paving_stones"
      }
    },
    {
      "type": "Feature",
      "geometry": {
        "type": "LineString",
        "coordinates": [
          [
            -5.9914799,
            37.3926968
          ],
          [
            -5.9914693,
            37.392792
          ],
          [
            -5.9914639,
            37.3928404
          ],
          [
            -5.9913749,
            37.3936399
          ],
          [
            -5.9913076,
            37.3936352
          ]
        ]
      },
      "properties": {
        "highway": "footway",
        "lit": "yes",
        "surface": "paving_stones"
      }
    },
    {
      "type": "Feature",
      "geometry": {
        "type": "LineString",
        "coordinates": [
          [
            -5.9915265,
            37.3922777
          ],
          [
            -5.9916694,
            37.3922831
          ],
          [
            -5.9919064,
            37.3922922
          ],
          [
            -5.9919649,
            37.3922944
          ],
          [
            -5.9920124,
            37.3922949
          ],
          [
            -5.9921814,
            37.3922969
          ],
          [
            -5.9922332,
            37.3922753
          ],
          [
            -5.9923083,
            37.392244
          ]
        ]
      },
      "properties": {
        "highway": "footway",
        "lit": "yes",
        "smoothness": "excellent",
        "surface": "paving_stones"
      }
    },
    {
      "type": "Feature",
      "geometry": {
        "type": "LineString",
        "coordinates": [
          [
            -5.9919649,
            37.3922944
          ],
          [
            -5.9919761,
            37.3922177
          ]
        ]
      },
      "properties": {
        "highway": "footway",
        "lit": "yes",
        "smoothness": "excellent",
        "surface": "paving_stones"
      }
    },
    {
      "type": "Feature",
      "geometry": {
        "type": "LineString",
        "coordinates": [
          [
            -5.9922332,
            37.3922753
          ],
          [
            -5.9922316,
            37.3923744
          ],
          [
            -5.9922282,
            37.3925836
          ],
          [
            -5.9922271,
            37.3926471
          ],
          [
            -5.9922257,
            37.3927333
          ],
          [
            -5.9922251,
            37.3927886
          ],
          [
            -5.9922194,
            37.3928552
          ],
          [
            -5.992213,
            37.3929314
          ]
        ]
      },
      "properties": {
        "highway": "footway",
        "lit": "yes",
        "smoothness": "excellent",
        "surface": "paving_stones"
      }
    },
    {
      "type": "Feature",
      "geometry": {
        "type": "LineString",
        "coordinates": [
          [
            -5.9916227,
            37.3938597
          ],
          [
            -5.9917429,
            37.3938318
          ],
          [
            -5.9924551,
            37.3936635
          ]
        ]
      },
      "properties": {
        "highway": "footway",
        "lit": "yes",
        "surface": "paving_stones"
      }
    },
    {
      "type": "Feature",
      "geometry": {
        "type": "LineString",
        "coordinates": [
          [
            -5.9916227,
            37.3938597
          ],
          [
            -5.9916291,
            37.3938783
          ],
          [
            -5.9916714,
            37.3943202
          ]
        ]
      },
      "properties": {
        "highway": "pedestrian",
        "lit": "yes",
        "name": "Calle Regina",
        "surface": "paving_stones"
      }
    },
    {
      "type": "Feature",
      "geometry": {
        "type": "LineString",
        "coordinates": [
          [
            -5.9914799,
            37.3926968
          ],
          [
            -5.9914842,
            37.392658
          ],
          [
            -5.9915047,
            37.3924733
          ],
          [
            -5.9915265,
            37.3922777
          ],
          [
            -5.9914503,
            37.3922723
          ]
        ]
      },
      "properties": {
        "highway": "footway",
        "lit": "yes",
        "smoothness": "excellent",
        "surface": "paving_stones"
      }
    },
    {
      "type": "Feature",
      "geometry": {
        "type": "LineString",
        "coordinates": [
          [
            -5.9928387,
            37.3892357
          ],
          [
            -5.9929233,
            37.3893872
          ],
          [
            -5.9929237,
            37.3894125
          ]
        ]
      },
      "properties": {
        "highway": "footway",
        "lit": "yes",
        "surface": "paving_stones"
      }
    },
    {
      "type": "Feature",
      "geometry": {
        "type": "LineString",
        "coordinates": [
          [
            -5.9929237,
            37.3894125
          ],
          [
            -5.992922,
            37.3894467
          ]
        ]
      },
      "properties": {
        "handrail": "yes",
        "highway": "steps",
        "incline": "down",
        "lit": "yes",
        "ramp": "no",
        "step_count": "6",
        "surface": "paving_stones"
      }
    },
    {
      "type": "Feature",
      "geometry": {
        "type": "LineString",
        "coordinates": [
          [
            -5.9930848,
            37.3892683
          ],
          [
            -5.9930484,
            37.3892655
          ]
        ]
      },
      "properties": {
        "highway": "footway",
        "lit": "yes",
        "surface": "paving_stones"
      }
    },
    {
      "type": "Feature",
      "geometry": {
        "type": "LineString",
        "coordinates": [
          [
            -5.9933472,
            37.3905114
          ],
          [
            -5.9933087,
            37.3905134
          ]
        ]
      },
      "properties": {
        "highway": "footway",
        "lit": "yes",
        "name": "Pasaje Maestro G\u00f3mez Laserna",
        "surface": "paving_stones"
      }
    },
    {
      "type": "Feature",
      "geometry": {
        "type": "LineString",
        "coordinates": [
          [
            -5.9868575,
            37.3939355
          ],
          [
            -5.9863213,
            37.394067
          ],
          [
            -5.9860676,
            37.3942103
          ]
        ]
      },
      "properties": {
        "highway": "footway"
      }
    },
    {
      "type": "Feature",
      "geometry": {
        "type": "LineString",
        "coordinates": [
          [
            -5.9850829,
            37.3933366
          ],
          [
            -5.9850678,
            37.3933017
          ],
          [
            -5.9850428,
            37.3932437
          ],
          [
            -5.9850162,
            37.3928272
          ],
          [
            -5.985057,
            37.3926402
          ]
        ]
      },
      "properties": {
        "highway": "footway",
        "lit": "yes"
      }
    },
    {
      "type": "Feature",
      "geometry": {
        "type": "LineString",
        "coordinates": [
          [
            -5.9886791,
            37.3871814
          ],
          [
            -5.988277,
            37.3868001
          ]
        ]
      },
      "properties": {
        "highway": "footway"
      }
    },
    {
      "type": "Feature",
      "geometry": {
        "type": "LineString",
        "coordinates": [
          [
            -5.9867948,
            37.3932558
          ],
          [
            -5.9867752,
            37.3932275
          ]
        ]
      },
      "properties": {
        "highway": "residential",
        "lane_markings": "no",
        "lit": "yes",
        "name": "Plaza Padre Jer\u00f3nimo de C\u00f3rdoba",
        "oneway": "yes",
        "sidewalk:both:width": "1.60",
        "surface": "asphalt"
      }
    },
    {
      "type": "Feature",
      "geometry": {
        "type": "LineString",
        "coordinates": [
          [
            -5.9864596,
            37.3930463
          ],
          [
            -5.9862684,
            37.3929542
          ]
        ]
      },
      "properties": {
        "highway": "residential",
        "lane_markings": "no",
        "lit": "yes",
        "name": "Plaza Padre Jer\u00f3nimo de C\u00f3rdoba",
        "oneway": "yes",
        "sidewalk:both:width": "1.60",
        "surface": "asphalt"
      }
    },
    {
      "type": "Feature",
      "geometry": {
        "type": "LineString",
        "coordinates": [
          [
            -5.9871718,
            37.3933411
          ],
          [
            -5.9871371,
            37.3932541
          ],
          [
            -5.9871059,
            37.3931757
          ]
        ]
      },
      "properties": {
        "highway": "residential",
        "lit": "yes",
        "name": "Plaza Ponce de Le\u00f3n",
        "name:etymology:wikidata": "Q185974",
        "oneway": "yes",
        "sidewalk": "both",
        "surface": "cobblestone"
      }
    },
    {
      "type": "Feature",
      "geometry": {
        "type": "LineString",
        "coordinates": [
          [
            -5.9878031,
            37.3929924
          ],
          [
            -5.9878428,
            37.3930826
          ],
          [
            -5.9878764,
            37.3931588
          ]
        ]
      },
      "properties": {
        "highway": "residential",
        "lit": "yes",
        "name": "Plaza Ponce de Le\u00f3n",
        "name:etymology:wikidata": "Q185974",
        "oneway": "yes",
        "sidewalk": "both",
        "surface": "cobblestone"
      }
    },
    {
      "type": "Feature",
      "geometry": {
        "type": "LineString",
        "coordinates": [
          [
            -5.9850113,
            37.3877355
          ],
          [
            -5.9848551,
            37.3878335
          ],
          [
            -5.9846891,
            37.3879479
          ],
          [
            -5.984633,
            37.3879866
          ]
        ]
      },
      "properties": {
        "highway": "primary",
        "lane_markings": "yes",
        "name": "Calle La Florida",
        "oneway": "yes",
        "surface": "asphalt"
      }
    },
    {
      "type": "Feature",
      "geometry": {
        "type": "LineString",
        "coordinates": [
          [
            -5.9879285,
            37.3932771
          ],
          [
            -5.9879411,
            37.3933056
          ]
        ]
      },
      "properties": {
        "highway": "residential",
        "name": "Plaza Ponce de Le\u00f3n",
        "name:etymology:wikidata": "Q185974",
        "oneway": "yes",
        "sidewalk": "both",
        "surface": "cobblestone"
      }
    },
    {
      "type": "Feature",
      "geometry": {
        "type": "LineString",
        "coordinates": [
          [
            -5.9872504,
            37.3935384
          ],
          [
            -5.9872194,
            37.3934606
          ]
        ]
      },
      "properties": {
        "highway": "residential",
        "lit": "yes",
        "name": "Plaza Ponce de Le\u00f3n",
        "name:etymology:wikidata": "Q185974",
        "oneway": "yes",
        "sidewalk": "both",
        "surface": "cobblestone"
      }
    },
    {
      "type": "Feature",
      "geometry": {
        "type": "LineString",
        "coordinates": [
          [
            -5.9879035,
            37.3932203
          ],
          [
            -5.9879285,
            37.3932771
          ]
        ]
      },
      "properties": {
        "highway": "residential",
        "name": "Plaza Ponce de Le\u00f3n",
        "name:etymology:wikidata": "Q185974",
        "oneway": "yes",
        "sidewalk": "both",
        "surface": "cobblestone"
      }
    },
    {
      "type": "Feature",
      "geometry": {
        "type": "LineString",
        "coordinates": [
          [
            -5.9871965,
            37.3934031
          ],
          [
            -5.9871718,
            37.3933411
          ]
        ]
      },
      "properties": {
        "highway": "residential",
        "lit": "yes",
        "name": "Plaza Ponce de Le\u00f3n",
        "name:etymology:wikidata": "Q185974",
        "oneway": "yes",
        "sidewalk": "both",
        "surface": "cobblestone"
      }
    },
    {
      "type": "Feature",
      "geometry": {
        "type": "LineString",
        "coordinates": [
          [
            -5.9933327,
            37.3866833
          ],
          [
            -5.9933375,
            37.3867178
          ],
          [
            -5.9933405,
            37.3867388
          ]
        ]
      },
      "properties": {
        "highway": "footway"
      }
    },
    {
      "type": "Feature",
      "geometry": {
        "type": "LineString",
        "coordinates": [
          [
            -5.9933312,
            37.3866733
          ],
          [
            -5.9933327,
            37.3866833
          ]
        ]
      },
      "properties": {
        "handrail": "no",
        "highway": "steps",
        "incline": "down",
        "ramp": "no",
        "surface": "sett"
      }
    },
    {
      "type": "Feature",
      "geometry": {
        "type": "LineString",
        "coordinates": [
          [
            -5.9931188,
            37.3861673
          ],
          [
            -5.9933145,
            37.3865292
          ]
        ]
      },
      "properties": {
        "highway": "footway"
      }
    },
    {
      "type": "Feature",
      "geometry": {
        "type": "LineString",
        "coordinates": [
          [
            -5.9951107,
            37.3927375
          ],
          [
            -5.9950901,
            37.3927388
          ],
          [
            -5.9949782,
            37.3927461
          ],
          [
            -5.9948315,
            37.3927557
          ]
        ]
      },
      "properties": {
        "highway": "living_street",
        "lit": "yes",
        "motor_vehicle": "destination",
        "name": "Calle Campana",
        "oneway": "no",
        "psv": "yes",
        "smoothness": "intermediate",
        "surface": "paving_stones"
      }
    },
    {
      "type": "Feature",
      "geometry": {
        "type": "LineString",
        "coordinates": [
          [
            -5.9930565,
            37.386955
          ],
          [
            -5.9930407,
            37.3867594
          ]
        ]
      },
      "properties": {
        "highway": "living_street",
        "lit": "yes",
        "name": "Calle \u00c1lvarez Quintero",
        "name:etymology:wikidata": "Q2879473",
        "oneway": "yes",
        "sidewalk": "both",
        "surface": "sett"
      }
    },
    {
      "type": "Feature",
      "geometry": {
        "type": "LineString",
        "coordinates": [
          [
            -5.9849817,
            37.3878281
          ],
          [
            -5.984996,
            37.3877834
          ],
          [
            -5.9850113,
            37.3877355
          ]
        ]
      },
      "properties": {
        "highway": "primary",
        "lanes": "1",
        "maxspeed": "50",
        "motor_vehicle": "permissive",
        "name": "Avenida Men\u00e9ndez Pelayo",
        "sidewalk": "both",
        "surface": "asphalt"
      }
    },
    {
      "type": "Feature",
      "geometry": {
        "type": "LineString",
        "coordinates": [
          [
            -5.9931254,
            37.3853023
          ],
          [
            -5.9930735,
            37.3853059
          ],
          [
            -5.9930104,
            37.3852347
          ],
          [
            -5.9930001,
            37.3852028
          ],
          [
            -5.9929947,
            37.3851691
          ],
          [
            -5.9929938,
            37.3851418
          ]
        ]
      },
      "properties": {
        "highway": "footway",
        "surface": "concrete"
      }
    },
    {
      "type": "Feature",
      "geometry": {
        "type": "LineString",
        "coordinates": [
          [
            -5.9923123,
            37.386073
          ],
          [
            -5.9923654,
            37.3860687
          ],
          [
            -5.9924157,
            37.3860639
          ],
          [
            -5.9925407,
            37.3860529
          ]
        ]
      },
      "properties": {
        "highway": "footway",
        "name": "Puerta de Palos",
        "smoothness": "intermediate",
        "surface": "sett"
      }
    },
    {
      "type": "Feature",
      "geometry": {
        "type": "LineString",
        "coordinates": [
          [
            -5.9928369,
            37.3861529
          ],
          [
            -5.9928487,
            37.3862545
          ],
          [
            -5.9928259,
            37.3862561
          ],
          [
            -5.9926415,
            37.3862691
          ]
        ]
      },
      "properties": {
        "highway": "footway",
        "tunnel": "yes"
      }
    },
    {
      "type": "Feature",
      "geometry": {
        "type": "LineString",
        "coordinates": [
          [
            -5.9916227,
            37.3938597
          ],
          [
            -5.9915912,
            37.3938405
          ]
        ]
      },
      "properties": {
        "highway": "footway",
        "lit": "yes",
        "surface": "paving_stones"
      }
    },
    {
      "type": "Feature",
      "geometry": {
        "type": "LineString",
        "coordinates": [
          [
            -5.9915912,
            37.3938405
          ],
          [
            -5.9915589,
            37.3937781
          ]
        ]
      },
      "properties": {
        "handrail": "yes",
        "highway": "steps",
        "incline": "up",
        "lit": "yes",
        "ramp": "no"
      }
    },
    {
      "type": "Feature",
      "geometry": {
        "type": "LineString",
        "coordinates": [
          [
            -5.9917429,
            37.3938318
          ],
          [
            -5.9917129,
            37.3937173
          ]
        ]
      },
      "properties": {
        "highway": "footway",
        "lit": "yes",
        "surface": "paving_stones"
      }
    },
    {
      "type": "Feature",
      "geometry": {
        "type": "LineString",
        "coordinates": [
          [
            -5.9917129,
            37.3937173
          ],
          [
            -5.9915952,
            37.3937011
          ]
        ]
      },
      "properties": {
        "handrail": "yes",
        "highway": "steps",
        "incline": "up",
        "lit": "yes",
        "ramp": "no"
      }
    },
    {
      "type": "Feature",
      "geometry": {
        "type": "LineString",
        "coordinates": [
          [
            -5.9915806,
            37.392975
          ],
          [
            -5.9915605,
            37.3929968
          ],
          [
            -5.9915574,
            37.3930054
          ]
        ]
      },
      "properties": {
        "highway": "footway",
        "lit": "yes"
      }
    },
    {
      "type": "Feature",
      "geometry": {
        "type": "LineString",
        "coordinates": [
          [
            -5.9919315,
            37.3930086
          ],
          [
            -5.9919038,
            37.3931046
          ]
        ]
      },
      "properties": {
        "highway": "footway",
        "lit": "yes"
      }
    },
    {
      "type": "Feature",
      "geometry": {
        "type": "LineString",
        "coordinates": [
          [
            -5.9920522,
            37.3930151
          ],
          [
            -5.9920255,
            37.3931017
          ]
        ]
      },
      "properties": {
        "highway": "footway",
        "lit": "yes",
        "surface": "paving_stones"
      }
    },
    {
      "type": "Feature",
      "geometry": {
        "type": "LineString",
        "coordinates": [
          [
            -5.9920953,
            37.3930199
          ],
          [
            -5.9920605,
            37.3931153
          ]
        ]
      },
      "properties": {
        "highway": "footway",
        "lit": "yes",
        "surface": "paving_stones"
      }
    },
    {
      "type": "Feature",
      "geometry": {
        "type": "LineString",
        "coordinates": [
          [
            -5.9915047,
            37.3924733
          ],
          [
            -5.9916311,
            37.3923976
          ],
          [
            -5.9916698,
            37.3923715
          ],
          [
            -5.9917098,
            37.3923769
          ],
          [
            -5.9917721,
            37.392367
          ],
          [
            -5.9918486,
            37.3924039
          ],
          [
            -5.9918695,
            37.3924117
          ],
          [
            -5.9919503,
            37.3924417
          ],
          [
            -5.9919934,
            37.3924534
          ],
          [
            -5.9920344,
            37.3924646
          ],
          [
            -5.9920575,
            37.3924709
          ],
          [
            -5.9921158,
            37.3924695
          ],
          [
            -5.992121,
            37.3924138
          ],
          [
            -5.9921534,
            37.392376
          ],
          [
            -5.9922316,
            37.3923744
          ]
        ]
      },
      "properties": {
        "highway": "footway",
        "lit": "yes",
        "smoothness": "excellent",
        "surface": "paving_stones"
      }
    },
    {
      "type": "Feature",
      "geometry": {
        "type": "LineString",
        "coordinates": [
          [
            -5.9921158,
            37.3924695
          ],
          [
            -5.9921267,
            37.3925548
          ],
          [
            -5.9922282,
            37.3925836
          ]
        ]
      },
      "properties": {
        "highway": "footway",
        "lit": "yes"
      }
    },
    {
      "type": "Feature",
      "geometry": {
        "type": "LineString",
        "coordinates": [
          [
            -5.9918695,
            37.3924117
          ],
          [
            -5.9919247,
            37.3923438
          ],
          [
            -5.9919064,
            37.3922922
          ]
        ]
      },
      "properties": {
        "highway": "footway",
        "lit": "yes",
        "smoothness": "excellent",
        "surface": "paving_stones"
      }
    },
    {
      "type": "Feature",
      "geometry": {
        "type": "LineString",
        "coordinates": [
          [
            -5.9919934,
            37.3924534
          ],
          [
            -5.9920489,
            37.3924102
          ],
          [
            -5.9920392,
            37.3923502
          ],
          [
            -5.9920124,
            37.3922949
          ]
        ]
      },
      "properties": {
        "highway": "footway",
        "lit": "yes",
        "smoothness": "excellent",
        "surface": "paving_stones"
      }
    },
    {
      "type": "Feature",
      "geometry": {
        "type": "LineString",
        "coordinates": [
          [
            -5.9916694,
            37.3922831
          ],
          [
            -5.9916263,
            37.3923434
          ],
          [
            -5.9916311,
            37.3923976
          ]
        ]
      },
      "properties": {
        "highway": "footway",
        "lit": "yes",
        "smoothness": "excellent",
        "surface": "paving_stones"
      }
    },
    {
      "type": "Feature",
      "geometry": {
        "type": "LineString",
        "coordinates": [
          [
            -5.9919113,
            37.3927014
          ],
          [
            -5.9919596,
            37.3926179
          ],
          [
            -5.9920641,
            37.3926265
          ],
          [
            -5.992157,
            37.3926263
          ],
          [
            -5.9922271,
            37.3926471
          ]
        ]
      },
      "properties": {
        "highway": "footway",
        "lit": "yes"
      }
    },
    {
      "type": "Feature",
      "geometry": {
        "type": "LineString",
        "coordinates": [
          [
            -5.9920641,
            37.3926265
          ],
          [
            -5.9920674,
            37.3925437
          ],
          [
            -5.9920206,
            37.3925285
          ],
          [
            -5.9920344,
            37.3924646
          ]
        ]
      },
      "properties": {
        "highway": "footway",
        "lit": "yes",
        "smoothness": "excellent",
        "surface": "paving_stones"
      }
    },
    {
      "type": "Feature",
      "geometry": {
        "type": "LineString",
        "coordinates": [
          [
            -5.9920674,
            37.3925437
          ],
          [
            -5.9921267,
            37.3925548
          ]
        ]
      },
      "properties": {
        "highway": "footway",
        "lit": "yes",
        "smoothness": "excellent",
        "surface": "paving_stones"
      }
    },
    {
      "type": "Feature",
      "geometry": {
        "type": "LineString",
        "coordinates": [
          [
            -5.9916777,
            37.392937
          ],
          [
            -5.9916904,
            37.3929352
          ]
        ]
      },
      "properties": {
        "highway": "footway",
        "lit": "yes"
      }
    },
    {
      "type": "Feature",
      "geometry": {
        "type": "LineString",
        "coordinates": [
          [
            -5.9857086,
            37.3881686
          ],
          [
            -5.9856725,
            37.3883238
          ],
          [
            -5.9856767,
            37.3883645
          ],
          [
            -5.9856751,
            37.388401
          ],
          [
            -5.9856529,
            37.3884885
          ]
        ]
      },
      "properties": {
        "highway": "living_street",
        "name": "Calle Tintes",
        "oneway": "yes",
        "surface": "paving_stones"
      }
    },
    {
      "type": "Feature",
      "geometry": {
        "type": "LineString",
        "coordinates": [
          [
            -5.9853091,
            37.3880652
          ],
          [
            -5.9853323,
            37.3880712
          ],
          [
            -5.9857086,
            37.3881686
          ]
        ]
      },
      "properties": {
        "cycleway:right": "no",
        "highway": "residential",
        "oneway": "yes"
      }
    },
    {
      "type": "Feature",
      "geometry": {
        "type": "LineString",
        "coordinates": [
          [
            -5.9857604,
            37.3880218
          ],
          [
            -5.9853874,
            37.3879296
          ],
          [
            -5.9853756,
            37.3879267
          ]
        ]
      },
      "properties": {
        "cycleway:left": "shared_lane",
        "cycleway:left:lane": "pictogram",
        "cycleway:left:oneway": "-1",
        "highway": "residential",
        "oneway": "yes",
        "oneway:bicycle": "no"
      }
    },
    {
      "type": "Feature",
      "geometry": {
        "type": "LineString",
        "coordinates": [
          [
            -5.9857604,
            37.3880218
          ],
          [
            -5.9857086,
            37.3881686
          ]
        ]
      },
      "properties": {
        "cycleway:right": "no",
        "highway": "residential"
      }
    },
    {
      "type": "Feature",
      "geometry": {
        "type": "LineString",
        "coordinates": [
          [
            -5.9858997,
            37.3876396
          ],
          [
            -5.9858818,
            37.3876921
          ],
          [
            -5.98585,
            37.3878056
          ]
        ]
      },
      "properties": {
        "highway": "living_street",
        "name": "Calle San Clemente",
        "surface": "paving_stones"
      }
    },
    {
      "type": "Feature",
      "geometry": {
        "type": "LineString",
        "coordinates": [
          [
            -5.9891093,
            37.3885161
          ],
          [
            -5.9892042,
            37.3884489
          ]
        ]
      },
      "properties": {
        "highway": "living_street",
        "lit": "yes",
        "maxspeed": "20",
        "name": "Calle Conde de Ibarra",
        "oneway": "no",
        "sidewalk": "no",
        "surface": "sett"
      }
    },
    {
      "type": "Feature",
      "geometry": {
        "type": "LineString",
        "coordinates": [
          [
            -5.9865852,
            37.3878022
          ],
          [
            -5.986841,
            37.3875723
          ]
        ]
      },
      "properties": {
        "highway": "pedestrian",
        "name": "Calle San Bartolom\u00e9",
        "surface": "paving_stones"
      }
    },
    {
      "type": "Feature",
      "geometry": {
        "type": "LineString",
        "coordinates": [
          [
            -5.9871055,
            37.3881638
          ],
          [
            -5.9868899,
            37.3880198
          ]
        ]
      },
      "properties": {
        "highway": "living_street",
        "maxspeed": "30",
        "name": "Calle Lev\u00edes",
        "oneway": "yes",
        "sidewalk": "no",
        "surface": "sett"
      }
    },
    {
      "type": "Feature",
      "geometry": {
        "type": "LineString",
        "coordinates": [
          [
            -5.9851069,
            37.3936313
          ],
          [
            -5.9850106,
            37.3936649
          ]
        ]
      },
      "properties": {
        "highway": "living_street",
        "lit": "yes",
        "name": "Calle Pinto",
        "oneway": "no",
        "sidewalk:both:width": "0.40",
        "surface": "asphalt"
      }
    },
    {
      "type": "Feature",
      "geometry": {
        "type": "LineString",
        "coordinates": [
          [
            -5.9853323,
            37.3880712
          ],
          [
            -5.9853874,
            37.3879296
          ]
        ]
      },
      "properties": {
        "highway": "footway"
      }
    },
    {
      "type": "Feature",
      "geometry": {
        "type": "LineString",
        "coordinates": [
          [
            -5.994454,
            37.3906925
          ],
          [
            -5.9944862,
            37.3906901
          ]
        ]
      },
      "properties": {
        "highway": "footway",
        "name": "Pasaje del Ateneo",
        "surface": "paving_stones"
      }
    },
    {
      "type": "Feature",
      "geometry": {
        "type": "LineString",
        "coordinates": [
          [
            -5.9949902,
            37.3909562
          ],
          [
            -5.9949922,
            37.3909366
          ]
        ]
      },
      "properties": {
        "highway": "footway",
        "name": "Pasaje del Ateneo",
        "surface": "paving_stones"
      }
    },
    {
      "type": "Feature",
      "geometry": {
        "type": "LineString",
        "coordinates": [
          [
            -5.9947888,
            37.3908995
          ],
          [
            -5.9947851,
            37.3909206
          ]
        ]
      },
      "properties": {
        "highway": "footway",
        "smoothness": "excellent",
        "surface": "paving_stones"
      }
    },
    {
      "type": "Feature",
      "geometry": {
        "type": "LineString",
        "coordinates": [
          [
            -5.9947968,
            37.3908474
          ],
          [
            -5.9947888,
            37.3908995
          ]
        ]
      },
      "properties": {
        "highway": "footway",
        "surface": "paving_stones",
        "tunnel": "building_passage"
      }
    },
    {
      "type": "Feature",
      "geometry": {
        "type": "LineString",
        "coordinates": [
          [
            -5.9948232,
            37.3907288
          ],
          [
            -5.9947968,
            37.3908474
          ]
        ]
      },
      "properties": {
        "highway": "footway",
        "surface": "paving_stones"
      }
    },
    {
      "type": "Feature",
      "geometry": {
        "type": "LineString",
        "coordinates": [
          [
            -5.9934083,
            37.3905082
          ],
          [
            -5.9933472,
            37.3905114
          ]
        ]
      },
      "properties": {
        "highway": "footway",
        "lit": "yes",
        "name": "Pasaje Maestro G\u00f3mez Laserna",
        "smoothness": "intermediate",
        "surface": "paving_stones",
        "tunnel": "building_passage"
      }
    },
    {
      "type": "Feature",
      "geometry": {
        "type": "LineString",
        "coordinates": [
          [
            -5.9947182,
            37.3923752
          ],
          [
            -5.9948638,
            37.3923395
          ]
        ]
      },
      "properties": {
        "highway": "pedestrian",
        "lit": "yes",
        "name": "Calle Rafael Padura",
        "smoothness": "excellent",
        "surface": "paving_stones"
      }
    },
    {
      "type": "Feature",
      "geometry": {
        "type": "LineString",
        "coordinates": [
          [
            -5.9903089,
            37.3871957
          ],
          [
            -5.990049,
            37.3874832
          ]
        ]
      },
      "properties": {
        "highway": "pedestrian",
        "name": "Calle Madre Mercedes Trullas"
      }
    },
    {
      "type": "Feature",
      "geometry": {
        "type": "LineString",
        "coordinates": [
          [
            -5.9930919,
            37.3896906
          ],
          [
            -5.9930937,
            37.3897064
          ],
          [
            -5.9930997,
            37.3897582
          ],
          [
            -5.9931466,
            37.390186
          ],
          [
            -5.9931955,
            37.3902047
          ],
          [
            -5.993238,
            37.390209
          ],
          [
            -5.9932485,
            37.3902254
          ],
          [
            -5.9932639,
            37.3902981
          ],
          [
            -5.9932818,
            37.3903829
          ]
        ]
      },
      "properties": {
        "highway": "pedestrian",
        "lit": "yes",
        "name": "Plaza del Salvador",
        "smoothness": "intermediate",
        "surface": "sett"
      }
    },
    {
      "type": "Feature",
      "geometry": {
        "type": "LineString",
        "coordinates": [
          [
            -5.9897028,
            37.3886331
          ],
          [
            -5.9895932,
            37.3885863
          ],
          [
            -5.9892042,
            37.3884489
          ]
        ]
      },
      "properties": {
        "highway": "residential",
        "lane_markings": "no",
        "lit": "yes",
        "name": "Plaza Ram\u00f3n Ybarra Llosent",
        "oneway": "yes",
        "sidewalk": "both",
        "smoothness": "good",
        "surface": "asphalt"
      }
    },
    {
      "type": "Feature",
      "geometry": {
        "type": "LineString",
        "coordinates": [
          [
            -5.9896581,
            37.3868311
          ],
          [
            -5.9893462,
            37.387178
          ]
        ]
      },
      "properties": {
        "highway": "residential",
        "lane_markings": "no",
        "lit": "yes",
        "name": "Calle Mateos Gago",
        "old_name": "Calle Borceniguer\u00eda",
        "oneway": "yes",
        "sidewalk": "both",
        "smoothness": "intermediate",
        "surface": "sett"
      }
    },
    {
      "type": "Feature",
      "geometry": {
        "type": "LineString",
        "coordinates": [
          [
            -5.9929825,
            37.3892868
          ],
          [
            -5.9928368,
            37.3892828
          ],
          [
            -5.9928344,
            37.3892929
          ],
          [
            -5.9928272,
            37.3892993
          ],
          [
            -5.9928202,
            37.3893028
          ],
          [
            -5.9928109,
            37.3893053
          ],
          [
            -5.9928292,
            37.3893064
          ],
          [
            -5.9928244,
            37.3893323
          ],
          [
            -5.9928555,
            37.3893372
          ],
          [
            -5.9928881,
            37.3893702
          ],
          [
            -5.9928771,
            37.3895074
          ],
          [
            -5.9929429,
            37.3895315
          ],
          [
            -5.9929455,
            37.3894818
          ],
          [
            -5.9929697,
            37.3894675
          ],
          [
            -5.9930431,
            37.3894719
          ],
          [
            -5.9930424,
            37.3894923
          ],
          [
            -5.9930915,
            37.3894956
          ],
          [
            -5.9930964,
            37.3894862
          ],
          [
            -5.9932241,
            37.389504
          ],
          [
            -5.9932285,
            37.3894898
          ],
          [
            -5.9932344,
            37.3894712
          ],
          [
            -5.9929823,
            37.3894326
          ],
          [
            -5.992982,
            37.3893896
          ],
          [
            -5.9929631,
            37.3893878
          ],
          [
            -5.9929825,
            37.3892868
          ]
        ]
      },
      "properties": {
        "area": "yes",
        "area:highway": "pedestrian",
        "highway": "pedestrian"
      }
    },
    {
      "type": "Feature",
      "geometry": {
        "type": "LineString",
        "coordinates": [
          [
            -5.992922,
            37.3894467
          ],
          [
            -5.9929971,
            37.3894479
          ],
          [
            -5.9932285,
            37.3894898
          ],
          [
            -5.9932764,
            37.3894985
          ]
        ]
      },
      "properties": {
        "highway": "pedestrian"
      }
    },
    {
      "type": "Feature",
      "geometry": {
        "type": "LineString",
        "coordinates": [
          [
            -5.9934337,
            37.3871931
          ],
          [
            -5.9934846,
            37.3871892
          ]
        ]
      },
      "properties": {
        "highway": "footway",
        "layer": "-1",
        "tunnel": "building_passage"
      }
    },
    {
      "type": "Feature",
      "geometry": {
        "type": "LineString",
        "coordinates": [
          [
            -5.9934846,
            37.3871892
          ],
          [
            -5.9936014,
            37.3871804
          ],
          [
            -5.9935555,
            37.3869311
          ]
        ]
      },
      "properties": {
        "highway": "footway"
      }
    },
    {
      "type": "Feature",
      "geometry": {
        "type": "LineString",
        "coordinates": [
          [
            -5.9934003,
            37.3871956
          ],
          [
            -5.9934189,
            37.3871942
          ],
          [
            -5.9934337,
            37.3871931
          ]
        ]
      },
      "properties": {
        "footway": "alley",
        "highway": "footway"
      }
    },
    {
      "type": "Feature",
      "geometry": {
        "type": "LineString",
        "coordinates": [
          [
            -5.9887593,
            37.3855295
          ],
          [
            -5.9887419,
            37.3855272
          ],
          [
            -5.9887268,
            37.3855304
          ]
        ]
      },
      "properties": {
        "highway": "pedestrian",
        "name": "Callej\u00f3n de las Moradas"
      }
    },
    {
      "type": "Feature",
      "geometry": {
        "type": "LineString",
        "coordinates": [
          [
            -5.9887268,
            37.3855304
          ],
          [
            -5.9885498,
            37.3856153
          ],
          [
            -5.9885306,
            37.3856332
          ],
          [
            -5.988498,
            37.3856495
          ]
        ]
      },
      "properties": {
        "access": "no",
        "highway": "pedestrian",
        "name": "Callej\u00f3n de las Moradas"
      }
    },
    {
      "type": "Feature",
      "geometry": {
        "type": "LineString",
        "coordinates": [
          [
            -5.9924551,
            37.3936635
          ],
          [
            -5.9922011,
            37.3933874
          ],
          [
            -5.9922571,
            37.3928583
          ],
          [
            -5.9922641,
            37.3927902
          ]
        ]
      },
      "properties": {
        "highway": "footway",
        "lit": "yes"
      }
    },
    {
      "type": "Feature",
      "geometry": {
        "type": "LineString",
        "coordinates": [
          [
            -5.9902584,
            37.3927955
          ],
          [
            -5.9902145,
            37.3928812
          ],
          [
            -5.9902662,
            37.3929787
          ]
        ]
      },
      "properties": {
        "highway": "residential",
        "lane_markings": "no",
        "lit": "yes",
        "motor_vehicle": "destination",
        "name": "Calle Santa \u00c1ngela de la Cruz",
        "name:etymology:wikidata": "Q252055",
        "old_name": "Calle Sor \u00c1ngela de la Cruz",
        "sidewalk": "both",
        "surface": "asphalt"
      }
    },
    {
      "type": "Feature",
      "geometry": {
        "type": "LineString",
        "coordinates": [
          [
            -5.9941183,
            37.38666
          ],
          [
            -5.9941594,
            37.3866479
          ]
        ]
      },
      "properties": {
        "highway": "living_street",
        "lit": "yes",
        "name": "Calle Garc\u00eda de Vinuesa",
        "oneway": "yes",
        "smoothness": "good",
        "surface": "paving_stones"
      }
    },
    {
      "type": "Feature",
      "geometry": {
        "type": "LineString",
        "coordinates": [
          [
            -5.9942434,
            37.3866234
          ],
          [
            -5.9946848,
            37.3865377
          ],
          [
            -5.9947286,
            37.3865292
          ]
        ]
      },
      "properties": {
        "highway": "living_street",
        "lanes": "1",
        "lit": "yes",
        "name": "Calle Garc\u00eda de Vinuesa",
        "oneway": "yes",
        "sidewalk": "both",
        "surface": "cobblestone"
      }
    },
    {
      "type": "Feature",
      "geometry": {
        "type": "LineString",
        "coordinates": [
          [
            -5.9846786,
            37.3891964
          ],
          [
            -5.9850773,
            37.3893392
          ]
        ]
      },
      "properties": {
        "footway": "sidewalk",
        "highway": "footway"
      }
    },
    {
      "type": "Feature",
      "geometry": {
        "type": "LineString",
        "coordinates": [
          [
            -5.9860678,
            37.3858625
          ],
          [
            -5.9859774,
            37.385829
          ],
          [
            -5.9859013,
            37.3858016
          ]
        ]
      },
      "properties": {
        "button_operated": "no",
        "crossing": "traffic_signals",
        "crossing:island": "no",
        "crossing:markings": "dots",
        "crossing:signals": "yes",
        "footway": "crossing",
        "highway": "footway",
        "surface": "asphalt",
        "tactile_paving": "yes"
      }
    },
    {
      "type": "Feature",
      "geometry": {
        "type": "LineString",
        "coordinates": [
          [
            -5.9859013,
            37.3858016
          ],
          [
            -5.9858715,
            37.3857908
          ],
          [
            -5.9859165,
            37.3857
          ],
          [
            -5.9859093,
            37.3856749
          ],
          [
            -5.9858916,
            37.38566
          ],
          [
            -5.9858557,
            37.3856473
          ],
          [
            -5.98586,
            37.3856409
          ],
          [
            -5.9858687,
            37.385627
          ]
        ]
      },
      "properties": {
        "footway": "sidewalk",
        "highway": "footway"
      }
    },
    {
      "type": "Feature",
      "geometry": {
        "type": "LineString",
        "coordinates": [
          [
            -5.9858687,
            37.385627
          ],
          [
            -5.985911,
            37.3855717
          ],
          [
            -5.9859582,
            37.3854955
          ]
        ]
      },
      "properties": {
        "crossing": "traffic_signals",
        "crossing:markings": "zebra",
        "crossing:signals": "yes",
        "footway": "crossing",
        "highway": "footway"
      }
    },
    {
      "type": "Feature",
      "geometry": {
        "type": "LineString",
        "coordinates": [
          [
            -5.9858557,
            37.3856473
          ],
          [
            -5.9858331,
            37.3856374
          ],
          [
            -5.9857704,
            37.3856138
          ],
          [
            -5.9857204,
            37.3855948
          ],
          [
            -5.9857026,
            37.3855879
          ],
          [
            -5.9856763,
            37.3855713
          ],
          [
            -5.9856617,
            37.3855677
          ],
          [
            -5.9856189,
            37.3855715
          ]
        ]
      },
      "properties": {
        "footway": "sidewalk",
        "highway": "footway",
        "surface": "paving_stones"
      }
    },
    {
      "type": "Feature",
      "geometry": {
        "type": "LineString",
        "coordinates": [
          [
            -5.9856189,
            37.3855715
          ],
          [
            -5.9856021,
            37.3855701
          ],
          [
            -5.9855823,
            37.3855653
          ],
          [
            -5.985488,
            37.3855348
          ],
          [
            -5.9853141,
            37.385479
          ],
          [
            -5.9852869,
            37.3854693
          ]
        ]
      },
      "properties": {
        "footway": "sidewalk",
        "highway": "footway",
        "surface": "paving_stones"
      }
    },
    {
      "type": "Feature",
      "geometry": {
        "type": "LineString",
        "coordinates": [
          [
            -5.9852869,
            37.3854693
          ],
          [
            -5.9852687,
            37.3854632
          ],
          [
            -5.985254,
            37.3854583
          ]
        ]
      },
      "properties": {
        "crossing": "uncontrolled",
        "crossing:markings": "zebra",
        "footway": "crossing",
        "highway": "footway",
        "surface": "asphalt"
      }
    },
    {
      "type": "Feature",
      "geometry": {
        "type": "LineString",
        "coordinates": [
          [
            -5.985254,
            37.3854583
          ],
          [
            -5.9852065,
            37.3854371
          ],
          [
            -5.9850918,
            37.385391
          ],
          [
            -5.984968,
            37.3853354
          ],
          [
            -5.9847784,
            37.3852524
          ]
        ]
      },
      "properties": {
        "footway": "sidewalk",
        "highway": "footway",
        "surface": "paving_stones"
      }
    },
    {
      "type": "Feature",
      "geometry": {
        "type": "LineString",
        "coordinates": [
          [
            -5.9864584,
            37.3853074
          ],
          [
            -5.9864622,
            37.3853003
          ],
          [
            -5.9864785,
            37.3852697
          ],
          [
            -5.9865169,
            37.3851981
          ],
          [
            -5.9865255,
            37.3851821
          ]
        ]
      },
      "properties": {
        "crossing": "uncontrolled",
        "crossing:markings": "zebra",
        "footway": "crossing",
        "highway": "footway",
        "surface": "paving_stones"
      }
    },
    {
      "type": "Feature",
      "geometry": {
        "type": "LineString",
        "coordinates": [
          [
            -5.9864584,
            37.3853074
          ],
          [
            -5.9864381,
            37.3853175
          ],
          [
            -5.9863983,
            37.3853641
          ],
          [
            -5.9862389,
            37.3856762
          ]
        ]
      },
      "properties": {
        "footway": "sidewalk",
        "highway": "footway",
        "surface": "paving_stones"
      }
    },
    {
      "type": "Feature",
      "geometry": {
        "type": "LineString",
        "coordinates": [
          [
            -5.9862389,
            37.3856762
          ],
          [
            -5.9862313,
            37.3856911
          ],
          [
            -5.9862237,
            37.385704
          ]
        ]
      },
      "properties": {
        "crossing": "traffic_signals",
        "crossing:markings": "yes",
        "crossing:signals": "yes",
        "footway": "crossing",
        "highway": "footway",
        "surface": "asphalt"
      }
    },
    {
      "type": "Feature",
      "geometry": {
        "type": "LineString",
        "coordinates": [
          [
            -5.9862237,
            37.385704
          ],
          [
            -5.9861219,
            37.3858818
          ],
          [
            -5.9860571,
            37.3859951
          ]
        ]
      },
      "properties": {
        "footway": "sidewalk",
        "highway": "footway"
      }
    },
    {
      "type": "Feature",
      "geometry": {
        "type": "LineString",
        "coordinates": [
          [
            -5.9860571,
            37.3859951
          ],
          [
            -5.98605,
            37.3860081
          ],
          [
            -5.9860445,
            37.3860183
          ]
        ]
      },
      "properties": {
        "crossing": "uncontrolled",
        "crossing:markings": "zebra",
        "footway": "crossing",
        "highway": "footway",
        "surface": "sett"
      }
    },
    {
      "type": "Feature",
      "geometry": {
        "type": "LineString",
        "coordinates": [
          [
            -5.9860445,
            37.3860183
          ],
          [
            -5.9860183,
            37.3860642
          ],
          [
            -5.9858062,
            37.3864656
          ]
        ]
      },
      "properties": {
        "footway": "sidewalk",
        "highway": "footway",
        "surface": "paving_stones"
      }
    },
    {
      "type": "Feature",
      "geometry": {
        "type": "LineString",
        "coordinates": [
          [
            -5.9858062,
            37.3864656
          ],
          [
            -5.9857988,
            37.3864788
          ],
          [
            -5.9857907,
            37.3864921
          ]
        ]
      },
      "properties": {
        "crossing": "uncontrolled",
        "crossing:markings": "zebra",
        "footway": "crossing",
        "highway": "footway",
        "surface": "sett"
      }
    },
    {
      "type": "Feature",
      "geometry": {
        "type": "LineString",
        "coordinates": [
          [
            -5.9857907,
            37.3864921
          ],
          [
            -5.9857031,
            37.3866418
          ]
        ]
      },
      "properties": {
        "footway": "sidewalk",
        "highway": "footway",
        "surface": "paving_stones"
      }
    },
    {
      "type": "Feature",
      "geometry": {
        "type": "LineString",
        "coordinates": [
          [
            -5.9857031,
            37.3866418
          ],
          [
            -5.9856967,
            37.3866541
          ],
          [
            -5.9856879,
            37.3866709
          ]
        ]
      },
      "properties": {
        "crossing": "uncontrolled",
        "crossing:markings": "zebra",
        "footway": "crossing",
        "highway": "footway",
        "surface": "sett"
      }
    },
    {
      "type": "Feature",
      "geometry": {
        "type": "LineString",
        "coordinates": [
          [
            -5.9856879,
            37.3866709
          ],
          [
            -5.985534,
            37.3868969
          ]
        ]
      },
      "properties": {
        "footway": "sidewalk",
        "highway": "footway",
        "surface": "paving_stones"
      }
    },
    {
      "type": "Feature",
      "geometry": {
        "type": "LineString",
        "coordinates": [
          [
            -5.985534,
            37.3868969
          ],
          [
            -5.9855283,
            37.3869086
          ],
          [
            -5.9855221,
            37.3869223
          ]
        ]
      },
      "properties": {
        "crossing": "uncontrolled",
        "crossing:markings": "zebra",
        "footway": "crossing",
        "highway": "footway",
        "surface": "sett"
      }
    },
    {
      "type": "Feature",
      "geometry": {
        "type": "LineString",
        "coordinates": [
          [
            -5.9855221,
            37.3869223
          ],
          [
            -5.9853255,
            37.3872834
          ],
          [
            -5.9852952,
            37.3873503
          ],
          [
            -5.9852156,
            37.3875501
          ],
          [
            -5.9851929,
            37.3876107
          ]
        ]
      },
      "properties": {
        "footway": "sidewalk",
        "highway": "footway",
        "surface": "paving_stones"
      }
    },
    {
      "type": "Feature",
      "geometry": {
        "type": "LineString",
        "coordinates": [
          [
            -5.9851929,
            37.3876107
          ],
          [
            -5.9851859,
            37.3876288
          ],
          [
            -5.9851809,
            37.387642
          ]
        ]
      },
      "properties": {
        "crossing": "uncontrolled",
        "crossing:markings": "zebra",
        "footway": "crossing",
        "highway": "footway"
      }
    },
    {
      "type": "Feature",
      "geometry": {
        "type": "LineString",
        "coordinates": [
          [
            -5.9851809,
            37.387642
          ],
          [
            -5.9851408,
            37.3877377
          ],
          [
            -5.985124,
            37.3877342
          ]
        ]
      },
      "properties": {
        "footway": "sidewalk",
        "highway": "footway"
      }
    },
    {
      "type": "Feature",
      "geometry": {
        "type": "LineString",
        "coordinates": [
          [
            -5.985124,
            37.3877342
          ],
          [
            -5.9850221,
            37.3877081
          ],
          [
            -5.9849469,
            37.3876889
          ]
        ]
      },
      "properties": {
        "crossing": "traffic_signals",
        "crossing:markings": "zebra",
        "crossing:signals": "yes",
        "footway": "crossing",
        "highway": "footway",
        "surface": "asphalt"
      }
    },
    {
      "type": "Feature",
      "geometry": {
        "type": "LineString",
        "coordinates": [
          [
            -5.9851408,
            37.3877377
          ],
          [
            -5.9851022,
            37.3878456
          ]
        ]
      },
      "properties": {
        "footway": "sidewalk",
        "highway": "footway"
      }
    },
    {
      "type": "Feature",
      "geometry": {
        "type": "LineString",
        "coordinates": [
          [
            -5.9851022,
            37.3878456
          ],
          [
            -5.9850983,
            37.3878557
          ],
          [
            -5.9850947,
            37.3878648
          ]
        ]
      },
      "properties": {
        "crossing": "uncontrolled",
        "crossing:markings": "zebra",
        "footway": "crossing",
        "highway": "footway"
      }
    },
    {
      "type": "Feature",
      "geometry": {
        "type": "LineString",
        "coordinates": [
          [
            -5.9850947,
            37.3878648
          ],
          [
            -5.9850627,
            37.3879583
          ],
          [
            -5.9850517,
            37.3879868
          ]
        ]
      },
      "properties": {
        "footway": "sidewalk",
        "highway": "footway"
      }
    },
    {
      "type": "Feature",
      "geometry": {
        "type": "LineString",
        "coordinates": [
          [
            -5.9850517,
            37.3879868
          ],
          [
            -5.985049,
            37.3879945
          ],
          [
            -5.9850464,
            37.388002
          ]
        ]
      },
      "properties": {
        "crossing": "uncontrolled",
        "crossing:markings": "zebra",
        "footway": "crossing",
        "highway": "footway"
      }
    },
    {
      "type": "Feature",
      "geometry": {
        "type": "LineString",
        "coordinates": [
          [
            -5.9850464,
            37.388002
          ],
          [
            -5.9850064,
            37.3881067
          ],
          [
            -5.984932,
            37.3883001
          ],
          [
            -5.9849038,
            37.3883733
          ],
          [
            -5.984897,
            37.3883897
          ],
          [
            -5.9848633,
            37.388474
          ],
          [
            -5.9848646,
            37.388518
          ],
          [
            -5.9848464,
            37.3885747
          ],
          [
            -5.98482,
            37.3886014
          ],
          [
            -5.9847012,
            37.3889218
          ],
          [
            -5.9846217,
            37.3891603
          ],
          [
            -5.9846383,
            37.3891808
          ],
          [
            -5.9846786,
            37.3891964
          ]
        ]
      },
      "properties": {
        "footway": "sidewalk",
        "highway": "footway"
      }
    },
    {
      "type": "Feature",
      "geometry": {
        "type": "LineString",
        "coordinates": [
          [
            -5.9827226,
            37.3845537
          ],
          [
            -5.9837516,
            37.3847486
          ],
          [
            -5.983836,
            37.3847645
          ],
          [
            -5.9839251,
            37.3847879
          ],
          [
            -5.9840057,
            37.3848134
          ],
          [
            -5.9841772,
            37.3848805
          ],
          [
            -5.9844691,
            37.3850097
          ],
          [
            -5.9845884,
            37.3850626
          ],
          [
            -5.9849444,
            37.3852204
          ],
          [
            -5.9855048,
            37.3854688
          ]
        ]
      },
      "properties": {
        "bridge": "yes",
        "footway": "sidewalk",
        "highway": "footway",
        "layer": "1"
      }
    },
    {
      "type": "Feature",
      "geometry": {
        "type": "LineString",
        "coordinates": [
          [
            -5.9855048,
            37.3854688
          ],
          [
            -5.985494,
            37.3854853
          ],
          [
            -5.9853305,
            37.3854235
          ],
          [
            -5.9850408,
            37.385296
          ],
          [
            -5.9850143,
            37.3852931
          ],
          [
            -5.9848873,
            37.3852361
          ],
          [
            -5.9848814,
            37.3852219
          ],
          [
            -5.9847008,
            37.3851416
          ],
          [
            -5.984682,
            37.3851284
          ]
        ]
      },
      "properties": {
        "footway": "sidewalk",
        "highway": "footway"
      }
    },
    {
      "type": "Feature",
      "geometry": {
        "type": "LineString",
        "coordinates": [
          [
            -5.9850408,
            37.385296
          ],
          [
            -5.9850258,
            37.3852771
          ]
        ]
      },
      "properties": {
        "footway": "sidewalk",
        "highway": "footway"
      }
    },
    {
      "type": "Feature",
      "geometry": {
        "type": "LineString",
        "coordinates": [
          [
            -5.9828893,
            37.384466
          ],
          [
            -5.9830055,
            37.3844911
          ],
          [
            -5.9837833,
            37.3846388
          ],
          [
            -5.9838494,
            37.3846513
          ],
          [
            -5.9839549,
            37.384678
          ],
          [
            -5.9840787,
            37.3847162
          ],
          [
            -5.9842121,
            37.384769
          ],
          [
            -5.9846434,
            37.3849626
          ],
          [
            -5.9847555,
            37.3850129
          ],
          [
            -5.9850185,
            37.3851287
          ],
          [
            -5.9855724,
            37.3853727
          ]
        ]
      },
      "properties": {
        "bridge": "yes",
        "footway": "sidewalk",
        "highway": "footway",
        "layer": "1"
      }
    },
    {
      "type": "Feature",
      "geometry": {
        "type": "LineString",
        "coordinates": [
          [
            -5.9855724,
            37.3853727
          ],
          [
            -5.9855827,
            37.3853521
          ],
          [
            -5.9851992,
            37.3851754
          ],
          [
            -5.9851321,
            37.385149
          ],
          [
            -5.985124,
            37.3851366
          ],
          [
            -5.9849913,
            37.385079
          ],
          [
            -5.9849725,
            37.3850798
          ],
          [
            -5.9847974,
            37.3850021
          ],
          [
            -5.9847872,
            37.3849863
          ],
          [
            -5.9846416,
            37.3849232
          ],
          [
            -5.9845474,
            37.3849102
          ],
          [
            -5.9844964,
            37.3849826
          ],
          [
            -5.9845003,
            37.3850445
          ],
          [
            -5.9845424,
            37.3850645
          ],
          [
            -5.9845413,
            37.3850808
          ],
          [
            -5.9846713,
            37.3851409
          ],
          [
            -5.9847008,
            37.3851416
          ]
        ]
      },
      "properties": {
        "footway": "sidewalk",
        "highway": "footway"
      }
    },
    {
      "type": "Feature",
      "geometry": {
        "type": "LineString",
        "coordinates": [
          [
            -5.9851321,
            37.385149
          ],
          [
            -5.985113,
            37.3851495
          ]
        ]
      },
      "properties": {
        "footway": "sidewalk",
        "highway": "footway"
      }
    },
    {
      "type": "Feature",
      "geometry": {
        "type": "LineString",
        "coordinates": [
          [
            -5.9855616,
            37.3865843
          ],
          [
            -5.9856596,
            37.3866392
          ],
          [
            -5.9856967,
            37.3866541
          ],
          [
            -5.9859018,
            37.3867267
          ]
        ]
      },
      "properties": {
        "highway": "residential",
        "lanes": "1",
        "name": "Calle Juan de la Cueva",
        "oneway": "yes",
        "sidewalk": "both",
        "surface": "sett"
      }
    },
    {
      "type": "Feature",
      "geometry": {
        "type": "LineString",
        "coordinates": [
          [
            -5.98599,
            37.3865471
          ],
          [
            -5.9857988,
            37.3864788
          ],
          [
            -5.9857574,
            37.3864641
          ],
          [
            -5.9856527,
            37.3864222
          ]
        ]
      },
      "properties": {
        "highway": "residential",
        "lanes": "1",
        "maxspeed": "20",
        "name": "Calle Juan Hispalense",
        "oneway": "yes",
        "sidewalk": "both",
        "surface": "sett"
      }
    },
    {
      "type": "Feature",
      "geometry": {
        "type": "LineString",
        "coordinates": [
          [
            -5.9861219,
            37.3858818
          ],
          [
            -5.9860885,
            37.3858699
          ],
          [
            -5.9860808,
            37.3858671
          ],
          [
            -5.9860678,
            37.3858625
          ]
        ]
      },
      "properties": {
        "button_operated": "no",
        "crossing": "uncontrolled",
        "crossing:island": "no",
        "crossing:markings": "zebra",
        "footway": "crossing",
        "highway": "footway",
        "surface": "asphalt",
        "tactile_paving": "yes"
      }
    },
    {
      "type": "Feature",
      "geometry": {
        "type": "LineString",
        "coordinates": [
          [
            -5.9905191,
            37.385006
          ],
          [
            -5.990677,
            37.3849476
          ],
          [
            -5.9905681,
            37.3846788
          ],
          [
            -5.9904703,
            37.3847271
          ],
          [
            -5.9903522,
            37.3847876
          ],
          [
            -5.9905191,
            37.385006
          ]
        ]
      },
      "properties": {
        "highway": "pedestrian",
        "name": "Plaza de Do\u00f1a Elvira",
        "surface": "unhewn_cobblestone"
      }
    },
    {
      "type": "Feature",
      "geometry": {
        "type": "LineString",
        "coordinates": [
          [
            -5.990194,
            37.3862495
          ],
          [
            -5.9901045,
            37.3862217
          ],
          [
            -5.9899433,
            37.3861632
          ]
        ]
      },
      "properties": {
        "highway": "pedestrian",
        "lit": "yes",
        "name": "Calle Mes\u00f3n del Moro",
        "surface": "paving_stones"
      }
    },
    {
      "type": "Feature",
      "geometry": {
        "type": "LineString",
        "coordinates": [
          [
            -5.9893123,
            37.386072
          ],
          [
            -5.9891553,
            37.386142
          ],
          [
            -5.9890166,
            37.3861987
          ],
          [
            -5.9886641,
            37.3863093
          ],
          [
            -5.9885189,
            37.3863901
          ],
          [
            -5.9884614,
            37.3864333
          ],
          [
            -5.9884214,
            37.3864645
          ]
        ]
      },
      "properties": {
        "highway": "pedestrian",
        "lit": "yes",
        "name": "Calle Xim\u00e9nez de Enciso",
        "surface": "paving_stones"
      }
    },
    {
      "type": "Feature",
      "geometry": {
        "type": "LineString",
        "coordinates": [
          [
            -5.994608,
            37.388246
          ],
          [
            -5.9947884,
            37.3883691
          ],
          [
            -5.9949094,
            37.3883985
          ]
        ]
      },
      "properties": {
        "highway": "footway",
        "name": "Avenida de la Constituci\u00f3n",
        "smoothness": "good",
        "surface": "paving_stones"
      }
    },
    {
      "type": "Feature",
      "geometry": {
        "type": "LineString",
        "coordinates": [
          [
            -5.9944253,
            37.3881284
          ],
          [
            -5.9942544,
            37.3881316
          ],
          [
            -5.9941268,
            37.3882705
          ]
        ]
      },
      "properties": {
        "highway": "footway",
        "name": "Plaza de San Francisco",
        "smoothness": "excellent",
        "surface": "paving_stones"
      }
    },
    {
      "type": "Feature",
      "geometry": {
        "type": "LineString",
        "coordinates": [
          [
            -5.9926415,
            37.3862691
          ],
          [
            -5.9924618,
            37.3862839
          ],
          [
            -5.9924178,
            37.3863092
          ]
        ]
      },
      "properties": {
        "highway": "footway"
      }
    },
    {
      "type": "Feature",
      "geometry": {
        "type": "LineString",
        "coordinates": [
          [
            -5.9911779,
            37.3854562
          ],
          [
            -5.9911146,
            37.3853362
          ],
          [
            -5.9910701,
            37.3852518
          ]
        ]
      },
      "properties": {
        "highway": "pedestrian",
        "lit": "yes",
        "name": "Plaza de la Alianza"
      }
    },
    {
      "type": "Feature",
      "geometry": {
        "type": "LineString",
        "coordinates": [
          [
            -5.9910992,
            37.3855052
          ],
          [
            -5.9910844,
            37.3854834
          ],
          [
            -5.9911779,
            37.3854562
          ],
          [
            -5.9912318,
            37.3854405
          ]
        ]
      },
      "properties": {
        "highway": "pedestrian",
        "lit": "yes",
        "name": "Plaza de la Alianza"
      }
    },
    {
      "type": "Feature",
      "geometry": {
        "type": "LineString",
        "coordinates": [
          [
            -5.989729,
            37.3851318
          ],
          [
            -5.9897172,
            37.3850673
          ],
          [
            -5.9898532,
            37.3849991
          ],
          [
            -5.9898945,
            37.3850051
          ],
          [
            -5.9899458,
            37.3849837
          ]
        ]
      },
      "properties": {
        "highway": "pedestrian",
        "name": "Plaza de los Venerables",
        "surface": "paving_stones",
        "wikidata": "Q119400232",
        "wikipedia": "es:Plaza de los Venerables"
      }
    },
    {
      "type": "Feature",
      "geometry": {
        "type": "LineString",
        "coordinates": [
          [
            -5.9921552,
            37.3852804
          ],
          [
            -5.9920345,
            37.3853213
          ],
          [
            -5.9919463,
            37.3852716
          ],
          [
            -5.9918072,
            37.3851116
          ],
          [
            -5.9917712,
            37.3850704
          ]
        ]
      },
      "properties": {
        "highway": "footway",
        "lit": "yes",
        "name": "Plaza del Triunfo",
        "surface": "sett"
      }
    },
    {
      "type": "Feature",
      "geometry": {
        "type": "LineString",
        "coordinates": [
          [
            -5.9924427,
            37.3847696
          ],
          [
            -5.9918072,
            37.3851116
          ],
          [
            -5.9917496,
            37.385139
          ]
        ]
      },
      "properties": {
        "highway": "footway",
        "lit": "yes",
        "name": "Plaza del Triunfo",
        "smoothness": "intermediate",
        "surface": "sett"
      }
    },
    {
      "type": "Feature",
      "geometry": {
        "type": "LineString",
        "coordinates": [
          [
            -5.990934,
            37.3853993
          ],
          [
            -5.9909878,
            37.3853805
          ],
          [
            -5.9911146,
            37.3853362
          ]
        ]
      },
      "properties": {
        "highway": "pedestrian",
        "lit": "yes",
        "name": "Plaza de la Alianza"
      }
    },
    {
      "type": "Feature",
      "geometry": {
        "type": "LineString",
        "coordinates": [
          [
            -5.9910844,
            37.3854834
          ],
          [
            -5.9909878,
            37.3853805
          ]
        ]
      },
      "properties": {
        "highway": "pedestrian",
        "lit": "yes",
        "name": "Plaza de la Alianza"
      }
    },
    {
      "type": "Feature",
      "geometry": {
        "type": "LineString",
        "coordinates": [
          [
            -5.9924862,
            37.3856191
          ],
          [
            -5.9922263,
            37.3856393
          ]
        ]
      },
      "properties": {
        "highway": "footway"
      }
    },
    {
      "type": "Feature",
      "geometry": {
        "type": "LineString",
        "coordinates": [
          [
            -5.9933252,
            37.38663
          ],
          [
            -5.9933312,
            37.3866733
          ]
        ]
      },
      "properties": {
        "highway": "footway",
        "surface": "paving_stones"
      }
    },
    {
      "type": "Feature",
      "geometry": {
        "type": "LineString",
        "coordinates": [
          [
            -5.9933145,
            37.3865292
          ],
          [
            -5.9933252,
            37.38663
          ]
        ]
      },
      "properties": {
        "highway": "footway",
        "indoor": "yes"
      }
    },
    {
      "type": "Feature",
      "geometry": {
        "type": "LineString",
        "coordinates": [
          [
            -5.9882109,
            37.3933777
          ],
          [
            -5.9882213,
            37.3935298
          ]
        ]
      },
      "properties": {
        "highway": "living_street",
        "lit": "yes",
        "maxspeed": "20",
        "name": "Calle Bustos Tavera",
        "sidewalk": "both",
        "source": "PNOA",
        "source:date": "2009",
        "surface": "sett"
      }
    },
    {
      "type": "Feature",
      "geometry": {
        "type": "LineString",
        "coordinates": [
          [
            -5.9946799,
            37.3854807
          ],
          [
            -5.9947012,
            37.3854789
          ],
          [
            -5.9947536,
            37.3854812
          ],
          [
            -5.9947734,
            37.385484
          ],
          [
            -5.9948152,
            37.3854958
          ],
          [
            -5.9948375,
            37.3855082
          ],
          [
            -5.9948633,
            37.3855284
          ],
          [
            -5.9948904,
            37.3855603
          ]
        ]
      },
      "properties": {
        "highway": "footway",
        "image": "https://photos.app.goo.gl/w3c3JMuZHfnwdBzN6",
        "mapillary": "479162143501158",
        "surface": "paving_stones",
        "tunnel": "building_passage"
      }
    },
    {
      "type": "Feature",
      "geometry": {
        "type": "LineString",
        "coordinates": [
          [
            -5.9946799,
            37.3854807
          ],
          [
            -5.9946591,
            37.385488
          ],
          [
            -5.9946351,
            37.3854983
          ],
          [
            -5.994612,
            37.3855106
          ],
          [
            -5.9945953,
            37.3855209
          ],
          [
            -5.9945827,
            37.38553
          ],
          [
            -5.9945721,
            37.3855429
          ],
          [
            -5.9945607,
            37.3855581
          ],
          [
            -5.9945518,
            37.3855739
          ],
          [
            -5.9945445,
            37.3855939
          ],
          [
            -5.9945412,
            37.3856085
          ],
          [
            -5.9945396,
            37.3856256
          ],
          [
            -5.9945429,
            37.3856581
          ]
        ]
      },
      "properties": {
        "highway": "footway",
        "surface": "paving_stones",
        "tunnel": "building_passage"
      }
    },
    {
      "type": "Feature",
      "geometry": {
        "type": "LineString",
        "coordinates": [
          [
            -5.9942632,
            37.3935898
          ],
          [
            -5.9942422,
            37.393368
          ]
        ]
      },
      "properties": {
        "highway": "pedestrian",
        "name": "Pasaje Francisco Molina",
        "tunnel": "building_passage",
        "wheelchair": "yes"
      }
    },
    {
      "type": "Feature",
      "geometry": {
        "type": "LineString",
        "coordinates": [
          [
            -5.9942095,
            37.3929638
          ],
          [
            -5.9942007,
            37.3928548
          ]
        ]
      },
      "properties": {
        "highway": "pedestrian",
        "name": "Pasaje Francisco Molina",
        "tunnel": "building_passage",
        "wheelchair": "yes"
      }
    },
    {
      "type": "Feature",
      "geometry": {
        "type": "LineString",
        "coordinates": [
          [
            -5.9942007,
            37.3928548
          ],
          [
            -5.9941956,
            37.3927914
          ]
        ]
      },
      "properties": {
        "highway": "pedestrian",
        "name": "Pasaje Francisco Molina",
        "surface": "sett",
        "wheelchair": "yes"
      }
    },
    {
      "type": "Feature",
      "geometry": {
        "type": "LineString",
        "coordinates": [
          [
            -5.9942649,
            37.3936123
          ],
          [
            -5.9942632,
            37.3935898
          ]
        ]
      },
      "properties": {
        "highway": "pedestrian",
        "name": "Pasaje Francisco Molina",
        "wheelchair": "yes"
      }
    },
    {
      "type": "Feature",
      "geometry": {
        "type": "LineString",
        "coordinates": [
          [
            -5.9937857,
            37.3941072
          ],
          [
            -5.9937756,
            37.3942583
          ],
          [
            -5.9937412,
            37.3943324
          ],
          [
            -5.993746,
            37.3944036
          ]
        ]
      },
      "properties": {
        "highway": "pedestrian",
        "name": "Calle Angostillo",
        "smoothness": "intermediate",
        "surface": "paving_stones"
      }
    }
  ]
}